provinsi,nama_daerah,tingkat,tahun,p0,jumlah_ribu
Aceh,ACEH BARAT,kabkota,2004,35.65,57.0
Aceh,ACEH BARAT,kabkota,2005,34.78,53.3
Aceh,ACEH BARAT,kabkota,2006,34.54,52.5
Aceh,ACEH BARAT,kabkota,2007,32.63,48.2
Aceh,ACEH BARAT,kabkota,2008,29.96,43.7
Aceh,ACEH BARAT,kabkota,2009,27.09,40.4
Aceh,ACEH BARAT,kabkota,2010,24.42,42.4
Aceh,ACEH BARAT,kabkota,2011,23.81,42.5
Aceh,ACEH BARAT,kabkota,2012,22.76,41.6
Aceh,ACEH BARAT,kabkota,2013,23.7,44.3
Aceh,ACEH BARAT,kabkota,2014,22.97,43.9
Aceh,ACEH BARAT,kabkota,2015,21.46,41.36
Aceh,ACEH BARAT,kabkota,2016,20.38,40.11
Aceh,ACEH BARAT,kabkota,2017,20.28,40.72
Aceh,ACEH BARAT,kabkota,2018,19.31,39.56
Aceh,ACEH BARAT,kabkota,2019,18.79,39.29
Aceh,ACEH BARAT,kabkota,2020,18.34,39.06
Aceh,ACEH BARAT,kabkota,2021,18.81,39.83
Aceh,ACEH BARAT,kabkota,2022,17.93,38.46
Aceh,ACEH BARAT,kabkota,2023,17.86,38.84
Aceh,ACEH BARAT,kabkota,2024,17.6,38.79
Aceh,ACEH BARAT,kabkota,2025,15.5,34.55
Aceh,ACEH BARAT DAYA,kabkota,2004,27.98,31.0
Aceh,ACEH BARAT DAYA,kabkota,2005,27.71,32.8
Aceh,ACEH BARAT DAYA,kabkota,2006,28.3,33.0
Aceh,ACEH BARAT DAYA,kabkota,2007,28.63,33.5
Aceh,ACEH BARAT DAYA,kabkota,2008,23.42,27.4
Aceh,ACEH BARAT DAYA,kabkota,2009,21.33,25.0
Aceh,ACEH BARAT DAYA,kabkota,2010,19.93,25.2
Aceh,ACEH BARAT DAYA,kabkota,2011,19.49,25.3
Aceh,ACEH BARAT DAYA,kabkota,2012,18.51,24.7
Aceh,ACEH BARAT DAYA,kabkota,2013,18.92,25.7
Aceh,ACEH BARAT DAYA,kabkota,2014,17.99,25.0
Aceh,ACEH BARAT DAYA,kabkota,2015,18.25,25.93
Aceh,ACEH BARAT DAYA,kabkota,2016,18.03,25.73
Aceh,ACEH BARAT DAYA,kabkota,2017,18.31,26.57
Aceh,ACEH BARAT DAYA,kabkota,2018,17.1,25.23
Aceh,ACEH BARAT DAYA,kabkota,2019,16.26,24.36
Aceh,ACEH BARAT DAYA,kabkota,2020,15.93,24.21
Aceh,ACEH BARAT DAYA,kabkota,2021,16.34,25.06
Aceh,ACEH BARAT DAYA,kabkota,2022,15.44,24.0
Aceh,ACEH BARAT DAYA,kabkota,2023,15.43,24.31
Aceh,ACEH BARAT DAYA,kabkota,2024,15.32,24.44
Aceh,ACEH BARAT DAYA,kabkota,2025,13.3,21.47
Aceh,ACEH BESAR,kabkota,2004,29.89,89.9
Aceh,ACEH BESAR,kabkota,2005,28.81,86.7
Aceh,ACEH BESAR,kabkota,2006,28.66,86.3
Aceh,ACEH BESAR,kabkota,2007,26.69,79.1
Aceh,ACEH BESAR,kabkota,2008,21.52,63.5
Aceh,ACEH BESAR,kabkota,2009,20.09,59.0
Aceh,ACEH BESAR,kabkota,2010,18.8,66.2
Aceh,ACEH BESAR,kabkota,2011,18.36,66.3
Aceh,ACEH BESAR,kabkota,2012,17.5,64.9
Aceh,ACEH BESAR,kabkota,2013,16.88,63.9
Aceh,ACEH BESAR,kabkota,2014,16.13,62.4
Aceh,ACEH BESAR,kabkota,2015,15.93,62.27
Aceh,ACEH BESAR,kabkota,2016,15.55,62.03
Aceh,ACEH BESAR,kabkota,2017,15.41,62.72
Aceh,ACEH BESAR,kabkota,2018,14.47,60.08
Aceh,ACEH BESAR,kabkota,2019,13.92,58.9
Aceh,ACEH BESAR,kabkota,2020,13.84,59.7
Aceh,ACEH BESAR,kabkota,2021,14.05,60.26
Aceh,ACEH BESAR,kabkota,2022,13.38,58.18
Aceh,ACEH BESAR,kabkota,2023,13.38,58.94
Aceh,ACEH BESAR,kabkota,2024,13.21,58.98
Aceh,ACEH BESAR,kabkota,2025,11.05,49.9
Aceh,ACEH JAYA,kabkota,2004,31.6,24.9
Aceh,ACEH JAYA,kabkota,2005,30.65,18.7
Aceh,ACEH JAYA,kabkota,2006,30.42,18.6
Aceh,ACEH JAYA,kabkota,2007,29.28,19.5
Aceh,ACEH JAYA,kabkota,2008,23.86,17.2
Aceh,ACEH JAYA,kabkota,2009,21.86,17.1
Aceh,ACEH JAYA,kabkota,2010,20.17,15.6
Aceh,ACEH JAYA,kabkota,2011,19.8,15.6
Aceh,ACEH JAYA,kabkota,2012,18.3,14.8
Aceh,ACEH JAYA,kabkota,2013,17.53,14.6
Aceh,ACEH JAYA,kabkota,2014,16.52,14.2
Aceh,ACEH JAYA,kabkota,2015,15.93,13.85
Aceh,ACEH JAYA,kabkota,2016,15.01,13.1
Aceh,ACEH JAYA,kabkota,2017,14.85,13.23
Aceh,ACEH JAYA,kabkota,2018,14.16,12.85
Aceh,ACEH JAYA,kabkota,2019,13.36,12.35
Aceh,ACEH JAYA,kabkota,2020,12.87,12.11
Aceh,ACEH JAYA,kabkota,2021,13.23,12.63
Aceh,ACEH JAYA,kabkota,2022,12.51,12.13
Aceh,ACEH JAYA,kabkota,2023,12.42,12.22
Aceh,ACEH JAYA,kabkota,2024,12.25,12.24
Aceh,ACEH JAYA,kabkota,2025,10.37,10.5
Aceh,ACEH SELATAN,kabkota,2004,27.56,51.1
Aceh,ACEH SELATAN,kabkota,2005,26.43,51.3
Aceh,ACEH SELATAN,kabkota,2006,24.58,47.5
Aceh,ACEH SELATAN,kabkota,2007,24.72,49.8
Aceh,ACEH SELATAN,kabkota,2008,19.4,38.8
Aceh,ACEH SELATAN,kabkota,2009,17.5,35.4
Aceh,ACEH SELATAN,kabkota,2010,15.93,32.2
Aceh,ACEH SELATAN,kabkota,2011,15.52,32.3
Aceh,ACEH SELATAN,kabkota,2012,14.8,31.6
Aceh,ACEH SELATAN,kabkota,2013,13.44,29.3
Aceh,ACEH SELATAN,kabkota,2014,12.79,28.4
Aceh,ACEH SELATAN,kabkota,2015,13.24,29.61
Aceh,ACEH SELATAN,kabkota,2016,13.48,30.68
Aceh,ACEH SELATAN,kabkota,2017,14.07,32.51
Aceh,ACEH SELATAN,kabkota,2018,14.01,32.82
Aceh,ACEH SELATAN,kabkota,2019,13.09,31.06
Aceh,ACEH SELATAN,kabkota,2020,12.87,30.91
Aceh,ACEH SELATAN,kabkota,2021,13.18,32.25
Aceh,ACEH SELATAN,kabkota,2022,12.43,30.78
Aceh,ACEH SELATAN,kabkota,2023,12.1,30.36
Aceh,ACEH SELATAN,kabkota,2024,12.02,30.53
Aceh,ACEH SELATAN,kabkota,2025,9.89,25.39
Aceh,ACEH SINGKIL,kabkota,2004,28.85,41.9
Aceh,ACEH SINGKIL,kabkota,2005,28.61,43.1
Aceh,ACEH SINGKIL,kabkota,2006,28.41,43.3
Aceh,ACEH SINGKIL,kabkota,2007,28.54,26.5
Aceh,ACEH SINGKIL,kabkota,2008,23.27,22.2
Aceh,ACEH SINGKIL,kabkota,2009,21.06,20.3
Aceh,ACEH SINGKIL,kabkota,2010,19.38,19.9
Aceh,ACEH SINGKIL,kabkota,2011,18.93,19.9
Aceh,ACEH SINGKIL,kabkota,2012,17.92,19.4
Aceh,ACEH SINGKIL,kabkota,2013,18.73,20.7
Aceh,ACEH SINGKIL,kabkota,2014,17.77,20.0
Aceh,ACEH SINGKIL,kabkota,2015,21.72,24.84
Aceh,ACEH SINGKIL,kabkota,2016,21.6,25.09
Aceh,ACEH SINGKIL,kabkota,2017,22.11,26.27
Aceh,ACEH SINGKIL,kabkota,2018,21.25,25.74
Aceh,ACEH SINGKIL,kabkota,2019,20.78,25.66
Aceh,ACEH SINGKIL,kabkota,2020,20.2,25.43
Aceh,ACEH SINGKIL,kabkota,2021,20.36,25.48
Aceh,ACEH SINGKIL,kabkota,2022,19.18,24.33
Aceh,ACEH SINGKIL,kabkota,2023,19.15,24.62
Aceh,ACEH SINGKIL,kabkota,2024,19.06,24.84
Aceh,ACEH SINGKIL,kabkota,2025,17.07,22.51
Aceh,ACEH TAMIANG,kabkota,2004,25.23,57.7
Aceh,ACEH TAMIANG,kabkota,2005,24.0,57.5
Aceh,ACEH TAMIANG,kabkota,2006,23.89,56.7
Aceh,ACEH TAMIANG,kabkota,2007,22.19,50.8
Aceh,ACEH TAMIANG,kabkota,2008,22.29,50.8
Aceh,ACEH TAMIANG,kabkota,2009,19.96,45.3
Aceh,ACEH TAMIANG,kabkota,2010,17.98,45.2
Aceh,ACEH TAMIANG,kabkota,2011,17.49,45.3
Aceh,ACEH TAMIANG,kabkota,2012,16.7,44.3
Aceh,ACEH TAMIANG,kabkota,2013,15.13,40.8
Aceh,ACEH TAMIANG,kabkota,2014,14.58,39.9
Aceh,ACEH TAMIANG,kabkota,2015,14.57,40.38
Aceh,ACEH TAMIANG,kabkota,2016,14.51,40.88
Aceh,ACEH TAMIANG,kabkota,2017,14.69,42.01
Aceh,ACEH TAMIANG,kabkota,2018,14.21,41.21
Aceh,ACEH TAMIANG,kabkota,2019,13.38,39.35
Aceh,ACEH TAMIANG,kabkota,2020,13.08,38.93
Aceh,ACEH TAMIANG,kabkota,2021,13.34,40.03
Aceh,ACEH TAMIANG,kabkota,2022,12.61,38.25
Aceh,ACEH TAMIANG,kabkota,2023,12.51,38.37
Aceh,ACEH TAMIANG,kabkota,2024,12.17,37.76
Aceh,ACEH TAMIANG,kabkota,2025,10.84,33.96
Aceh,ACEH TENGAH,kabkota,2004,27.93,79.5
Aceh,ACEH TENGAH,kabkota,2005,27.11,44.1
Aceh,ACEH TENGAH,kabkota,2006,26.68,43.6
Aceh,ACEH TENGAH,kabkota,2007,24.41,39.9
Aceh,ACEH TENGAH,kabkota,2008,23.36,40.6
Aceh,ACEH TENGAH,kabkota,2009,21.43,38.2
Aceh,ACEH TENGAH,kabkota,2010,20.09,35.3
Aceh,ACEH TENGAH,kabkota,2011,19.58,35.4
Aceh,ACEH TENGAH,kabkota,2012,18.77,34.7
Aceh,ACEH TENGAH,kabkota,2013,17.76,33.6
Aceh,ACEH TENGAH,kabkota,2014,16.99,32.8
Aceh,ACEH TENGAH,kabkota,2015,17.51,34.26
Aceh,ACEH TENGAH,kabkota,2016,16.64,33.16
Aceh,ACEH TENGAH,kabkota,2017,16.84,34.24
Aceh,ACEH TENGAH,kabkota,2018,15.58,32.31
Aceh,ACEH TENGAH,kabkota,2019,15.5,32.78
Aceh,ACEH TENGAH,kabkota,2020,15.08,32.48
Aceh,ACEH TENGAH,kabkota,2021,15.26,32.72
Aceh,ACEH TENGAH,kabkota,2022,14.5,31.5
Aceh,ACEH TENGAH,kabkota,2023,14.38,31.68
Aceh,ACEH TENGAH,kabkota,2024,14.27,31.85
Aceh,ACEH TENGAH,kabkota,2025,12.29,27.76
Aceh,ACEH TENGGARA,kabkota,2004,23.87,40.0
Aceh,ACEH TENGGARA,kabkota,2005,24.13,41.6
Aceh,ACEH TENGGARA,kabkota,2006,23.56,40.3
Aceh,ACEH TENGGARA,kabkota,2007,21.6,36.3
Aceh,ACEH TENGGARA,kabkota,2008,18.51,30.9
Aceh,ACEH TENGGARA,kabkota,2009,16.77,27.9
Aceh,ACEH TENGGARA,kabkota,2010,16.78,30.1
Aceh,ACEH TENGGARA,kabkota,2011,16.39,30.2
Aceh,ACEH TENGGARA,kabkota,2012,15.63,29.5
Aceh,ACEH TENGGARA,kabkota,2013,14.39,27.8
Aceh,ACEH TENGGARA,kabkota,2014,13.75,27.1
Aceh,ACEH TENGGARA,kabkota,2015,14.91,30.14
Aceh,ACEH TENGGARA,kabkota,2016,14.46,29.39
Aceh,ACEH TENGGARA,kabkota,2017,14.86,30.84
Aceh,ACEH TENGGARA,kabkota,2018,14.29,30.2
Aceh,ACEH TENGGARA,kabkota,2019,13.43,28.93
Aceh,ACEH TENGGARA,kabkota,2020,13.21,28.98
Aceh,ACEH TENGGARA,kabkota,2021,13.41,29.31
Aceh,ACEH TENGGARA,kabkota,2022,12.83,28.42
Aceh,ACEH TENGGARA,kabkota,2023,12.45,27.96
Aceh,ACEH TENGGARA,kabkota,2024,11.99,27.28
Aceh,ACEH TENGGARA,kabkota,2025,9.78,22.52
Aceh,ACEH TIMUR,kabkota,2004,29.98,93.5
Aceh,ACEH TIMUR,kabkota,2005,29.41,90.9
Aceh,ACEH TIMUR,kabkota,2006,29.85,92.2
Aceh,ACEH TIMUR,kabkota,2007,28.15,84.9
Aceh,ACEH TIMUR,kabkota,2008,24.05,76.2
Aceh,ACEH TIMUR,kabkota,2009,21.33,68.3
Aceh,ACEH TIMUR,kabkota,2010,18.42,66.6
Aceh,ACEH TIMUR,kabkota,2011,18.01,66.7
Aceh,ACEH TIMUR,kabkota,2012,17.19,65.4
Aceh,ACEH TIMUR,kabkota,2013,16.59,64.4
Aceh,ACEH TIMUR,kabkota,2014,15.88,63.0
Aceh,ACEH TIMUR,kabkota,2015,15.85,63.48
Aceh,ACEH TIMUR,kabkota,2016,15.06,61.63
Aceh,ACEH TIMUR,kabkota,2017,15.25,63.67
Aceh,ACEH TIMUR,kabkota,2018,14.49,61.64
Aceh,ACEH TIMUR,kabkota,2019,14.47,62.79
Aceh,ACEH TIMUR,kabkota,2020,14.08,62.34
Aceh,ACEH TIMUR,kabkota,2021,14.45,63.69
Aceh,ACEH TIMUR,kabkota,2022,13.91,62.16
Aceh,ACEH TIMUR,kabkota,2023,13.39,60.63
Aceh,ACEH TIMUR,kabkota,2024,13.26,60.86
Aceh,ACEH TIMUR,kabkota,2025,11.24,52.23
Aceh,ACEH UTARA,kabkota,2004,34.21,166.7
Aceh,ACEH UTARA,kabkota,2005,35.14,176.7
Aceh,ACEH UTARA,kabkota,2006,34.98,174.5
Aceh,ACEH UTARA,kabkota,2007,33.16,163.2
Aceh,ACEH UTARA,kabkota,2008,27.56,135.7
Aceh,ACEH UTARA,kabkota,2009,25.29,126.6
Aceh,ACEH UTARA,kabkota,2010,23.43,124.4
Aceh,ACEH UTARA,kabkota,2011,22.89,124.7
Aceh,ACEH UTARA,kabkota,2012,21.89,122.2
Aceh,ACEH UTARA,kabkota,2013,20.34,115.4
Aceh,ACEH UTARA,kabkota,2014,19.58,112.7
Aceh,ACEH UTARA,kabkota,2015,19.2,111.44
Aceh,ACEH UTARA,kabkota,2016,19.46,115.05
Aceh,ACEH UTARA,kabkota,2017,19.78,118.74
Aceh,ACEH UTARA,kabkota,2018,18.27,111.27
Aceh,ACEH UTARA,kabkota,2019,17.39,107.34
Aceh,ACEH UTARA,kabkota,2020,17.02,106.41
Aceh,ACEH UTARA,kabkota,2021,17.43,109.49
Aceh,ACEH UTARA,kabkota,2022,16.86,107.02
Aceh,ACEH UTARA,kabkota,2023,16.64,106.77
Aceh,ACEH UTARA,kabkota,2024,16.11,104.49
Aceh,ACEH UTARA,kabkota,2025,14.27,93.43
Aceh,Aceh,provinsi,2004,28.47,
Aceh,Aceh,provinsi,2005,28.69,
Aceh,Aceh,provinsi,2006,28.28,
Aceh,Aceh,provinsi,2007,26.65,
Aceh,Aceh,provinsi,2008,23.55,962.3
Aceh,Aceh,provinsi,2009,21.61,885.8
Aceh,Aceh,provinsi,2010,19.95,898.4
Aceh,Aceh,provinsi,2011,19.48,900.2
Aceh,Aceh,provinsi,2012,18.58,880.5
Aceh,Aceh,provinsi,2013,17.72,856.9
Aceh,Aceh,provinsi,2014,16.98,837.4
Aceh,Aceh,provinsi,2015,17.08,851.59
Aceh,Aceh,provinsi,2016,16.73,848.44
Aceh,Aceh,provinsi,2017,16.89,872.61
Aceh,Aceh,provinsi,2018,15.97,839.49
Aceh,Aceh,provinsi,2019,15.32,819.44
Aceh,Aceh,provinsi,2020,14.99,814.91
Aceh,Aceh,provinsi,2021,15.33,834.24
Aceh,Aceh,provinsi,2022,14.64,806.82
Aceh,Aceh,provinsi,2023,14.45,806.75
Aceh,Aceh,provinsi,2024,14.23,804.53
Aceh,Aceh,provinsi,2025,12.33,704.69
Aceh,BENER MERIAH,kabkota,2004,,
Aceh,BENER MERIAH,kabkota,2005,28.18,30.7
Aceh,BENER MERIAH,kabkota,2006,27.98,30.2
Aceh,BENER MERIAH,kabkota,2007,26.55,28.1
Aceh,BENER MERIAH,kabkota,2008,29.21,31.3
Aceh,BENER MERIAH,kabkota,2009,26.58,28.6
Aceh,BENER MERIAH,kabkota,2010,26.22,32.1
Aceh,BENER MERIAH,kabkota,2011,25.5,32.2
Aceh,BENER MERIAH,kabkota,2012,24.5,31.6
Aceh,BENER MERIAH,kabkota,2013,23.47,30.9
Aceh,BENER MERIAH,kabkota,2014,22.45,30.2
Aceh,BENER MERIAH,kabkota,2015,21.55,29.31
Aceh,BENER MERIAH,kabkota,2016,21.43,29.82
Aceh,BENER MERIAH,kabkota,2017,21.14,29.98
Aceh,BENER MERIAH,kabkota,2018,20.13,29.08
Aceh,BENER MERIAH,kabkota,2019,19.3,28.45
Aceh,BENER MERIAH,kabkota,2020,18.89,28.38
Aceh,BENER MERIAH,kabkota,2021,19.16,28.69
Aceh,BENER MERIAH,kabkota,2022,18.39,27.93
Aceh,BENER MERIAH,kabkota,2023,18.31,28.19
Aceh,BENER MERIAH,kabkota,2024,18.18,28.37
Aceh,BENER MERIAH,kabkota,2025,16.2,25.59
Aceh,BIREUEN,kabkota,2004,29.25,101.5
Aceh,BIREUEN,kabkota,2005,29.09,104.2
Aceh,BIREUEN,kabkota,2006,29.05,102.9
Aceh,BIREUEN,kabkota,2007,27.18,93.0
Aceh,BIREUEN,kabkota,2008,23.27,79.1
Aceh,BIREUEN,kabkota,2009,21.65,72.9
Aceh,BIREUEN,kabkota,2010,19.5,76.1
Aceh,BIREUEN,kabkota,2011,19.06,76.3
Aceh,BIREUEN,kabkota,2012,18.21,74.8
Aceh,BIREUEN,kabkota,2013,17.65,73.9
Aceh,BIREUEN,kabkota,2014,16.94,72.2
Aceh,BIREUEN,kabkota,2015,16.94,73.14
Aceh,BIREUEN,kabkota,2016,15.95,70.44
Aceh,BIREUEN,kabkota,2017,15.87,71.54
Aceh,BIREUEN,kabkota,2018,14.31,65.74
Aceh,BIREUEN,kabkota,2019,13.56,63.6
Aceh,BIREUEN,kabkota,2020,13.06,62.42
Aceh,BIREUEN,kabkota,2021,13.25,63.02
Aceh,BIREUEN,kabkota,2022,12.51,60.29
Aceh,BIREUEN,kabkota,2023,12.12,59.21
Aceh,BIREUEN,kabkota,2024,12.1,59.93
Aceh,BIREUEN,kabkota,2025,10.3,51.6
Aceh,GAYO LUES,kabkota,2004,32.38,22.0
Aceh,GAYO LUES,kabkota,2005,33.28,24.3
Aceh,GAYO LUES,kabkota,2006,33.51,24.5
Aceh,GAYO LUES,kabkota,2007,32.31,23.1
Aceh,GAYO LUES,kabkota,2008,26.57,18.9
Aceh,GAYO LUES,kabkota,2009,24.22,17.1
Aceh,GAYO LUES,kabkota,2010,23.9,19.1
Aceh,GAYO LUES,kabkota,2011,23.38,19.1
Aceh,GAYO LUES,kabkota,2012,22.3,18.6
Aceh,GAYO LUES,kabkota,2013,22.33,19.0
Aceh,GAYO LUES,kabkota,2014,21.43,18.6
Aceh,GAYO LUES,kabkota,2015,21.95,19.32
Aceh,GAYO LUES,kabkota,2016,21.86,19.48
Aceh,GAYO LUES,kabkota,2017,21.97,19.91
Aceh,GAYO LUES,kabkota,2018,20.7,19.09
Aceh,GAYO LUES,kabkota,2019,19.87,18.63
Aceh,GAYO LUES,kabkota,2020,19.32,18.42
Aceh,GAYO LUES,kabkota,2021,19.64,18.61
Aceh,GAYO LUES,kabkota,2022,18.87,18.09
Aceh,GAYO LUES,kabkota,2023,18.82,18.24
Aceh,GAYO LUES,kabkota,2024,18.3,17.93
Aceh,GAYO LUES,kabkota,2025,16.77,16.59
Aceh,KOTA BANDA ACEH,kabkota,2004,8.89,21.1
Aceh,KOTA BANDA ACEH,kabkota,2005,8.2,14.8
Aceh,KOTA BANDA ACEH,kabkota,2006,8.25,14.7
Aceh,KOTA BANDA ACEH,kabkota,2007,6.61,14.0
Aceh,KOTA BANDA ACEH,kabkota,2008,9.56,19.9
Aceh,KOTA BANDA ACEH,kabkota,2009,8.64,17.3
Aceh,KOTA BANDA ACEH,kabkota,2010,9.19,20.8
Aceh,KOTA BANDA ACEH,kabkota,2011,9.08,20.8
Aceh,KOTA BANDA ACEH,kabkota,2012,8.65,20.4
Aceh,KOTA BANDA ACEH,kabkota,2013,8.03,19.4
Aceh,KOTA BANDA ACEH,kabkota,2014,7.78,19.4
Aceh,KOTA BANDA ACEH,kabkota,2015,7.72,19.3
Aceh,KOTA BANDA ACEH,kabkota,2016,7.41,18.8
Aceh,KOTA BANDA ACEH,kabkota,2017,7.44,19.23
Aceh,KOTA BANDA ACEH,kabkota,2018,7.25,19.13
Aceh,KOTA BANDA ACEH,kabkota,2019,7.22,19.42
Aceh,KOTA BANDA ACEH,kabkota,2020,6.9,18.97
Aceh,KOTA BANDA ACEH,kabkota,2021,7.61,20.95
Aceh,KOTA BANDA ACEH,kabkota,2022,7.13,19.9
Aceh,KOTA BANDA ACEH,kabkota,2023,7.04,19.94
Aceh,KOTA BANDA ACEH,kabkota,2024,6.95,19.97
Aceh,KOTA BANDA ACEH,kabkota,2025,5.45,15.87
Aceh,KOTA LANGSA,kabkota,2004,15.29,20.5
Aceh,KOTA LANGSA,kabkota,2005,14.68,20.6
Aceh,KOTA LANGSA,kabkota,2006,13.95,19.4
Aceh,KOTA LANGSA,kabkota,2007,14.25,19.1
Aceh,KOTA LANGSA,kabkota,2008,17.97,24.0
Aceh,KOTA LANGSA,kabkota,2009,16.2,21.3
Aceh,KOTA LANGSA,kabkota,2010,15.01,22.4
Aceh,KOTA LANGSA,kabkota,2011,14.66,22.4
Aceh,KOTA LANGSA,kabkota,2012,13.93,21.9
Aceh,KOTA LANGSA,kabkota,2013,12.62,20.3
Aceh,KOTA LANGSA,kabkota,2014,12.08,19.8
Aceh,KOTA LANGSA,kabkota,2015,11.62,19.22
Aceh,KOTA LANGSA,kabkota,2016,11.09,18.63
Aceh,KOTA LANGSA,kabkota,2017,11.24,19.2
Aceh,KOTA LANGSA,kabkota,2018,10.79,18.73
Aceh,KOTA LANGSA,kabkota,2019,10.57,18.62
Aceh,KOTA LANGSA,kabkota,2020,10.44,18.65
Aceh,KOTA LANGSA,kabkota,2021,10.96,19.78
Aceh,KOTA LANGSA,kabkota,2022,10.62,19.41
Aceh,KOTA LANGSA,kabkota,2023,10.53,19.5
Aceh,KOTA LANGSA,kabkota,2024,10.33,19.37
Aceh,KOTA LANGSA,kabkota,2025,8.59,16.28
Aceh,KOTA LHOKSEUMAWE,kabkota,2004,14.98,20.7
Aceh,KOTA LHOKSEUMAWE,kabkota,2005,15.57,24.4
Aceh,KOTA LHOKSEUMAWE,kabkota,2006,14.25,22.2
Aceh,KOTA LHOKSEUMAWE,kabkota,2007,12.75,19.4
Aceh,KOTA LHOKSEUMAWE,kabkota,2008,15.87,23.9
Aceh,KOTA LHOKSEUMAWE,kabkota,2009,15.08,22.5
Aceh,KOTA LHOKSEUMAWE,kabkota,2010,14.07,24.1
Aceh,KOTA LHOKSEUMAWE,kabkota,2011,13.73,24.2
Aceh,KOTA LHOKSEUMAWE,kabkota,2012,13.06,23.5
Aceh,KOTA LHOKSEUMAWE,kabkota,2013,12.47,23.0
Aceh,KOTA LHOKSEUMAWE,kabkota,2014,11.93,22.5
Aceh,KOTA LHOKSEUMAWE,kabkota,2015,12.16,23.15
Aceh,KOTA LHOKSEUMAWE,kabkota,2016,11.98,23.28
Aceh,KOTA LHOKSEUMAWE,kabkota,2017,12.32,24.4
Aceh,KOTA LHOKSEUMAWE,kabkota,2018,11.81,23.88
Aceh,KOTA LHOKSEUMAWE,kabkota,2019,11.18,23.05
Aceh,KOTA LHOKSEUMAWE,kabkota,2020,10.8,22.69
Aceh,KOTA LHOKSEUMAWE,kabkota,2021,11.16,23.38
Aceh,KOTA LHOKSEUMAWE,kabkota,2022,10.84,23.03
Aceh,KOTA LHOKSEUMAWE,kabkota,2023,10.73,23.1
Aceh,KOTA LHOKSEUMAWE,kabkota,2024,10.44,22.77
Aceh,KOTA LHOKSEUMAWE,kabkota,2025,9.01,19.9
Aceh,KOTA SABANG,kabkota,2004,31.46,8.9
Aceh,KOTA SABANG,kabkota,2005,29.17,8.6
Aceh,KOTA SABANG,kabkota,2006,28.56,8.3
Aceh,KOTA SABANG,kabkota,2007,27.13,7.8
Aceh,KOTA SABANG,kabkota,2008,25.72,7.1
Aceh,KOTA SABANG,kabkota,2009,23.89,6.5
Aceh,KOTA SABANG,kabkota,2010,21.68,6.7
Aceh,KOTA SABANG,kabkota,2011,21.31,6.7
Aceh,KOTA SABANG,kabkota,2012,20.51,6.5
Aceh,KOTA SABANG,kabkota,2013,18.31,5.9
Aceh,KOTA SABANG,kabkota,2014,17.02,5.6
Aceh,KOTA SABANG,kabkota,2015,17.69,5.86
Aceh,KOTA SABANG,kabkota,2016,17.33,5.81
Aceh,KOTA SABANG,kabkota,2017,17.66,5.98
Aceh,KOTA SABANG,kabkota,2018,16.31,5.62
Aceh,KOTA SABANG,kabkota,2019,15.6,5.43
Aceh,KOTA SABANG,kabkota,2020,14.94,5.27
Aceh,KOTA SABANG,kabkota,2021,15.32,5.33
Aceh,KOTA SABANG,kabkota,2022,14.66,5.14
Aceh,KOTA SABANG,kabkota,2023,14.59,5.14
Aceh,KOTA SABANG,kabkota,2024,14.58,5.17
Aceh,KOTA SABANG,kabkota,2025,12.75,4.55
Aceh,KOTA SUBULUSSALAM,kabkota,2004,,
Aceh,KOTA SUBULUSSALAM,kabkota,2005,,
Aceh,KOTA SUBULUSSALAM,kabkota,2006,,
Aceh,KOTA SUBULUSSALAM,kabkota,2007,30.16,18.7
Aceh,KOTA SUBULUSSALAM,kabkota,2008,28.99,17.7
Aceh,KOTA SUBULUSSALAM,kabkota,2009,26.8,16.8
Aceh,KOTA SUBULUSSALAM,kabkota,2010,24.33,16.5
Aceh,KOTA SUBULUSSALAM,kabkota,2011,23.85,16.5
Aceh,KOTA SUBULUSSALAM,kabkota,2012,22.63,16.1
Aceh,KOTA SUBULUSSALAM,kabkota,2013,20.69,15.0
Aceh,KOTA SUBULUSSALAM,kabkota,2014,19.72,14.6
Aceh,KOTA SUBULUSSALAM,kabkota,2015,20.39,15.25
Aceh,KOTA SUBULUSSALAM,kabkota,2016,19.57,14.99
Aceh,KOTA SUBULUSSALAM,kabkota,2017,19.71,15.44
Aceh,KOTA SUBULUSSALAM,kabkota,2018,18.51,14.78
Aceh,KOTA SUBULUSSALAM,kabkota,2019,17.95,14.56
Aceh,KOTA SUBULUSSALAM,kabkota,2020,17.6,14.46
Aceh,KOTA SUBULUSSALAM,kabkota,2021,17.65,14.46
Aceh,KOTA SUBULUSSALAM,kabkota,2022,16.94,14.06
Aceh,KOTA SUBULUSSALAM,kabkota,2023,16.41,13.8
Aceh,KOTA SUBULUSSALAM,kabkota,2024,16.38,13.95
Aceh,KOTA SUBULUSSALAM,kabkota,2025,13.88,11.95
Aceh,NAGAN RAYA,kabkota,2004,35.54,39.6
Aceh,NAGAN RAYA,kabkota,2005,35.44,44.9
Aceh,NAGAN RAYA,kabkota,2006,35.25,43.7
Aceh,NAGAN RAYA,kabkota,2007,33.61,40.0
Aceh,NAGAN RAYA,kabkota,2008,28.11,33.2
Aceh,NAGAN RAYA,kabkota,2009,26.22,30.9
Aceh,NAGAN RAYA,kabkota,2010,24.06,33.5
Aceh,NAGAN RAYA,kabkota,2011,23.38,33.6
Aceh,NAGAN RAYA,kabkota,2012,22.27,32.8
Aceh,NAGAN RAYA,kabkota,2013,21.75,32.7
Aceh,NAGAN RAYA,kabkota,2014,20.85,31.9
Aceh,NAGAN RAYA,kabkota,2015,20.13,31.32
Aceh,NAGAN RAYA,kabkota,2016,19.25,30.31
Aceh,NAGAN RAYA,kabkota,2017,19.34,31.06
Aceh,NAGAN RAYA,kabkota,2018,18.97,31.06
Aceh,NAGAN RAYA,kabkota,2019,17.97,29.93
Aceh,NAGAN RAYA,kabkota,2020,17.7,29.99
Aceh,NAGAN RAYA,kabkota,2021,18.23,30.71
Aceh,NAGAN RAYA,kabkota,2022,17.38,29.63
Aceh,NAGAN RAYA,kabkota,2023,17.25,29.78
Aceh,NAGAN RAYA,kabkota,2024,16.94,29.6
Aceh,NAGAN RAYA,kabkota,2025,15.42,27.24
Aceh,PIDIE,kabkota,2004,35.24,165.5
Aceh,PIDIE,kabkota,2005,35.27,170.4
Aceh,PIDIE,kabkota,2006,35.32,168.6
Aceh,PIDIE,kabkota,2007,33.31,120.3
Aceh,PIDIE,kabkota,2008,28.11,101.8
Aceh,PIDIE,kabkota,2009,25.87,93.8
Aceh,PIDIE,kabkota,2010,23.8,90.2
Aceh,PIDIE,kabkota,2011,23.19,90.4
Aceh,PIDIE,kabkota,2012,22.12,88.3
Aceh,PIDIE,kabkota,2013,21.12,85.8
Aceh,PIDIE,kabkota,2014,20.29,83.7
Aceh,PIDIE,kabkota,2015,21.18,88.22
Aceh,PIDIE,kabkota,2016,21.25,90.16
Aceh,PIDIE,kabkota,2017,21.43,92.34
Aceh,PIDIE,kabkota,2018,20.47,89.53
Aceh,PIDIE,kabkota,2019,19.46,86.29
Aceh,PIDIE,kabkota,2020,19.23,86.39
Aceh,PIDIE,kabkota,2021,19.59,88.53
Aceh,PIDIE,kabkota,2022,18.79,85.87
Aceh,PIDIE,kabkota,2023,18.78,86.79
Aceh,PIDIE,kabkota,2024,18.59,86.89
Aceh,PIDIE,kabkota,2025,16.46,77.7
Aceh,PIDIE JAYA,kabkota,2004,,
Aceh,PIDIE JAYA,kabkota,2005,,
Aceh,PIDIE JAYA,kabkota,2006,,
Aceh,PIDIE JAYA,kabkota,2007,35.0,43.3
Aceh,PIDIE JAYA,kabkota,2008,30.26,37.7
Aceh,PIDIE JAYA,kabkota,2009,27.97,35.6
Aceh,PIDIE JAYA,kabkota,2010,26.07,34.7
Aceh,PIDIE JAYA,kabkota,2011,25.43,34.8
Aceh,PIDIE JAYA,kabkota,2012,24.35,34.2
Aceh,PIDIE JAYA,kabkota,2013,22.7,32.6
Aceh,PIDIE JAYA,kabkota,2014,21.78,31.9
Aceh,PIDIE JAYA,kabkota,2015,21.4,31.81
Aceh,PIDIE JAYA,kabkota,2016,21.18,31.94
Aceh,PIDIE JAYA,kabkota,2017,21.82,33.6
Aceh,PIDIE JAYA,kabkota,2018,20.17,31.72
Aceh,PIDIE JAYA,kabkota,2019,19.31,30.97
Aceh,PIDIE JAYA,kabkota,2020,19.19,31.39
Aceh,PIDIE JAYA,kabkota,2021,19.55,31.79
Aceh,PIDIE JAYA,kabkota,2022,18.45,30.41
Aceh,PIDIE JAYA,kabkota,2023,18.4,30.74
Aceh,PIDIE JAYA,kabkota,2024,18.28,30.95
Aceh,PIDIE JAYA,kabkota,2025,16.12,27.62
Aceh,SIMEULUE,kabkota,2004,34.26,24.3
Aceh,SIMEULUE,kabkota,2005,33.39,26.6
Aceh,SIMEULUE,kabkota,2006,33.8,26.9
Aceh,SIMEULUE,kabkota,2007,32.26,25.1
Aceh,SIMEULUE,kabkota,2008,26.45,20.6
Aceh,SIMEULUE,kabkota,2009,24.72,19.1
Aceh,SIMEULUE,kabkota,2010,23.61,19.0
Aceh,SIMEULUE,kabkota,2011,22.96,19.0
Aceh,SIMEULUE,kabkota,2012,21.88,18.6
Aceh,SIMEULUE,kabkota,2013,20.57,17.8
Aceh,SIMEULUE,kabkota,2014,19.92,17.5
Aceh,SIMEULUE,kabkota,2015,20.43,18.12
Aceh,SIMEULUE,kabkota,2016,19.93,17.93
Aceh,SIMEULUE,kabkota,2017,20.2,18.4
Aceh,SIMEULUE,kabkota,2018,19.78,18.22
Aceh,SIMEULUE,kabkota,2019,18.99,17.67
Aceh,SIMEULUE,kabkota,2020,18.49,17.34
Aceh,SIMEULUE,kabkota,2021,18.98,18.25
Aceh,SIMEULUE,kabkota,2022,18.37,17.86
Aceh,SIMEULUE,kabkota,2023,17.92,17.62
Aceh,SIMEULUE,kabkota,2024,17.69,17.59
Aceh,SIMEULUE,kabkota,2025,15.52,15.58
Bali,BADUNG,kabkota,2004,5.0,20.5
Bali,BADUNG,kabkota,2005,5.25,22.0
Bali,BADUNG,kabkota,2006,4.57,18.2
Bali,BADUNG,kabkota,2007,4.28,17.4
Bali,BADUNG,kabkota,2008,3.28,13.7
Bali,BADUNG,kabkota,2009,3.28,14.0
Bali,BADUNG,kabkota,2010,3.23,17.7
Bali,BADUNG,kabkota,2011,2.62,14.6
Bali,BADUNG,kabkota,2012,2.16,12.5
Bali,BADUNG,kabkota,2013,2.46,14.5
Bali,BADUNG,kabkota,2014,2.54,15.4
Bali,BADUNG,kabkota,2015,2.33,14.4
Bali,BADUNG,kabkota,2016,2.06,12.91
Bali,BADUNG,kabkota,2017,2.06,13.16
Bali,BADUNG,kabkota,2018,1.98,12.97
Bali,BADUNG,kabkota,2019,1.78,11.89
Bali,BADUNG,kabkota,2020,2.02,13.75
Bali,BADUNG,kabkota,2021,2.62,18.52
Bali,BADUNG,kabkota,2022,2.53,18.28
Bali,BADUNG,kabkota,2023,2.3,17.01
Bali,BADUNG,kabkota,2024,2.23,16.87
Bali,BADUNG,kabkota,2025,1.9,14.66
Bali,BANGLI,kabkota,2004,6.25,13.1
Bali,BANGLI,kabkota,2005,6.69,14.1
Bali,BANGLI,kabkota,2006,7.87,16.7
Bali,BANGLI,kabkota,2007,7.48,15.9
Bali,BANGLI,kabkota,2008,6.12,13.3
Bali,BANGLI,kabkota,2009,5.18,11.4
Bali,BANGLI,kabkota,2010,6.41,13.8
Bali,BANGLI,kabkota,2011,5.16,11.4
Bali,BANGLI,kabkota,2012,4.52,9.9
Bali,BANGLI,kabkota,2013,5.45,12.0
Bali,BANGLI,kabkota,2014,5.86,13.0
Bali,BANGLI,kabkota,2015,5.73,12.74
Bali,BANGLI,kabkota,2016,5.22,11.66
Bali,BANGLI,kabkota,2017,5.23,11.76
Bali,BANGLI,kabkota,2018,4.89,11.05
Bali,BANGLI,kabkota,2019,4.44,10.08
Bali,BANGLI,kabkota,2020,4.19,9.56
Bali,BANGLI,kabkota,2021,5.09,11.68
Bali,BANGLI,kabkota,2022,5.28,12.17
Bali,BANGLI,kabkota,2023,5.28,12.24
Bali,BANGLI,kabkota,2024,5.06,11.79
Bali,BANGLI,kabkota,2025,4.83,11.28
Bali,BULELENG,kabkota,2004,10.13,61.8
Bali,BULELENG,kabkota,2005,9.2,55.6
Bali,BULELENG,kabkota,2006,9.18,56.1
Bali,BULELENG,kabkota,2007,8.68,53.4
Bali,BULELENG,kabkota,2008,7.45,46.6
Bali,BULELENG,kabkota,2009,5.95,37.7
Bali,BULELENG,kabkota,2010,7.35,45.9
Bali,BULELENG,kabkota,2011,5.93,37.9
Bali,BULELENG,kabkota,2012,5.19,33.0
Bali,BULELENG,kabkota,2013,6.31,40.3
Bali,BULELENG,kabkota,2014,6.79,43.7
Bali,BULELENG,kabkota,2015,6.74,43.43
Bali,BULELENG,kabkota,2016,5.79,37.55
Bali,BULELENG,kabkota,2017,5.74,37.48
Bali,BULELENG,kabkota,2018,5.36,35.2
Bali,BULELENG,kabkota,2019,5.19,34.26
Bali,BULELENG,kabkota,2020,5.32,35.25
Bali,BULELENG,kabkota,2021,6.12,40.92
Bali,BULELENG,kabkota,2022,6.21,41.68
Bali,BULELENG,kabkota,2023,5.85,39.52
Bali,BULELENG,kabkota,2024,5.39,36.55
Bali,BULELENG,kabkota,2025,5.2,35.39
Bali,Bali,provinsi,2004,6.85,231.9
Bali,Bali,provinsi,2005,6.72,228.4
Bali,Bali,provinsi,2006,7.08,243.5
Bali,Bali,provinsi,2007,6.63,229.1
Bali,Bali,provinsi,2008,5.85,205.7
Bali,Bali,provinsi,2009,4.88,173.6
Bali,Bali,provinsi,2010,5.67,221.6
Bali,Bali,provinsi,2011,4.59,183.1
Bali,Bali,provinsi,2012,3.95,158.9
Bali,Bali,provinsi,2013,4.49,182.8
Bali,Bali,provinsi,2014,4.76,196.0
Bali,Bali,provinsi,2015,4.74,196.71
Bali,Bali,provinsi,2016,4.25,178.18
Bali,Bali,provinsi,2017,4.25,180.13
Bali,Bali,provinsi,2018,4.01,171.76
Bali,Bali,provinsi,2019,3.79,163.85
Bali,Bali,provinsi,2020,3.78,165.19
Bali,Bali,provinsi,2021,4.53,201.97
Bali,Bali,provinsi,2022,4.57,205.69
Bali,Bali,provinsi,2023,4.25,193.78
Bali,Bali,provinsi,2024,4.0,184.43
Bali,Bali,provinsi,2025,3.72,173.24
Bali,GIANYAR,kabkota,2004,7.22,30.5
Bali,GIANYAR,kabkota,2005,5.09,21.6
Bali,GIANYAR,kabkota,2006,6.33,27.1
Bali,GIANYAR,kabkota,2007,5.98,25.8
Bali,GIANYAR,kabkota,2008,6.61,28.9
Bali,GIANYAR,kabkota,2009,5.76,25.5
Bali,GIANYAR,kabkota,2010,6.68,31.5
Bali,GIANYAR,kabkota,2011,5.4,26.0
Bali,GIANYAR,kabkota,2012,4.69,22.6
Bali,GIANYAR,kabkota,2013,4.27,20.8
Bali,GIANYAR,kabkota,2014,4.57,22.5
Bali,GIANYAR,kabkota,2015,4.61,22.89
Bali,GIANYAR,kabkota,2016,4.44,22.13
Bali,GIANYAR,kabkota,2017,4.46,22.42
Bali,GIANYAR,kabkota,2018,4.19,21.26
Bali,GIANYAR,kabkota,2019,3.88,19.85
Bali,GIANYAR,kabkota,2020,4.08,21.01
Bali,GIANYAR,kabkota,2021,4.85,25.36
Bali,GIANYAR,kabkota,2022,4.7,24.74
Bali,GIANYAR,kabkota,2023,4.47,23.76
Bali,GIANYAR,kabkota,2024,4.0,21.45
Bali,GIANYAR,kabkota,2025,3.71,20.0
Bali,JEMBRANA,kabkota,2004,7.04,17.7
Bali,JEMBRANA,kabkota,2005,9.11,22.9
Bali,JEMBRANA,kabkota,2006,10.49,26.3
Bali,JEMBRANA,kabkota,2007,9.92,25.0
Bali,JEMBRANA,kabkota,2008,7.97,20.4
Bali,JEMBRANA,kabkota,2009,6.8,17.6
Bali,JEMBRANA,kabkota,2010,8.11,21.3
Bali,JEMBRANA,kabkota,2011,6.56,17.6
Bali,JEMBRANA,kabkota,2012,5.74,15.3
Bali,JEMBRANA,kabkota,2013,5.56,14.9
Bali,JEMBRANA,kabkota,2014,5.83,15.8
Bali,JEMBRANA,kabkota,2015,5.84,15.83
Bali,JEMBRANA,kabkota,2016,5.33,14.53
Bali,JEMBRANA,kabkota,2017,5.38,14.78
Bali,JEMBRANA,kabkota,2018,5.2,14.35
Bali,JEMBRANA,kabkota,2019,4.88,13.55
Bali,JEMBRANA,kabkota,2020,4.51,12.6
Bali,JEMBRANA,kabkota,2021,5.06,14.24
Bali,JEMBRANA,kabkota,2022,5.3,15.0
Bali,JEMBRANA,kabkota,2023,4.96,14.12
Bali,JEMBRANA,kabkota,2024,4.51,12.9
Bali,JEMBRANA,kabkota,2025,4.33,12.45
Bali,KARANGASEM,kabkota,2004,6.51,25.9
Bali,KARANGASEM,kabkota,2005,7.67,30.3
Bali,KARANGASEM,kabkota,2006,9.42,35.8
Bali,KARANGASEM,kabkota,2007,8.95,34.1
Bali,KARANGASEM,kabkota,2008,7.67,29.5
Bali,KARANGASEM,kabkota,2009,6.37,24.7
Bali,KARANGASEM,kabkota,2010,7.95,31.6
Bali,KARANGASEM,kabkota,2011,6.43,26.1
Bali,KARANGASEM,kabkota,2012,5.63,22.7
Bali,KARANGASEM,kabkota,2013,6.88,27.8
Bali,KARANGASEM,kabkota,2014,7.3,29.7
Bali,KARANGASEM,kabkota,2015,7.44,30.33
Bali,KARANGASEM,kabkota,2016,6.61,27.12
Bali,KARANGASEM,kabkota,2017,6.55,27.02
Bali,KARANGASEM,kabkota,2018,6.28,26.02
Bali,KARANGASEM,kabkota,2019,6.25,25.99
Bali,KARANGASEM,kabkota,2020,5.91,24.69
Bali,KARANGASEM,kabkota,2021,6.78,28.52
Bali,KARANGASEM,kabkota,2022,6.98,29.45
Bali,KARANGASEM,kabkota,2023,6.56,27.83
Bali,KARANGASEM,kabkota,2024,6.52,27.76
Bali,KARANGASEM,kabkota,2025,6.4,27.32
Bali,KLUNGKUNG,kabkota,2004,7.55,12.4
Bali,KLUNGKUNG,kabkota,2005,8.15,13.3
Bali,KLUNGKUNG,kabkota,2006,9.52,15.7
Bali,KLUNGKUNG,kabkota,2007,9.14,15.0
Bali,KLUNGKUNG,kabkota,2008,7.03,11.7
Bali,KLUNGKUNG,kabkota,2009,5.23,8.8
Bali,KLUNGKUNG,kabkota,2010,7.58,12.9
Bali,KLUNGKUNG,kabkota,2011,6.1,10.7
Bali,KLUNGKUNG,kabkota,2012,5.37,9.3
Bali,KLUNGKUNG,kabkota,2013,7.01,12.2
Bali,KLUNGKUNG,kabkota,2014,7.01,12.3
Bali,KLUNGKUNG,kabkota,2015,6.91,12.11
Bali,KLUNGKUNG,kabkota,2016,6.35,11.21
Bali,KLUNGKUNG,kabkota,2017,6.29,11.15
Bali,KLUNGKUNG,kabkota,2018,5.86,10.43
Bali,KLUNGKUNG,kabkota,2019,5.4,9.66
Bali,KLUNGKUNG,kabkota,2020,4.87,8.76
Bali,KLUNGKUNG,kabkota,2021,5.64,10.19
Bali,KLUNGKUNG,kabkota,2022,6.07,10.89
Bali,KLUNGKUNG,kabkota,2023,5.61,10.22
Bali,KLUNGKUNG,kabkota,2024,5.3,9.68
Bali,KLUNGKUNG,kabkota,2025,5.18,9.48
Bali,KOTA DENPASAR,kabkota,2004,2.95,15.1
Bali,KOTA DENPASAR,kabkota,2005,2.16,11.4
Bali,KOTA DENPASAR,kabkota,2006,2.69,15.7
Bali,KOTA DENPASAR,kabkota,2007,2.1,12.3
Bali,KOTA DENPASAR,kabkota,2008,2.19,13.1
Bali,KOTA DENPASAR,kabkota,2009,2.2,13.3
Bali,KOTA DENPASAR,kabkota,2010,2.21,17.5
Bali,KOTA DENPASAR,kabkota,2011,1.79,14.5
Bali,KOTA DENPASAR,kabkota,2012,1.52,12.7
Bali,KOTA DENPASAR,kabkota,2013,2.07,17.6
Bali,KOTA DENPASAR,kabkota,2014,2.21,19.2
Bali,KOTA DENPASAR,kabkota,2015,2.39,20.94
Bali,KOTA DENPASAR,kabkota,2016,2.15,19.17
Bali,KOTA DENPASAR,kabkota,2017,2.27,20.7
Bali,KOTA DENPASAR,kabkota,2018,2.24,20.72
Bali,KOTA DENPASAR,kabkota,2019,2.1,19.83
Bali,KOTA DENPASAR,kabkota,2020,2.14,20.48
Bali,KOTA DENPASAR,kabkota,2021,2.96,29.41
Bali,KOTA DENPASAR,kabkota,2022,2.97,30.02
Bali,KOTA DENPASAR,kabkota,2023,2.68,27.69
Bali,KOTA DENPASAR,kabkota,2024,2.59,27.27
Bali,KOTA DENPASAR,kabkota,2025,2.16,23.2
Bali,TABANAN,kabkota,2004,8.59,34.8
Bali,TABANAN,kabkota,2005,9.23,37.2
Bali,TABANAN,kabkota,2006,7.84,31.8
Bali,TABANAN,kabkota,2007,7.46,30.2
Bali,TABANAN,kabkota,2008,6.92,28.5
Bali,TABANAN,kabkota,2009,4.99,20.8
Bali,TABANAN,kabkota,2010,6.96,29.3
Bali,TABANAN,kabkota,2011,5.62,24.2
Bali,TABANAN,kabkota,2012,4.9,21.0
Bali,TABANAN,kabkota,2013,5.21,22.5
Bali,TABANAN,kabkota,2014,5.61,24.4
Bali,TABANAN,kabkota,2015,5.52,24.05
Bali,TABANAN,kabkota,2016,5.0,21.9
Bali,TABANAN,kabkota,2017,4.92,21.66
Bali,TABANAN,kabkota,2018,4.46,19.77
Bali,TABANAN,kabkota,2019,4.21,18.74
Bali,TABANAN,kabkota,2020,4.27,19.11
Bali,TABANAN,kabkota,2021,5.12,23.11
Bali,TABANAN,kabkota,2022,5.18,23.46
Bali,TABANAN,kabkota,2023,4.7,21.42
Bali,TABANAN,kabkota,2024,4.4,20.16
Bali,TABANAN,kabkota,2025,4.23,19.45
Banten,Banten,provinsi,2004,8.58,779.2
Banten,Banten,provinsi,2005,8.86,830.5
Banten,Banten,provinsi,2006,9.79,904.3
Banten,Banten,provinsi,2007,9.07,886.2
Banten,Banten,provinsi,2008,8.2,830.4
Banten,Banten,provinsi,2009,7.46,775.8
Banten,Banten,provinsi,2010,7.02,751.0
Banten,Banten,provinsi,2011,6.26,690.9
Banten,Banten,provinsi,2012,5.71,642.9
Banten,Banten,provinsi,2013,5.89,677.5
Banten,Banten,provinsi,2014,5.51,649.2
Banten,Banten,provinsi,2015,5.9,702.4
Banten,Banten,provinsi,2016,5.42,658.11
Banten,Banten,provinsi,2017,5.45,675.04
Banten,Banten,provinsi,2018,5.24,661.36
Banten,Banten,provinsi,2019,5.09,654.46
Banten,Banten,provinsi,2020,5.92,775.99
Banten,Banten,provinsi,2021,6.66,867.23
Banten,Banten,provinsi,2022,6.16,814.02
Banten,Banten,provinsi,2023,6.17,826.13
Banten,Banten,provinsi,2024,5.84,791.61
Banten,Banten,provinsi,2025,5.63,772.78
Banten,KOTA CILEGON,kabkota,2004,4.42,14.5
Banten,KOTA CILEGON,kabkota,2005,5.55,18.7
Banten,KOTA CILEGON,kabkota,2006,4.99,16.6
Banten,KOTA CILEGON,kabkota,2007,4.71,16.5
Banten,KOTA CILEGON,kabkota,2008,3.95,14.3
Banten,KOTA CILEGON,kabkota,2009,4.14,15.4
Banten,KOTA CILEGON,kabkota,2010,4.46,16.8
Banten,KOTA CILEGON,kabkota,2011,3.98,15.5
Banten,KOTA CILEGON,kabkota,2012,3.82,15.0
Banten,KOTA CILEGON,kabkota,2013,3.99,15.9
Banten,KOTA CILEGON,kabkota,2014,3.81,15.5
Banten,KOTA CILEGON,kabkota,2015,4.1,16.96
Banten,KOTA CILEGON,kabkota,2016,3.57,14.9
Banten,KOTA CILEGON,kabkota,2017,3.52,14.89
Banten,KOTA CILEGON,kabkota,2018,3.25,13.96
Banten,KOTA CILEGON,kabkota,2019,3.03,13.2
Banten,KOTA CILEGON,kabkota,2020,3.69,16.31
Banten,KOTA CILEGON,kabkota,2021,4.24,18.89
Banten,KOTA CILEGON,kabkota,2022,3.64,16.46
Banten,KOTA CILEGON,kabkota,2023,3.98,18.2
Banten,KOTA CILEGON,kabkota,2024,3.75,17.31
Banten,KOTA CILEGON,kabkota,2025,3.44,16.05
Banten,KOTA SERANG,kabkota,2004,,
Banten,KOTA SERANG,kabkota,2005,,
Banten,KOTA SERANG,kabkota,2006,,
Banten,KOTA SERANG,kabkota,2007,,
Banten,KOTA SERANG,kabkota,2008,,
Banten,KOTA SERANG,kabkota,2009,6.19,32.8
Banten,KOTA SERANG,kabkota,2010,7.02,40.7
Banten,KOTA SERANG,kabkota,2011,6.25,37.4
Banten,KOTA SERANG,kabkota,2012,5.7,34.7
Banten,KOTA SERANG,kabkota,2013,5.92,36.7
Banten,KOTA SERANG,kabkota,2014,5.7,36.2
Banten,KOTA SERANG,kabkota,2015,6.28,40.19
Banten,KOTA SERANG,kabkota,2016,5.58,36.4
Banten,KOTA SERANG,kabkota,2017,5.57,36.97
Banten,KOTA SERANG,kabkota,2018,5.36,36.21
Banten,KOTA SERANG,kabkota,2019,5.28,36.21
Banten,KOTA SERANG,kabkota,2020,6.06,42.24
Banten,KOTA SERANG,kabkota,2021,6.79,47.91
Banten,KOTA SERANG,kabkota,2022,5.94,42.56
Banten,KOTA SERANG,kabkota,2023,6.2,44.99
Banten,KOTA SERANG,kabkota,2024,5.65,41.62
Banten,KOTA SERANG,kabkota,2025,5.51,41.07
Banten,KOTA TANGERANG,kabkota,2004,4.19,62.4
Banten,KOTA TANGERANG,kabkota,2005,4.39,68.0
Banten,KOTA TANGERANG,kabkota,2006,6.41,95.1
Banten,KOTA TANGERANG,kabkota,2007,4.92,76.9
Banten,KOTA TANGERANG,kabkota,2008,6.83,110.4
Banten,KOTA TANGERANG,kabkota,2009,6.42,106.1
Banten,KOTA TANGERANG,kabkota,2010,6.88,124.3
Banten,KOTA TANGERANG,kabkota,2011,6.14,114.3
Banten,KOTA TANGERANG,kabkota,2012,5.56,106.5
Banten,KOTA TANGERANG,kabkota,2013,5.26,103.1
Banten,KOTA TANGERANG,kabkota,2014,4.91,98.8
Banten,KOTA TANGERANG,kabkota,2015,5.04,102.56
Banten,KOTA TANGERANG,kabkota,2016,4.94,102.88
Banten,KOTA TANGERANG,kabkota,2017,4.95,105.34
Banten,KOTA TANGERANG,kabkota,2018,4.76,103.49
Banten,KOTA TANGERANG,kabkota,2019,4.43,98.37
Banten,KOTA TANGERANG,kabkota,2020,5.22,118.22
Banten,KOTA TANGERANG,kabkota,2021,5.93,134.24
Banten,KOTA TANGERANG,kabkota,2022,5.77,132.88
Banten,KOTA TANGERANG,kabkota,2023,5.89,137.7
Banten,KOTA TANGERANG,kabkota,2024,5.43,128.91
Banten,KOTA TANGERANG,kabkota,2025,5.19,124.76
Banten,KOTA TANGERANG SELATAN,kabkota,2004,,
Banten,KOTA TANGERANG SELATAN,kabkota,2005,,
Banten,KOTA TANGERANG SELATAN,kabkota,2006,,
Banten,KOTA TANGERANG SELATAN,kabkota,2007,,
Banten,KOTA TANGERANG SELATAN,kabkota,2008,,
Banten,KOTA TANGERANG SELATAN,kabkota,2009,,
Banten,KOTA TANGERANG SELATAN,kabkota,2010,1.67,21.9
Banten,KOTA TANGERANG SELATAN,kabkota,2011,1.5,20.1
Banten,KOTA TANGERANG SELATAN,kabkota,2012,1.33,18.7
Banten,KOTA TANGERANG SELATAN,kabkota,2013,1.75,25.4
Banten,KOTA TANGERANG SELATAN,kabkota,2014,1.68,25.3
Banten,KOTA TANGERANG SELATAN,kabkota,2015,1.69,25.89
Banten,KOTA TANGERANG SELATAN,kabkota,2016,1.67,26.38
Banten,KOTA TANGERANG SELATAN,kabkota,2017,1.76,28.73
Banten,KOTA TANGERANG SELATAN,kabkota,2018,1.68,28.21
Banten,KOTA TANGERANG SELATAN,kabkota,2019,1.68,29.16
Banten,KOTA TANGERANG SELATAN,kabkota,2020,2.29,40.99
Banten,KOTA TANGERANG SELATAN,kabkota,2021,2.57,44.57
Banten,KOTA TANGERANG SELATAN,kabkota,2022,2.5,44.29
Banten,KOTA TANGERANG SELATAN,kabkota,2023,2.57,46.31
Banten,KOTA TANGERANG SELATAN,kabkota,2024,2.36,43.33
Banten,KOTA TANGERANG SELATAN,kabkota,2025,2.39,44.61
Banten,LEBAK,kabkota,2004,12.09,138.0
Banten,LEBAK,kabkota,2005,12.29,141.0
Banten,LEBAK,kabkota,2006,14.55,172.4
Banten,LEBAK,kabkota,2007,14.43,181.1
Banten,LEBAK,kabkota,2008,12.05,156.9
Banten,LEBAK,kabkota,2009,10.63,142.2
Banten,LEBAK,kabkota,2010,10.38,125.2
Banten,LEBAK,kabkota,2011,9.2,115.2
Banten,LEBAK,kabkota,2012,8.63,106.9
Banten,LEBAK,kabkota,2013,9.5,118.6
Banten,LEBAK,kabkota,2014,9.17,115.8
Banten,LEBAK,kabkota,2015,9.97,126.42
Banten,LEBAK,kabkota,2016,8.71,111.21
Banten,LEBAK,kabkota,2017,8.64,111.08
Banten,LEBAK,kabkota,2018,8.41,108.82
Banten,LEBAK,kabkota,2019,8.3,107.93
Banten,LEBAK,kabkota,2020,9.24,120.83
Banten,LEBAK,kabkota,2021,10.29,134.75
Banten,LEBAK,kabkota,2022,8.91,117.22
Banten,LEBAK,kabkota,2023,8.68,114.54
Banten,LEBAK,kabkota,2024,8.44,111.71
Banten,LEBAK,kabkota,2025,8.03,106.52
Banten,PANDEGLANG,kabkota,2004,13.77,151.5
Banten,PANDEGLANG,kabkota,2005,13.89,154.8
Banten,PANDEGLANG,kabkota,2006,15.82,170.3
Banten,PANDEGLANG,kabkota,2007,15.64,175.5
Banten,PANDEGLANG,kabkota,2008,12.55,144.5
Banten,PANDEGLANG,kabkota,2009,12.01,140.3
Banten,PANDEGLANG,kabkota,2010,11.14,127.9
Banten,PANDEGLANG,kabkota,2011,9.8,117.6
Banten,PANDEGLANG,kabkota,2012,9.28,109.1
Banten,PANDEGLANG,kabkota,2013,10.25,121.1
Banten,PANDEGLANG,kabkota,2014,9.5,113.1
Banten,PANDEGLANG,kabkota,2015,10.43,124.42
Banten,PANDEGLANG,kabkota,2016,9.67,115.9
Banten,PANDEGLANG,kabkota,2017,9.74,117.31
Banten,PANDEGLANG,kabkota,2018,9.61,116.16
Banten,PANDEGLANG,kabkota,2019,9.42,114.09
Banten,PANDEGLANG,kabkota,2020,9.92,120.44
Banten,PANDEGLANG,kabkota,2021,10.72,131.43
Banten,PANDEGLANG,kabkota,2022,9.32,114.65
Banten,PANDEGLANG,kabkota,2023,9.27,114.23
Banten,PANDEGLANG,kabkota,2024,9.18,113.45
Banten,PANDEGLANG,kabkota,2025,8.51,105.35
Banten,SERANG,kabkota,2004,9.11,166.7
Banten,SERANG,kabkota,2005,10.47,196.8
Banten,SERANG,kabkota,2006,9.55,170.8
Banten,SERANG,kabkota,2007,9.47,177.4
Banten,SERANG,kabkota,2008,6.48,124.8
Banten,SERANG,kabkota,2009,5.8,82.9
Banten,SERANG,kabkota,2010,6.34,89.2
Banten,SERANG,kabkota,2011,5.63,82.0
Banten,SERANG,kabkota,2012,5.28,76.1
Banten,SERANG,kabkota,2013,5.02,72.8
Banten,SERANG,kabkota,2014,4.87,71.4
Banten,SERANG,kabkota,2015,5.09,74.85
Banten,SERANG,kabkota,2016,4.58,67.92
Banten,SERANG,kabkota,2017,4.63,69.11
Banten,SERANG,kabkota,2018,4.3,64.46
Banten,SERANG,kabkota,2019,4.08,61.54
Banten,SERANG,kabkota,2020,4.94,74.8
Banten,SERANG,kabkota,2021,5.49,83.09
Banten,SERANG,kabkota,2022,4.96,75.45
Banten,SERANG,kabkota,2023,4.85,73.83
Banten,SERANG,kabkota,2024,4.51,68.86
Banten,SERANG,kabkota,2025,4.48,68.51
Banten,TANGERANG,kabkota,2004,7.7,246.0
Banten,TANGERANG,kabkota,2005,7.5,251.2
Banten,TANGERANG,kabkota,2006,8.28,279.1
Banten,TANGERANG,kabkota,2007,7.18,258.9
Banten,TANGERANG,kabkota,2008,7.41,279.5
Banten,TANGERANG,kabkota,2009,6.55,256.2
Banten,TANGERANG,kabkota,2010,7.18,205.1
Banten,TANGERANG,kabkota,2011,6.42,188.7
Banten,TANGERANG,kabkota,2012,5.71,176.0
Banten,TANGERANG,kabkota,2013,5.78,183.9
Banten,TANGERANG,kabkota,2014,5.26,173.1
Banten,TANGERANG,kabkota,2015,5.71,191.12
Banten,TANGERANG,kabkota,2016,5.29,182.52
Banten,TANGERANG,kabkota,2017,5.39,191.62
Banten,TANGERANG,kabkota,2018,5.18,190.05
Banten,TANGERANG,kabkota,2019,5.14,193.97
Banten,TANGERANG,kabkota,2020,6.23,242.16
Banten,TANGERANG,kabkota,2021,7.12,272.35
Banten,TANGERANG,kabkota,2022,6.92,270.52
Banten,TANGERANG,kabkota,2023,6.93,276.33
Banten,TANGERANG,kabkota,2024,6.55,266.43
Banten,TANGERANG,kabkota,2025,6.42,265.9
Bengkulu,BENGKULU SELATAN,kabkota,2004,33.45,45.2
Bengkulu,BENGKULU SELATAN,kabkota,2005,35.35,49.4
Bengkulu,BENGKULU SELATAN,kabkota,2006,37.45,49.3
Bengkulu,BENGKULU SELATAN,kabkota,2007,35.24,50.0
Bengkulu,BENGKULU SELATAN,kabkota,2008,27.53,40.4
Bengkulu,BENGKULU SELATAN,kabkota,2009,25.08,37.7
Bengkulu,BENGKULU SELATAN,kabkota,2010,22.62,32.4
Bengkulu,BENGKULU SELATAN,kabkota,2011,22.55,32.8
Bengkulu,BENGKULU SELATAN,kabkota,2012,22.97,33.9
Bengkulu,BENGKULU SELATAN,kabkota,2013,22.59,33.7
Bengkulu,BENGKULU SELATAN,kabkota,2014,21.91,33.1
Bengkulu,BENGKULU SELATAN,kabkota,2015,22.76,34.51
Bengkulu,BENGKULU SELATAN,kabkota,2016,22.1,33.92
Bengkulu,BENGKULU SELATAN,kabkota,2017,21.06,32.66
Bengkulu,BENGKULU SELATAN,kabkota,2018,18.65,29.19
Bengkulu,BENGKULU SELATAN,kabkota,2019,18.54,29.3
Bengkulu,BENGKULU SELATAN,kabkota,2020,17.82,28.41
Bengkulu,BENGKULU SELATAN,kabkota,2021,18.16,31.65
Bengkulu,BENGKULU SELATAN,kabkota,2022,17.86,31.83
Bengkulu,BENGKULU SELATAN,kabkota,2023,17.51,31.89
Bengkulu,BENGKULU SELATAN,kabkota,2024,17.1,31.8
Bengkulu,BENGKULU SELATAN,kabkota,2025,15.72,29.82
Bengkulu,BENGKULU TENGAH,kabkota,2004,,
Bengkulu,BENGKULU TENGAH,kabkota,2005,,
Bengkulu,BENGKULU TENGAH,kabkota,2006,,
Bengkulu,BENGKULU TENGAH,kabkota,2007,,
Bengkulu,BENGKULU TENGAH,kabkota,2008,,
Bengkulu,BENGKULU TENGAH,kabkota,2009,,
Bengkulu,BENGKULU TENGAH,kabkota,2010,6.42,6.3
Bengkulu,BENGKULU TENGAH,kabkota,2011,6.49,6.5
Bengkulu,BENGKULU TENGAH,kabkota,2012,6.52,6.7
Bengkulu,BENGKULU TENGAH,kabkota,2013,7.24,7.6
Bengkulu,BENGKULU TENGAH,kabkota,2014,8.22,8.7
Bengkulu,BENGKULU TENGAH,kabkota,2015,8.33,8.93
Bengkulu,BENGKULU TENGAH,kabkota,2016,8.71,9.5
Bengkulu,BENGKULU TENGAH,kabkota,2017,8.41,9.32
Bengkulu,BENGKULU TENGAH,kabkota,2018,8.2,9.24
Bengkulu,BENGKULU TENGAH,kabkota,2019,8.8,10.06
Bengkulu,BENGKULU TENGAH,kabkota,2020,9.3,10.79
Bengkulu,BENGKULU TENGAH,kabkota,2021,9.68,11.12
Bengkulu,BENGKULU TENGAH,kabkota,2022,9.76,11.33
Bengkulu,BENGKULU TENGAH,kabkota,2023,9.4,11.01
Bengkulu,BENGKULU TENGAH,kabkota,2024,10.14,11.98
Bengkulu,BENGKULU TENGAH,kabkota,2025,9.74,11.61
Bengkulu,BENGKULU UTARA,kabkota,2004,23.91,76.8
Bengkulu,BENGKULU UTARA,kabkota,2005,23.28,78.5
Bengkulu,BENGKULU UTARA,kabkota,2006,23.56,78.3
Bengkulu,BENGKULU UTARA,kabkota,2007,22.74,80.3
Bengkulu,BENGKULU UTARA,kabkota,2008,16.43,59.1
Bengkulu,BENGKULU UTARA,kabkota,2009,16.1,58.7
Bengkulu,BENGKULU UTARA,kabkota,2010,14.75,38.3
Bengkulu,BENGKULU UTARA,kabkota,2011,14.4,37.8
Bengkulu,BENGKULU UTARA,kabkota,2012,14.4,39.1
Bengkulu,BENGKULU UTARA,kabkota,2013,14.5,40.2
Bengkulu,BENGKULU UTARA,kabkota,2014,13.95,39.5
Bengkulu,BENGKULU UTARA,kabkota,2015,14.78,42.24
Bengkulu,BENGKULU UTARA,kabkota,2016,13.67,39.86
Bengkulu,BENGKULU UTARA,kabkota,2017,13.11,38.97
Bengkulu,BENGKULU UTARA,kabkota,2018,11.81,35.78
Bengkulu,BENGKULU UTARA,kabkota,2019,11.65,35.94
Bengkulu,BENGKULU UTARA,kabkota,2020,11.67,36.67
Bengkulu,BENGKULU UTARA,kabkota,2021,11.61,35.55
Bengkulu,BENGKULU UTARA,kabkota,2022,11.48,35.51
Bengkulu,BENGKULU UTARA,kabkota,2023,11.29,35.26
Bengkulu,BENGKULU UTARA,kabkota,2024,10.96,34.52
Bengkulu,BENGKULU UTARA,kabkota,2025,10.07,31.99
Bengkulu,Bengkulu,provinsi,2004,22.39,345.1
Bengkulu,Bengkulu,provinsi,2005,22.18,361.2
Bengkulu,Bengkulu,provinsi,2006,23.0,360.0
Bengkulu,Bengkulu,provinsi,2007,22.13,370.6
Bengkulu,Bengkulu,provinsi,2008,19.12,328.9
Bengkulu,Bengkulu,provinsi,2009,18.14,317.9
Bengkulu,Bengkulu,provinsi,2010,16.37,281.2
Bengkulu,Bengkulu,provinsi,2011,17.36,303.4
Bengkulu,Bengkulu,provinsi,2012,17.51,313.7
Bengkulu,Bengkulu,provinsi,2013,17.75,323.5
Bengkulu,Bengkulu,provinsi,2014,17.09,316.5
Bengkulu,Bengkulu,provinsi,2015,17.88,334.07
Bengkulu,Bengkulu,provinsi,2016,17.32,328.61
Bengkulu,Bengkulu,provinsi,2017,16.45,316.98
Bengkulu,Bengkulu,provinsi,2018,15.43,301.81
Bengkulu,Bengkulu,provinsi,2019,15.23,302.3
Bengkulu,Bengkulu,provinsi,2020,15.03,302.58
Bengkulu,Bengkulu,provinsi,2021,15.22,306.0
Bengkulu,Bengkulu,provinsi,2022,14.62,297.23
Bengkulu,Bengkulu,provinsi,2023,14.04,288.46
Bengkulu,Bengkulu,provinsi,2024,13.56,281.36
Bengkulu,Bengkulu,provinsi,2025,12.08,252.97
Bengkulu,KAUR,kabkota,2004,37.75,37.6
Bengkulu,KAUR,kabkota,2005,39.15,41.1
Bengkulu,KAUR,kabkota,2006,38.55,41.0
Bengkulu,KAUR,kabkota,2007,38.18,44.5
Bengkulu,KAUR,kabkota,2008,26.01,31.4
Bengkulu,KAUR,kabkota,2009,23.49,29.1
Bengkulu,KAUR,kabkota,2010,21.22,22.9
Bengkulu,KAUR,kabkota,2011,22.26,24.5
Bengkulu,KAUR,kabkota,2012,22.65,25.3
Bengkulu,KAUR,kabkota,2013,23.25,26.3
Bengkulu,KAUR,kabkota,2014,21.96,25.2
Bengkulu,KAUR,kabkota,2015,22.87,26.37
Bengkulu,KAUR,kabkota,2016,22.36,26.14
Bengkulu,KAUR,kabkota,2017,21.54,25.47
Bengkulu,KAUR,kabkota,2018,19.4,23.2
Bengkulu,KAUR,kabkota,2019,18.89,22.84
Bengkulu,KAUR,kabkota,2020,18.47,22.57
Bengkulu,KAUR,kabkota,2021,18.62,22.99
Bengkulu,KAUR,kabkota,2022,18.1,22.57
Bengkulu,KAUR,kabkota,2023,17.83,22.45
Bengkulu,KAUR,kabkota,2024,17.12,21.75
Bengkulu,KAUR,kabkota,2025,15.82,20.26
Bengkulu,KEPAHIANG,kabkota,2004,,
Bengkulu,KEPAHIANG,kabkota,2005,17.08,20.9
Bengkulu,KEPAHIANG,kabkota,2006,18.2,20.8
Bengkulu,KEPAHIANG,kabkota,2007,17.55,21.2
Bengkulu,KEPAHIANG,kabkota,2008,17.03,21.0
Bengkulu,KEPAHIANG,kabkota,2009,16.6,20.7
Bengkulu,KEPAHIANG,kabkota,2010,14.78,18.5
Bengkulu,KEPAHIANG,kabkota,2011,15.02,19.1
Bengkulu,KEPAHIANG,kabkota,2012,15.34,19.7
Bengkulu,KEPAHIANG,kabkota,2013,16.13,21.0
Bengkulu,KEPAHIANG,kabkota,2014,15.65,20.6
Bengkulu,KEPAHIANG,kabkota,2015,16.83,22.19
Bengkulu,KEPAHIANG,kabkota,2016,16.31,21.75
Bengkulu,KEPAHIANG,kabkota,2017,15.95,21.47
Bengkulu,KEPAHIANG,kabkota,2018,14.42,19.58
Bengkulu,KEPAHIANG,kabkota,2019,14.74,20.18
Bengkulu,KEPAHIANG,kabkota,2020,14.69,20.27
Bengkulu,KEPAHIANG,kabkota,2021,14.83,20.94
Bengkulu,KEPAHIANG,kabkota,2022,14.53,20.73
Bengkulu,KEPAHIANG,kabkota,2023,14.12,20.32
Bengkulu,KEPAHIANG,kabkota,2024,12.9,18.73
Bengkulu,KEPAHIANG,kabkota,2025,10.38,15.2
Bengkulu,KOTA BENGKULU,kabkota,2004,10.11,26.4
Bengkulu,KOTA BENGKULU,kabkota,2005,8.65,24.3
Bengkulu,KOTA BENGKULU,kabkota,2006,9.28,24.2
Bengkulu,KOTA BENGKULU,kabkota,2007,9.2,25.7
Bengkulu,KOTA BENGKULU,kabkota,2008,18.16,52.2
Bengkulu,KOTA BENGKULU,kabkota,2009,17.57,51.5
Bengkulu,KOTA BENGKULU,kabkota,2010,17.69,54.8
Bengkulu,KOTA BENGKULU,kabkota,2011,22.23,70.0
Bengkulu,KOTA BENGKULU,kabkota,2012,22.1,72.5
Bengkulu,KOTA BENGKULU,kabkota,2013,21.51,72.4
Bengkulu,KOTA BENGKULU,kabkota,2014,20.16,69.5
Bengkulu,KOTA BENGKULU,kabkota,2015,21.14,74.26
Bengkulu,KOTA BENGKULU,kabkota,2016,20.72,74.05
Bengkulu,KOTA BENGKULU,kabkota,2017,19.18,70.16
Bengkulu,KOTA BENGKULU,kabkota,2018,18.82,70.44
Bengkulu,KOTA BENGKULU,kabkota,2019,18.09,69.26
Bengkulu,KOTA BENGKULU,kabkota,2020,17.65,69.12
Bengkulu,KOTA BENGKULU,kabkota,2021,17.89,66.94
Bengkulu,KOTA BENGKULU,kabkota,2022,15.73,59.43
Bengkulu,KOTA BENGKULU,kabkota,2023,14.71,56.1
Bengkulu,KOTA BENGKULU,kabkota,2024,13.76,52.96
Bengkulu,KOTA BENGKULU,kabkota,2025,11.91,46.23
Bengkulu,LEBONG,kabkota,2004,,
Bengkulu,LEBONG,kabkota,2005,17.87,16.7
Bengkulu,LEBONG,kabkota,2006,18.91,16.4
Bengkulu,LEBONG,kabkota,2007,18.08,16.7
Bengkulu,LEBONG,kabkota,2008,14.33,13.7
Bengkulu,LEBONG,kabkota,2009,13.94,13.6
Bengkulu,LEBONG,kabkota,2010,13.01,12.7
Bengkulu,LEBONG,kabkota,2011,12.43,12.6
Bengkulu,LEBONG,kabkota,2012,12.47,13.0
Bengkulu,LEBONG,kabkota,2013,12.89,13.7
Bengkulu,LEBONG,kabkota,2014,12.44,13.4
Bengkulu,LEBONG,kabkota,2015,12.32,13.38
Bengkulu,LEBONG,kabkota,2016,12.26,13.56
Bengkulu,LEBONG,kabkota,2017,11.83,13.31
Bengkulu,LEBONG,kabkota,2018,11.59,13.25
Bengkulu,LEBONG,kabkota,2019,11.77,13.67
Bengkulu,LEBONG,kabkota,2020,11.85,13.97
Bengkulu,LEBONG,kabkota,2021,12.0,13.97
Bengkulu,LEBONG,kabkota,2022,12.03,14.14
Bengkulu,LEBONG,kabkota,2023,11.15,13.23
Bengkulu,LEBONG,kabkota,2024,10.45,12.51
Bengkulu,LEBONG,kabkota,2025,10.1,12.2
Bengkulu,MUKOMUKO,kabkota,2004,20.07,25.6
Bengkulu,MUKOMUKO,kabkota,2005,20.9,28.0
Bengkulu,MUKOMUKO,kabkota,2006,21.19,27.9
Bengkulu,MUKOMUKO,kabkota,2007,20.06,28.7
Bengkulu,MUKOMUKO,kabkota,2008,15.76,23.5
Bengkulu,MUKOMUKO,kabkota,2009,15.39,23.6
Bengkulu,MUKOMUKO,kabkota,2010,14.06,22.1
Bengkulu,MUKOMUKO,kabkota,2011,13.28,21.1
Bengkulu,MUKOMUKO,kabkota,2012,13.21,21.9
Bengkulu,MUKOMUKO,kabkota,2013,12.98,22.0
Bengkulu,MUKOMUKO,kabkota,2014,12.48,21.7
Bengkulu,MUKOMUKO,kabkota,2015,13.45,23.67
Bengkulu,MUKOMUKO,kabkota,2016,13.01,23.45
Bengkulu,MUKOMUKO,kabkota,2017,12.2,22.51
Bengkulu,MUKOMUKO,kabkota,2018,11.4,21.5
Bengkulu,MUKOMUKO,kabkota,2019,11.7,22.56
Bengkulu,MUKOMUKO,kabkota,2020,11.72,23.1
Bengkulu,MUKOMUKO,kabkota,2021,11.93,22.5
Bengkulu,MUKOMUKO,kabkota,2022,11.44,21.81
Bengkulu,MUKOMUKO,kabkota,2023,10.76,20.7
Bengkulu,MUKOMUKO,kabkota,2024,10.76,20.88
Bengkulu,MUKOMUKO,kabkota,2025,10.05,19.67
Bengkulu,REJANG LEBONG,kabkota,2004,17.87,78.6
Bengkulu,REJANG LEBONG,kabkota,2005,16.67,42.1
Bengkulu,REJANG LEBONG,kabkota,2006,17.36,42.0
Bengkulu,REJANG LEBONG,kabkota,2007,16.38,42.6
Bengkulu,REJANG LEBONG,kabkota,2008,16.94,45.0
Bengkulu,REJANG LEBONG,kabkota,2009,15.79,42.8
Bengkulu,REJANG LEBONG,kabkota,2010,15.11,37.3
Bengkulu,REJANG LEBONG,kabkota,2011,16.79,42.2
Bengkulu,REJANG LEBONG,kabkota,2012,17.3,43.5
Bengkulu,REJANG LEBONG,kabkota,2013,18.48,46.8
Bengkulu,REJANG LEBONG,kabkota,2014,17.99,45.9
Bengkulu,REJANG LEBONG,kabkota,2015,18.03,46.04
Bengkulu,REJANG LEBONG,kabkota,2016,17.81,45.79
Bengkulu,REJANG LEBONG,kabkota,2017,16.97,43.85
Bengkulu,REJANG LEBONG,kabkota,2018,16.23,42.13
Bengkulu,REJANG LEBONG,kabkota,2019,15.95,41.57
Bengkulu,REJANG LEBONG,kabkota,2020,15.85,41.47
Bengkulu,REJANG LEBONG,kabkota,2021,15.85,43.3
Bengkulu,REJANG LEBONG,kabkota,2022,15.65,43.18
Bengkulu,REJANG LEBONG,kabkota,2023,14.79,41.18
Bengkulu,REJANG LEBONG,kabkota,2024,14.65,41.16
Bengkulu,REJANG LEBONG,kabkota,2025,11.71,33.19
Bengkulu,SELUMA,kabkota,2004,34.93,55.0
Bengkulu,SELUMA,kabkota,2005,36.84,60.2
Bengkulu,SELUMA,kabkota,2006,37.89,60.0
Bengkulu,SELUMA,kabkota,2007,36.45,60.9
Bengkulu,SELUMA,kabkota,2008,24.74,42.5
Bengkulu,SELUMA,kabkota,2009,23.07,40.1
Bengkulu,SELUMA,kabkota,2010,20.81,36.1
Bengkulu,SELUMA,kabkota,2011,20.9,36.9
Bengkulu,SELUMA,kabkota,2012,21.19,38.0
Bengkulu,SELUMA,kabkota,2013,21.84,39.7
Bengkulu,SELUMA,kabkota,2014,21.17,38.9
Bengkulu,SELUMA,kabkota,2015,22.98,42.47
Bengkulu,SELUMA,kabkota,2016,21.68,40.59
Bengkulu,SELUMA,kabkota,2017,20.73,39.24
Bengkulu,SELUMA,kabkota,2018,19.6,37.51
Bengkulu,SELUMA,kabkota,2019,19.1,36.92
Bengkulu,SELUMA,kabkota,2020,18.56,36.23
Bengkulu,SELUMA,kabkota,2021,18.72,37.05
Bengkulu,SELUMA,kabkota,2022,18.36,36.71
Bengkulu,SELUMA,kabkota,2023,18.0,36.32
Bengkulu,SELUMA,kabkota,2024,17.23,35.08
Bengkulu,SELUMA,kabkota,2025,15.98,32.81
DI YOGYAKARTA,BANTUL,kabkota,2004,18.55,151.4
DI YOGYAKARTA,BANTUL,kabkota,2005,18.21,150.9
DI YOGYAKARTA,BANTUL,kabkota,2006,20.25,178.2
DI YOGYAKARTA,BANTUL,kabkota,2007,19.43,169.3
DI YOGYAKARTA,BANTUL,kabkota,2008,18.54,164.3
DI YOGYAKARTA,BANTUL,kabkota,2009,17.64,158.5
DI YOGYAKARTA,BANTUL,kabkota,2010,16.09,146.9
DI YOGYAKARTA,BANTUL,kabkota,2011,17.28,159.4
DI YOGYAKARTA,BANTUL,kabkota,2012,16.97,159.2
DI YOGYAKARTA,BANTUL,kabkota,2013,16.48,156.6
DI YOGYAKARTA,BANTUL,kabkota,2014,15.89,153.5
DI YOGYAKARTA,BANTUL,kabkota,2015,16.33,160.15
DI YOGYAKARTA,BANTUL,kabkota,2016,14.55,142.76
DI YOGYAKARTA,BANTUL,kabkota,2017,14.07,139.67
DI YOGYAKARTA,BANTUL,kabkota,2018,13.43,134.84
DI YOGYAKARTA,BANTUL,kabkota,2019,12.92,131.15
DI YOGYAKARTA,BANTUL,kabkota,2020,13.5,138.66
DI YOGYAKARTA,BANTUL,kabkota,2021,14.04,146.98
DI YOGYAKARTA,BANTUL,kabkota,2022,12.27,130.13
DI YOGYAKARTA,BANTUL,kabkota,2023,11.96,128.51
DI YOGYAKARTA,BANTUL,kabkota,2024,11.66,126.93
DI YOGYAKARTA,BANTUL,kabkota,2025,11.54,127.25
DI YOGYAKARTA,DI YOGYAKARTA,provinsi,2004,19.14,616.2
DI YOGYAKARTA,DI YOGYAKARTA,provinsi,2005,18.95,625.8
DI YOGYAKARTA,DI YOGYAKARTA,provinsi,2006,19.15,648.7
DI YOGYAKARTA,DI YOGYAKARTA,provinsi,2007,18.99,633.5
DI YOGYAKARTA,DI YOGYAKARTA,provinsi,2008,18.02,608.9
DI YOGYAKARTA,DI YOGYAKARTA,provinsi,2009,16.86,574.9
DI YOGYAKARTA,DI YOGYAKARTA,provinsi,2010,15.63,540.5
DI YOGYAKARTA,DI YOGYAKARTA,provinsi,2011,16.14,564.3
DI YOGYAKARTA,DI YOGYAKARTA,provinsi,2012,15.88,565.7
DI YOGYAKARTA,DI YOGYAKARTA,provinsi,2013,15.03,541.9
DI YOGYAKARTA,DI YOGYAKARTA,provinsi,2014,14.55,532.6
DI YOGYAKARTA,DI YOGYAKARTA,provinsi,2015,14.91,550.23
DI YOGYAKARTA,DI YOGYAKARTA,provinsi,2016,13.34,494.94
DI YOGYAKARTA,DI YOGYAKARTA,provinsi,2017,13.02,488.53
DI YOGYAKARTA,DI YOGYAKARTA,provinsi,2018,12.13,460.1
DI YOGYAKARTA,DI YOGYAKARTA,provinsi,2019,11.7,448.47
DI YOGYAKARTA,DI YOGYAKARTA,provinsi,2020,12.28,475.72
DI YOGYAKARTA,DI YOGYAKARTA,provinsi,2021,12.8,506.45
DI YOGYAKARTA,DI YOGYAKARTA,provinsi,2022,11.34,454.76
DI YOGYAKARTA,DI YOGYAKARTA,provinsi,2023,11.04,448.47
DI YOGYAKARTA,DI YOGYAKARTA,provinsi,2024,10.83,445.55
DI YOGYAKARTA,DI YOGYAKARTA,provinsi,2025,10.23,425.82
DI YOGYAKARTA,GUNUNG KIDUL,kabkota,2004,25.19,173.3
DI YOGYAKARTA,GUNUNG KIDUL,kabkota,2005,27.29,191.1
DI YOGYAKARTA,GUNUNG KIDUL,kabkota,2006,28.45,194.4
DI YOGYAKARTA,GUNUNG KIDUL,kabkota,2007,28.9,192.1
DI YOGYAKARTA,GUNUNG KIDUL,kabkota,2008,25.96,173.5
DI YOGYAKARTA,GUNUNG KIDUL,kabkota,2009,24.44,163.7
DI YOGYAKARTA,GUNUNG KIDUL,kabkota,2010,22.05,148.7
DI YOGYAKARTA,GUNUNG KIDUL,kabkota,2011,23.03,157.1
DI YOGYAKARTA,GUNUNG KIDUL,kabkota,2012,22.71,157.8
DI YOGYAKARTA,GUNUNG KIDUL,kabkota,2013,21.7,152.4
DI YOGYAKARTA,GUNUNG KIDUL,kabkota,2014,20.83,148.4
DI YOGYAKARTA,GUNUNG KIDUL,kabkota,2015,21.73,155.0
DI YOGYAKARTA,GUNUNG KIDUL,kabkota,2016,19.34,139.15
DI YOGYAKARTA,GUNUNG KIDUL,kabkota,2017,18.65,135.74
DI YOGYAKARTA,GUNUNG KIDUL,kabkota,2018,17.12,125.76
DI YOGYAKARTA,GUNUNG KIDUL,kabkota,2019,16.61,123.08
DI YOGYAKARTA,GUNUNG KIDUL,kabkota,2020,17.07,127.61
DI YOGYAKARTA,GUNUNG KIDUL,kabkota,2021,17.69,135.33
DI YOGYAKARTA,GUNUNG KIDUL,kabkota,2022,15.86,122.82
DI YOGYAKARTA,GUNUNG KIDUL,kabkota,2023,15.6,122.24
DI YOGYAKARTA,GUNUNG KIDUL,kabkota,2024,15.18,120.41
DI YOGYAKARTA,GUNUNG KIDUL,kabkota,2025,14.15,113.48
DI YOGYAKARTA,KOTA YOGYAKARTA,kabkota,2004,12.77,50.4
DI YOGYAKARTA,KOTA YOGYAKARTA,kabkota,2005,10.5,44.4
DI YOGYAKARTA,KOTA YOGYAKARTA,kabkota,2006,10.22,45.2
DI YOGYAKARTA,KOTA YOGYAKARTA,kabkota,2007,9.78,42.9
DI YOGYAKARTA,KOTA YOGYAKARTA,kabkota,2008,10.81,48.1
DI YOGYAKARTA,KOTA YOGYAKARTA,kabkota,2009,10.05,45.3
DI YOGYAKARTA,KOTA YOGYAKARTA,kabkota,2010,9.75,37.8
DI YOGYAKARTA,KOTA YOGYAKARTA,kabkota,2011,9.62,37.7
DI YOGYAKARTA,KOTA YOGYAKARTA,kabkota,2012,9.38,37.4
DI YOGYAKARTA,KOTA YOGYAKARTA,kabkota,2013,8.82,35.6
DI YOGYAKARTA,KOTA YOGYAKARTA,kabkota,2014,8.67,35.6
DI YOGYAKARTA,KOTA YOGYAKARTA,kabkota,2015,8.75,35.98
DI YOGYAKARTA,KOTA YOGYAKARTA,kabkota,2016,7.7,32.06
DI YOGYAKARTA,KOTA YOGYAKARTA,kabkota,2017,7.64,32.2
DI YOGYAKARTA,KOTA YOGYAKARTA,kabkota,2018,6.98,29.75
DI YOGYAKARTA,KOTA YOGYAKARTA,kabkota,2019,6.84,29.45
DI YOGYAKARTA,KOTA YOGYAKARTA,kabkota,2020,7.27,31.62
DI YOGYAKARTA,KOTA YOGYAKARTA,kabkota,2021,7.69,34.07
DI YOGYAKARTA,KOTA YOGYAKARTA,kabkota,2022,6.62,29.68
DI YOGYAKARTA,KOTA YOGYAKARTA,kabkota,2023,6.49,29.48
DI YOGYAKARTA,KOTA YOGYAKARTA,kabkota,2024,6.26,28.79
DI YOGYAKARTA,KOTA YOGYAKARTA,kabkota,2025,6.14,28.58
DI YOGYAKARTA,KULON PROGO,kabkota,2004,25.11,94.6
DI YOGYAKARTA,KULON PROGO,kabkota,2005,26.8,104.3
DI YOGYAKARTA,KULON PROGO,kabkota,2006,28.39,106.1
DI YOGYAKARTA,KULON PROGO,kabkota,2007,28.61,103.8
DI YOGYAKARTA,KULON PROGO,kabkota,2008,26.85,97.9
DI YOGYAKARTA,KULON PROGO,kabkota,2009,24.65,89.9
DI YOGYAKARTA,KULON PROGO,kabkota,2010,23.15,90.1
DI YOGYAKARTA,KULON PROGO,kabkota,2011,23.62,92.8
DI YOGYAKARTA,KULON PROGO,kabkota,2012,23.31,93.2
DI YOGYAKARTA,KULON PROGO,kabkota,2013,21.39,86.5
DI YOGYAKARTA,KULON PROGO,kabkota,2014,20.64,84.7
DI YOGYAKARTA,KULON PROGO,kabkota,2015,21.4,88.13
DI YOGYAKARTA,KULON PROGO,kabkota,2016,20.3,84.34
DI YOGYAKARTA,KULON PROGO,kabkota,2017,20.03,84.17
DI YOGYAKARTA,KULON PROGO,kabkota,2018,18.3,77.72
DI YOGYAKARTA,KULON PROGO,kabkota,2019,17.39,74.62
DI YOGYAKARTA,KULON PROGO,kabkota,2020,18.01,78.06
DI YOGYAKARTA,KULON PROGO,kabkota,2021,18.38,81.14
DI YOGYAKARTA,KULON PROGO,kabkota,2022,16.39,73.21
DI YOGYAKARTA,KULON PROGO,kabkota,2023,15.64,70.74
DI YOGYAKARTA,KULON PROGO,kabkota,2024,15.62,71.48
DI YOGYAKARTA,KULON PROGO,kabkota,2025,14.53,67.25
DI YOGYAKARTA,SLEMAN,kabkota,2004,15.53,146.5
DI YOGYAKARTA,SLEMAN,kabkota,2005,14.06,135.1
DI YOGYAKARTA,SLEMAN,kabkota,2006,12.7,128.1
DI YOGYAKARTA,SLEMAN,kabkota,2007,12.56,125.4
DI YOGYAKARTA,SLEMAN,kabkota,2008,12.34,125.0
DI YOGYAKARTA,SLEMAN,kabkota,2009,11.45,117.5
DI YOGYAKARTA,SLEMAN,kabkota,2010,10.7,117.0
DI YOGYAKARTA,SLEMAN,kabkota,2011,10.61,117.3
DI YOGYAKARTA,SLEMAN,kabkota,2012,10.44,118.2
DI YOGYAKARTA,SLEMAN,kabkota,2013,9.68,110.8
DI YOGYAKARTA,SLEMAN,kabkota,2014,9.5,110.4
DI YOGYAKARTA,SLEMAN,kabkota,2015,9.46,110.96
DI YOGYAKARTA,SLEMAN,kabkota,2016,8.21,96.63
DI YOGYAKARTA,SLEMAN,kabkota,2017,8.13,96.75
DI YOGYAKARTA,SLEMAN,kabkota,2018,7.65,92.04
DI YOGYAKARTA,SLEMAN,kabkota,2019,7.41,90.17
DI YOGYAKARTA,SLEMAN,kabkota,2020,8.12,99.78
DI YOGYAKARTA,SLEMAN,kabkota,2021,8.64,108.93
DI YOGYAKARTA,SLEMAN,kabkota,2022,7.74,98.92
DI YOGYAKARTA,SLEMAN,kabkota,2023,7.52,97.5
DI YOGYAKARTA,SLEMAN,kabkota,2024,7.46,97.94
DI YOGYAKARTA,SLEMAN,kabkota,2025,6.71,89.28
DKI Jakarta,DKI Jakarta,provinsi,2004,3.18,277.1
DKI Jakarta,DKI Jakarta,provinsi,2005,3.61,316.2
DKI Jakarta,DKI Jakarta,provinsi,2006,4.57,407.1
DKI Jakarta,DKI Jakarta,provinsi,2007,4.61,405.7
DKI Jakarta,DKI Jakarta,provinsi,2008,3.86,342.5
DKI Jakarta,DKI Jakarta,provinsi,2009,3.8,339.6
DKI Jakarta,DKI Jakarta,provinsi,2010,4.04,388.7
DKI Jakarta,DKI Jakarta,provinsi,2011,3.64,355.2
DKI Jakarta,DKI Jakarta,provinsi,2012,3.7,366.3
DKI Jakarta,DKI Jakarta,provinsi,2013,3.72,371.7
DKI Jakarta,DKI Jakarta,provinsi,2014,4.09,412.8
DKI Jakarta,DKI Jakarta,provinsi,2015,3.93,398.92
DKI Jakarta,DKI Jakarta,provinsi,2016,3.75,384.3
DKI Jakarta,DKI Jakarta,provinsi,2017,3.77,389.69
DKI Jakarta,DKI Jakarta,provinsi,2018,3.57,373.12
DKI Jakarta,DKI Jakarta,provinsi,2019,3.47,365.55
DKI Jakarta,DKI Jakarta,provinsi,2020,4.53,480.86
DKI Jakarta,DKI Jakarta,provinsi,2021,4.72,501.92
DKI Jakarta,DKI Jakarta,provinsi,2022,4.69,502.04
DKI Jakarta,DKI Jakarta,provinsi,2023,4.44,477.83
DKI Jakarta,DKI Jakarta,provinsi,2024,4.3,464.93
DKI Jakarta,DKI Jakarta,provinsi,2025,4.28,464.87
DKI Jakarta,KEPULAUAN SERIBU,kabkota,2004,14.99,3.0
DKI Jakarta,KEPULAUAN SERIBU,kabkota,2005,14.64,3.4
DKI Jakarta,KEPULAUAN SERIBU,kabkota,2006,16.64,3.2
DKI Jakarta,KEPULAUAN SERIBU,kabkota,2007,15.12,2.9
DKI Jakarta,KEPULAUAN SERIBU,kabkota,2008,13.56,2.6
DKI Jakarta,KEPULAUAN SERIBU,kabkota,2009,12.66,2.4
DKI Jakarta,KEPULAUAN SERIBU,kabkota,2010,13.01,2.7
DKI Jakarta,KEPULAUAN SERIBU,kabkota,2011,11.53,2.5
DKI Jakarta,KEPULAUAN SERIBU,kabkota,2012,11.62,2.6
DKI Jakarta,KEPULAUAN SERIBU,kabkota,2013,11.01,2.5
DKI Jakarta,KEPULAUAN SERIBU,kabkota,2014,11.56,2.7
DKI Jakarta,KEPULAUAN SERIBU,kabkota,2015,11.4,2.65
DKI Jakarta,KEPULAUAN SERIBU,kabkota,2016,12.58,2.96
DKI Jakarta,KEPULAUAN SERIBU,kabkota,2017,12.98,3.09
DKI Jakarta,KEPULAUAN SERIBU,kabkota,2018,11.98,2.88
DKI Jakarta,KEPULAUAN SERIBU,kabkota,2019,12.09,2.93
DKI Jakarta,KEPULAUAN SERIBU,kabkota,2020,14.87,3.63
DKI Jakarta,KEPULAUAN SERIBU,kabkota,2021,15.06,3.86
DKI Jakarta,KEPULAUAN SERIBU,kabkota,2022,14.11,3.67
DKI Jakarta,KEPULAUAN SERIBU,kabkota,2023,13.13,3.47
DKI Jakarta,KEPULAUAN SERIBU,kabkota,2024,13.03,3.49
DKI Jakarta,KEPULAUAN SERIBU,kabkota,2025,12.37,3.35
DKI Jakarta,KOTA JAKARTA BARAT,kabkota,2004,3.1,62.6
DKI Jakarta,KOTA JAKARTA BARAT,kabkota,2005,2.84,57.4
DKI Jakarta,KOTA JAKARTA BARAT,kabkota,2006,4.22,89.5
DKI Jakarta,KOTA JAKARTA BARAT,kabkota,2007,4.04,85.2
DKI Jakarta,KOTA JAKARTA BARAT,kabkota,2008,3.41,72.9
DKI Jakarta,KOTA JAKARTA BARAT,kabkota,2009,3.44,74.0
DKI Jakarta,KOTA JAKARTA BARAT,kabkota,2010,3.81,87.2
DKI Jakarta,KOTA JAKARTA BARAT,kabkota,2011,3.44,79.7
DKI Jakarta,KOTA JAKARTA BARAT,kabkota,2012,3.47,82.3
DKI Jakarta,KOTA JAKARTA BARAT,kabkota,2013,3.46,83.2
DKI Jakarta,KOTA JAKARTA BARAT,kabkota,2014,3.72,90.9
DKI Jakarta,KOTA JAKARTA BARAT,kabkota,2015,3.64,89.39
DKI Jakarta,KOTA JAKARTA BARAT,kabkota,2016,3.38,84.08
DKI Jakarta,KOTA JAKARTA BARAT,kabkota,2017,3.45,86.96
DKI Jakarta,KOTA JAKARTA BARAT,kabkota,2018,3.39,86.42
DKI Jakarta,KOTA JAKARTA BARAT,kabkota,2019,3.25,84.02
DKI Jakarta,KOTA JAKARTA BARAT,kabkota,2020,4.25,110.9
DKI Jakarta,KOTA JAKARTA BARAT,kabkota,2021,4.31,113.37
DKI Jakarta,KOTA JAKARTA BARAT,kabkota,2022,4.22,112.18
DKI Jakarta,KOTA JAKARTA BARAT,kabkota,2023,4.09,109.49
DKI Jakarta,KOTA JAKARTA BARAT,kabkota,2024,3.94,106.48
DKI Jakarta,KOTA JAKARTA BARAT,kabkota,2025,3.91,106.39
DKI Jakarta,KOTA JAKARTA PUSAT,kabkota,2004,3.91,34.9
DKI Jakarta,KOTA JAKARTA PUSAT,kabkota,2005,3.17,28.5
DKI Jakarta,KOTA JAKARTA PUSAT,kabkota,2006,4.92,43.6
DKI Jakarta,KOTA JAKARTA PUSAT,kabkota,2007,3.99,34.5
DKI Jakarta,KOTA JAKARTA PUSAT,kabkota,2008,3.58,31.0
DKI Jakarta,KOTA JAKARTA PUSAT,kabkota,2009,3.68,32.1
DKI Jakarta,KOTA JAKARTA PUSAT,kabkota,2010,3.97,35.7
DKI Jakarta,KOTA JAKARTA PUSAT,kabkota,2011,3.56,32.6
DKI Jakarta,KOTA JAKARTA PUSAT,kabkota,2012,3.72,33.6
DKI Jakarta,KOTA JAKARTA PUSAT,kabkota,2013,3.7,33.6
DKI Jakarta,KOTA JAKARTA PUSAT,kabkota,2014,4.12,37.7
DKI Jakarta,KOTA JAKARTA PUSAT,kabkota,2015,4.16,38.01
DKI Jakarta,KOTA JAKARTA PUSAT,kabkota,2016,3.91,35.82
DKI Jakarta,KOTA JAKARTA PUSAT,kabkota,2017,3.78,34.83
DKI Jakarta,KOTA JAKARTA PUSAT,kabkota,2018,3.59,33.19
DKI Jakarta,KOTA JAKARTA PUSAT,kabkota,2019,3.68,34.13
DKI Jakarta,KOTA JAKARTA PUSAT,kabkota,2020,4.51,41.92
DKI Jakarta,KOTA JAKARTA PUSAT,kabkota,2021,4.94,45.1
DKI Jakarta,KOTA JAKARTA PUSAT,kabkota,2022,4.9,44.72
DKI Jakarta,KOTA JAKARTA PUSAT,kabkota,2023,4.68,42.78
DKI Jakarta,KOTA JAKARTA PUSAT,kabkota,2024,4.63,42.33
DKI Jakarta,KOTA JAKARTA PUSAT,kabkota,2025,4.7,43.06
DKI Jakarta,KOTA JAKARTA SELATAN,kabkota,2004,2.25,42.5
DKI Jakarta,KOTA JAKARTA SELATAN,kabkota,2005,3.36,64.0
DKI Jakarta,KOTA JAKARTA SELATAN,kabkota,2006,3.74,76.3
DKI Jakarta,KOTA JAKARTA SELATAN,kabkota,2007,3.74,76.3
DKI Jakarta,KOTA JAKARTA SELATAN,kabkota,2008,3.41,71.1
DKI Jakarta,KOTA JAKARTA SELATAN,kabkota,2009,3.52,73.7
DKI Jakarta,KOTA JAKARTA SELATAN,kabkota,2010,3.81,78.6
DKI Jakarta,KOTA JAKARTA SELATAN,kabkota,2011,3.43,71.8
DKI Jakarta,KOTA JAKARTA SELATAN,kabkota,2012,3.49,74.1
DKI Jakarta,KOTA JAKARTA SELATAN,kabkota,2013,3.47,74.6
DKI Jakarta,KOTA JAKARTA SELATAN,kabkota,2014,3.72,80.8
DKI Jakarta,KOTA JAKARTA SELATAN,kabkota,2015,3.41,74.46
DKI Jakarta,KOTA JAKARTA SELATAN,kabkota,2016,3.27,71.96
DKI Jakarta,KOTA JAKARTA SELATAN,kabkota,2017,3.14,69.82
DKI Jakarta,KOTA JAKARTA SELATAN,kabkota,2018,2.83,63.38
DKI Jakarta,KOTA JAKARTA SELATAN,kabkota,2019,2.73,61.76
DKI Jakarta,KOTA JAKARTA SELATAN,kabkota,2020,3.43,78.09
DKI Jakarta,KOTA JAKARTA SELATAN,kabkota,2021,3.56,81.5
DKI Jakarta,KOTA JAKARTA SELATAN,kabkota,2022,3.52,81.11
DKI Jakarta,KOTA JAKARTA SELATAN,kabkota,2023,3.1,71.9
DKI Jakarta,KOTA JAKARTA SELATAN,kabkota,2024,3.03,70.6
DKI Jakarta,KOTA JAKARTA SELATAN,kabkota,2025,3.23,75.66
DKI Jakarta,KOTA JAKARTA TIMUR,kabkota,2004,2.51,62.1
DKI Jakarta,KOTA JAKARTA TIMUR,kabkota,2005,2.85,71.2
DKI Jakarta,KOTA JAKARTA TIMUR,kabkota,2006,3.55,85.1
DKI Jakarta,KOTA JAKARTA TIMUR,kabkota,2007,4.02,94.6
DKI Jakarta,KOTA JAKARTA TIMUR,kabkota,2008,3.39,79.8
DKI Jakarta,KOTA JAKARTA TIMUR,kabkota,2009,3.42,81.2
DKI Jakarta,KOTA JAKARTA TIMUR,kabkota,2010,3.41,91.7
DKI Jakarta,KOTA JAKARTA TIMUR,kabkota,2011,3.06,83.8
DKI Jakarta,KOTA JAKARTA TIMUR,kabkota,2012,3.12,86.5
DKI Jakarta,KOTA JAKARTA TIMUR,kabkota,2013,3.1,86.8
DKI Jakarta,KOTA JAKARTA TIMUR,kabkota,2014,3.43,96.5
DKI Jakarta,KOTA JAKARTA TIMUR,kabkota,2015,3.24,91.44
DKI Jakarta,KOTA JAKARTA TIMUR,kabkota,2016,3.19,91.37
DKI Jakarta,KOTA JAKARTA TIMUR,kabkota,2017,3.31,95.67
DKI Jakarta,KOTA JAKARTA TIMUR,kabkota,2018,3.14,91.38
DKI Jakarta,KOTA JAKARTA TIMUR,kabkota,2019,3.12,91.61
DKI Jakarta,KOTA JAKARTA TIMUR,kabkota,2020,4.16,122.73
DKI Jakarta,KOTA JAKARTA TIMUR,kabkota,2021,4.28,125.37
DKI Jakarta,KOTA JAKARTA TIMUR,kabkota,2022,4.3,126.63
DKI Jakarta,KOTA JAKARTA TIMUR,kabkota,2023,4.2,124.22
DKI Jakarta,KOTA JAKARTA TIMUR,kabkota,2024,4.09,121.52
DKI Jakarta,KOTA JAKARTA TIMUR,kabkota,2025,3.94,117.4
DKI Jakarta,KOTA JAKARTA UTARA,kabkota,2004,5.08,72.0
DKI Jakarta,KOTA JAKARTA UTARA,kabkota,2005,6.48,91.7
DKI Jakarta,KOTA JAKARTA UTARA,kabkota,2006,7.58,109.4
DKI Jakarta,KOTA JAKARTA UTARA,kabkota,2007,7.95,112.2
DKI Jakarta,KOTA JAKARTA UTARA,kabkota,2008,6.02,85.2
DKI Jakarta,KOTA JAKARTA UTARA,kabkota,2009,5.34,76.2
DKI Jakarta,KOTA JAKARTA UTARA,kabkota,2010,5.62,92.7
DKI Jakarta,KOTA JAKARTA UTARA,kabkota,2011,5.07,84.7
DKI Jakarta,KOTA JAKARTA UTARA,kabkota,2012,5.14,87.2
DKI Jakarta,KOTA JAKARTA UTARA,kabkota,2013,5.3,90.9
DKI Jakarta,KOTA JAKARTA UTARA,kabkota,2014,6.0,104.2
DKI Jakarta,KOTA JAKARTA UTARA,kabkota,2015,5.91,102.97
DKI Jakarta,KOTA JAKARTA UTARA,kabkota,2016,5.57,98.11
DKI Jakarta,KOTA JAKARTA UTARA,kabkota,2017,5.59,99.31
DKI Jakarta,KOTA JAKARTA UTARA,kabkota,2018,5.35,95.86
DKI Jakarta,KOTA JAKARTA UTARA,kabkota,2019,5.04,91.09
DKI Jakarta,KOTA JAKARTA UTARA,kabkota,2020,6.78,123.59
DKI Jakarta,KOTA JAKARTA UTARA,kabkota,2021,7.24,132.73
DKI Jakarta,KOTA JAKARTA UTARA,kabkota,2022,7.24,133.73
DKI Jakarta,KOTA JAKARTA UTARA,kabkota,2023,6.78,125.98
DKI Jakarta,KOTA JAKARTA UTARA,kabkota,2024,6.44,120.51
DKI Jakarta,KOTA JAKARTA UTARA,kabkota,2025,6.33,119.02
Gorontalo,BOALEMO,kabkota,2004,32.4,34.3
Gorontalo,BOALEMO,kabkota,2005,31.47,32.5
Gorontalo,BOALEMO,kabkota,2006,31.41,37.0
Gorontalo,BOALEMO,kabkota,2007,29.21,32.7
Gorontalo,BOALEMO,kabkota,2008,23.17,27.2
Gorontalo,BOALEMO,kabkota,2009,20.74,24.4
Gorontalo,BOALEMO,kabkota,2010,19.82,25.8
Gorontalo,BOALEMO,kabkota,2011,21.9,29.1
Gorontalo,BOALEMO,kabkota,2012,20.42,28.3
Gorontalo,BOALEMO,kabkota,2013,21.79,31.1
Gorontalo,BOALEMO,kabkota,2014,20.79,30.5
Gorontalo,BOALEMO,kabkota,2015,21.67,32.19
Gorontalo,BOALEMO,kabkota,2016,21.11,32.29
Gorontalo,BOALEMO,kabkota,2017,21.85,34.35
Gorontalo,BOALEMO,kabkota,2018,20.33,32.83
Gorontalo,BOALEMO,kabkota,2019,18.87,31.31
Gorontalo,BOALEMO,kabkota,2020,18.57,31.63
Gorontalo,BOALEMO,kabkota,2021,19.0,31.83
Gorontalo,BOALEMO,kabkota,2022,18.74,31.97
Gorontalo,BOALEMO,kabkota,2023,18.38,31.94
Gorontalo,BOALEMO,kabkota,2024,17.83,31.53
Gorontalo,BOALEMO,kabkota,2025,16.37,29.4
Gorontalo,BONE BOLANGO,kabkota,2004,29.2,35.7
Gorontalo,BONE BOLANGO,kabkota,2005,30.23,36.0
Gorontalo,BONE BOLANGO,kabkota,2006,30.85,39.1
Gorontalo,BONE BOLANGO,kabkota,2007,30.6,36.1
Gorontalo,BONE BOLANGO,kabkota,2008,22.7,27.1
Gorontalo,BONE BOLANGO,kabkota,2009,19.97,24.1
Gorontalo,BONE BOLANGO,kabkota,2010,17.64,25.1
Gorontalo,BONE BOLANGO,kabkota,2011,17.39,25.3
Gorontalo,BONE BOLANGO,kabkota,2012,16.67,24.6
Gorontalo,BONE BOLANGO,kabkota,2013,17.19,25.7
Gorontalo,BONE BOLANGO,kabkota,2014,16.68,25.3
Gorontalo,BONE BOLANGO,kabkota,2015,18.49,28.19
Gorontalo,BONE BOLANGO,kabkota,2016,17.97,27.8
Gorontalo,BONE BOLANGO,kabkota,2017,17.81,27.91
Gorontalo,BONE BOLANGO,kabkota,2018,17.4,27.61
Gorontalo,BONE BOLANGO,kabkota,2019,16.12,25.91
Gorontalo,BONE BOLANGO,kabkota,2020,15.81,25.72
Gorontalo,BONE BOLANGO,kabkota,2021,16.3,25.76
Gorontalo,BONE BOLANGO,kabkota,2022,16.05,25.47
Gorontalo,BONE BOLANGO,kabkota,2023,15.51,24.72
Gorontalo,BONE BOLANGO,kabkota,2024,14.8,23.67
Gorontalo,BONE BOLANGO,kabkota,2025,13.16,21.11
Gorontalo,GORONTALO,kabkota,2004,33.5,138.5
Gorontalo,GORONTALO,kabkota,2005,34.49,138.6
Gorontalo,GORONTALO,kabkota,2006,34.36,146.9
Gorontalo,GORONTALO,kabkota,2007,32.07,100.5
Gorontalo,GORONTALO,kabkota,2008,24.1,75.2
Gorontalo,GORONTALO,kabkota,2009,21.48,66.9
Gorontalo,GORONTALO,kabkota,2010,18.87,67.1
Gorontalo,GORONTALO,kabkota,2011,21.31,77.9
Gorontalo,GORONTALO,kabkota,2012,20.79,75.6
Gorontalo,GORONTALO,kabkota,2013,21.57,79.0
Gorontalo,GORONTALO,kabkota,2014,21.05,77.7
Gorontalo,GORONTALO,kabkota,2015,21.8,80.52
Gorontalo,GORONTALO,kabkota,2016,21.03,78.36
Gorontalo,GORONTALO,kabkota,2017,20.55,76.93
Gorontalo,GORONTALO,kabkota,2018,19.84,74.69
Gorontalo,GORONTALO,kabkota,2019,18.06,68.31
Gorontalo,GORONTALO,kabkota,2020,17.56,66.73
Gorontalo,GORONTALO,kabkota,2021,17.89,67.21
Gorontalo,GORONTALO,kabkota,2022,17.71,66.64
Gorontalo,GORONTALO,kabkota,2023,17.48,65.88
Gorontalo,GORONTALO,kabkota,2024,16.43,61.91
Gorontalo,GORONTALO,kabkota,2025,14.89,56.13
Gorontalo,GORONTALO UTARA,kabkota,2004,,
Gorontalo,GORONTALO UTARA,kabkota,2005,,
Gorontalo,GORONTALO UTARA,kabkota,2006,,
Gorontalo,GORONTALO UTARA,kabkota,2007,33.18,29.2
Gorontalo,GORONTALO UTARA,kabkota,2008,23.94,20.9
Gorontalo,GORONTALO UTARA,kabkota,2009,21.5,19.0
Gorontalo,GORONTALO UTARA,kabkota,2010,19.58,20.4
Gorontalo,GORONTALO UTARA,kabkota,2011,19.22,20.5
Gorontalo,GORONTALO UTARA,kabkota,2012,18.54,19.9
Gorontalo,GORONTALO UTARA,kabkota,2013,19.16,20.8
Gorontalo,GORONTALO UTARA,kabkota,2014,18.34,20.1
Gorontalo,GORONTALO UTARA,kabkota,2015,18.93,21.06
Gorontalo,GORONTALO UTARA,kabkota,2016,18.51,20.65
Gorontalo,GORONTALO UTARA,kabkota,2017,19.23,21.67
Gorontalo,GORONTALO UTARA,kabkota,2018,18.54,21.09
Gorontalo,GORONTALO UTARA,kabkota,2019,16.95,19.46
Gorontalo,GORONTALO UTARA,kabkota,2020,16.88,19.56
Gorontalo,GORONTALO UTARA,kabkota,2021,17.23,19.34
Gorontalo,GORONTALO UTARA,kabkota,2022,17.24,19.38
Gorontalo,GORONTALO UTARA,kabkota,2023,17.03,19.17
Gorontalo,GORONTALO UTARA,kabkota,2024,16.86,18.99
Gorontalo,GORONTALO UTARA,kabkota,2025,15.89,17.9
Gorontalo,Gorontalo,provinsi,2004,29.0,259.1
Gorontalo,Gorontalo,provinsi,2005,29.05,255.0
Gorontalo,Gorontalo,provinsi,2006,29.13,273.8
Gorontalo,Gorontalo,provinsi,2007,27.35,241.9
Gorontalo,Gorontalo,provinsi,2008,20.47,182.9
Gorontalo,Gorontalo,provinsi,2009,18.34,165.1
Gorontalo,Gorontalo,provinsi,2010,16.55,172.6
Gorontalo,Gorontalo,provinsi,2011,18.02,192.4
Gorontalo,Gorontalo,provinsi,2012,17.22,186.8
Gorontalo,Gorontalo,provinsi,2013,18.0,198.5
Gorontalo,Gorontalo,provinsi,2014,17.41,195.1
Gorontalo,Gorontalo,provinsi,2015,18.32,206.84
Gorontalo,Gorontalo,provinsi,2016,17.72,203.19
Gorontalo,Gorontalo,provinsi,2017,17.65,205.37
Gorontalo,Gorontalo,provinsi,2018,16.81,198.51
Gorontalo,Gorontalo,provinsi,2019,15.52,186.03
Gorontalo,Gorontalo,provinsi,2020,15.22,185.02
Gorontalo,Gorontalo,provinsi,2021,15.61,186.29
Gorontalo,Gorontalo,provinsi,2022,15.42,185.44
Gorontalo,Gorontalo,provinsi,2023,15.15,183.72
Gorontalo,Gorontalo,provinsi,2024,14.57,177.99
Gorontalo,Gorontalo,provinsi,2025,13.24,162.74
Gorontalo,KOTA GORONTALO,kabkota,2004,10.9,16.0
Gorontalo,KOTA GORONTALO,kabkota,2005,10.06,15.2
Gorontalo,KOTA GORONTALO,kabkota,2006,9.87,15.6
Gorontalo,KOTA GORONTALO,kabkota,2007,8.11,12.0
Gorontalo,KOTA GORONTALO,kabkota,2008,5.23,7.9
Gorontalo,KOTA GORONTALO,kabkota,2009,5.29,8.3
Gorontalo,KOTA GORONTALO,kabkota,2010,5.49,9.9
Gorontalo,KOTA GORONTALO,kabkota,2011,5.97,11.0
Gorontalo,KOTA GORONTALO,kabkota,2012,5.61,10.7
Gorontalo,KOTA GORONTALO,kabkota,2013,5.99,11.7
Gorontalo,KOTA GORONTALO,kabkota,2014,5.85,11.6
Gorontalo,KOTA GORONTALO,kabkota,2015,6.05,12.18
Gorontalo,KOTA GORONTALO,kabkota,2016,6.05,12.43
Gorontalo,KOTA GORONTALO,kabkota,2017,5.7,11.95
Gorontalo,KOTA GORONTALO,kabkota,2018,5.57,11.91
Gorontalo,KOTA GORONTALO,kabkota,2019,5.45,11.91
Gorontalo,KOTA GORONTALO,kabkota,2020,5.59,12.46
Gorontalo,KOTA GORONTALO,kabkota,2021,5.93,12.94
Gorontalo,KOTA GORONTALO,kabkota,2022,5.73,12.67
Gorontalo,KOTA GORONTALO,kabkota,2023,5.64,12.62
Gorontalo,KOTA GORONTALO,kabkota,2024,5.74,12.97
Gorontalo,KOTA GORONTALO,kabkota,2025,5.31,12.12
Gorontalo,POHUWATO,kabkota,2004,32.8,34.6
Gorontalo,POHUWATO,kabkota,2005,31.88,32.7
Gorontalo,POHUWATO,kabkota,2006,32.06,35.1
Gorontalo,POHUWATO,kabkota,2007,29.74,31.3
Gorontalo,POHUWATO,kabkota,2008,23.28,24.5
Gorontalo,POHUWATO,kabkota,2009,21.15,22.5
Gorontalo,POHUWATO,kabkota,2010,18.73,24.2
Gorontalo,POHUWATO,kabkota,2011,21.58,28.5
Gorontalo,POHUWATO,kabkota,2012,20.18,27.7
Gorontalo,POHUWATO,kabkota,2013,21.47,30.2
Gorontalo,POHUWATO,kabkota,2014,20.69,29.8
Gorontalo,POHUWATO,kabkota,2015,22.43,32.7
Gorontalo,POHUWATO,kabkota,2016,21.17,31.66
Gorontalo,POHUWATO,kabkota,2017,21.27,32.55
Gorontalo,POHUWATO,kabkota,2018,19.4,30.39
Gorontalo,POHUWATO,kabkota,2019,18.16,29.13
Gorontalo,POHUWATO,kabkota,2020,17.62,28.92
Gorontalo,POHUWATO,kabkota,2021,18.08,29.22
Gorontalo,POHUWATO,kabkota,2022,17.87,29.32
Gorontalo,POHUWATO,kabkota,2023,17.64,29.39
Gorontalo,POHUWATO,kabkota,2024,17.11,28.93
Gorontalo,POHUWATO,kabkota,2025,15.24,26.1
Jambi,BATANG HARI,kabkota,2004,19.01,39.7
Jambi,BATANG HARI,kabkota,2005,18.09,38.6
Jambi,BATANG HARI,kabkota,2006,17.2,36.4
Jambi,BATANG HARI,kabkota,2007,15.42,33.1
Jambi,BATANG HARI,kabkota,2008,10.49,23.2
Jambi,BATANG HARI,kabkota,2009,10.11,22.8
Jambi,BATANG HARI,kabkota,2010,10.19,24.6
Jambi,BATANG HARI,kabkota,2011,9.56,23.8
Jambi,BATANG HARI,kabkota,2012,10.13,25.4
Jambi,BATANG HARI,kabkota,2013,10.42,26.5
Jambi,BATANG HARI,kabkota,2014,10.5,27.1
Jambi,BATANG HARI,kabkota,2015,10.69,28.1
Jambi,BATANG HARI,kabkota,2016,10.79,28.39
Jambi,BATANG HARI,kabkota,2017,10.33,27.49
Jambi,BATANG HARI,kabkota,2018,10.23,27.55
Jambi,BATANG HARI,kabkota,2019,9.75,26.53
Jambi,BATANG HARI,kabkota,2020,9.65,26.54
Jambi,BATANG HARI,kabkota,2021,10.05,27.24
Jambi,BATANG HARI,kabkota,2022,9.63,26.24
Jambi,BATANG HARI,kabkota,2023,9.45,25.88
Jambi,BATANG HARI,kabkota,2024,8.63,23.74
Jambi,BATANG HARI,kabkota,2025,8.27,22.83
Jambi,BUNGO,kabkota,2004,11.64,28.0
Jambi,BUNGO,kabkota,2005,9.72,23.7
Jambi,BUNGO,kabkota,2006,8.92,22.3
Jambi,BUNGO,kabkota,2007,7.63,19.6
Jambi,BUNGO,kabkota,2008,5.12,13.7
Jambi,BUNGO,kabkota,2009,5.32,14.6
Jambi,BUNGO,kabkota,2010,5.7,17.3
Jambi,BUNGO,kabkota,2011,5.35,16.7
Jambi,BUNGO,kabkota,2012,5.54,17.9
Jambi,BUNGO,kabkota,2013,5.25,17.3
Jambi,BUNGO,kabkota,2014,5.12,17.3
Jambi,BUNGO,kabkota,2015,5.7,19.52
Jambi,BUNGO,kabkota,2016,5.99,20.96
Jambi,BUNGO,kabkota,2017,5.82,20.81
Jambi,BUNGO,kabkota,2018,5.78,21.11
Jambi,BUNGO,kabkota,2019,5.6,20.87
Jambi,BUNGO,kabkota,2020,5.8,22.07
Jambi,BUNGO,kabkota,2021,6.23,23.64
Jambi,BUNGO,kabkota,2022,5.38,20.69
Jambi,BUNGO,kabkota,2023,5.29,20.65
Jambi,BUNGO,kabkota,2024,5.06,20.04
Jambi,BUNGO,kabkota,2025,5.17,20.73
Jambi,Jambi,provinsi,2004,12.45,325.1
Jambi,Jambi,provinsi,2005,11.88,317.8
Jambi,Jambi,provinsi,2006,11.37,304.6
Jambi,Jambi,provinsi,2007,10.27,281.9
Jambi,Jambi,provinsi,2008,9.28,261.2
Jambi,Jambi,provinsi,2009,8.55,245.0
Jambi,Jambi,provinsi,2010,8.4,260.4
Jambi,Jambi,provinsi,2011,7.9,251.8
Jambi,Jambi,provinsi,2012,8.28,268.5
Jambi,Jambi,provinsi,2013,8.41,277.7
Jambi,Jambi,provinsi,2014,8.39,281.8
Jambi,Jambi,provinsi,2015,8.86,300.71
Jambi,Jambi,provinsi,2016,8.41,289.81
Jambi,Jambi,provinsi,2017,8.19,286.55
Jambi,Jambi,provinsi,2018,7.92,281.69
Jambi,Jambi,provinsi,2019,7.6,274.32
Jambi,Jambi,provinsi,2020,7.58,277.8
Jambi,Jambi,provinsi,2021,8.09,293.86
Jambi,Jambi,provinsi,2022,7.62,279.37
Jambi,Jambi,provinsi,2023,7.58,280.68
Jambi,Jambi,provinsi,2024,7.1,265.42
Jambi,Jambi,provinsi,2025,7.19,270.94
Jambi,KERINCI,kabkota,2004,12.41,37.6
Jambi,KERINCI,kabkota,2005,12.25,37.6
Jambi,KERINCI,kabkota,2006,12.51,38.3
Jambi,KERINCI,kabkota,2007,11.3,34.8
Jambi,KERINCI,kabkota,2008,7.71,24.1
Jambi,KERINCI,kabkota,2009,7.25,22.8
Jambi,KERINCI,kabkota,2010,7.83,18.0
Jambi,KERINCI,kabkota,2011,7.36,17.4
Jambi,KERINCI,kabkota,2012,7.71,17.9
Jambi,KERINCI,kabkota,2013,7.35,17.2
Jambi,KERINCI,kabkota,2014,7.43,17.4
Jambi,KERINCI,kabkota,2015,8.16,19.15
Jambi,KERINCI,kabkota,2016,7.48,17.62
Jambi,KERINCI,kabkota,2017,7.45,17.62
Jambi,KERINCI,kabkota,2018,7.07,16.79
Jambi,KERINCI,kabkota,2019,7.13,17.0
Jambi,KERINCI,kabkota,2020,7.3,17.48
Jambi,KERINCI,kabkota,2021,7.71,18.45
Jambi,KERINCI,kabkota,2022,7.57,18.2
Jambi,KERINCI,kabkota,2023,7.54,18.21
Jambi,KERINCI,kabkota,2024,6.93,16.83
Jambi,KERINCI,kabkota,2025,7.48,18.28
Jambi,KOTA JAMBI,kabkota,2004,6.04,27.2
Jambi,KOTA JAMBI,kabkota,2005,5.37,24.9
Jambi,KOTA JAMBI,kabkota,2006,5.18,22.9
Jambi,KOTA JAMBI,kabkota,2007,5.04,23.2
Jambi,KOTA JAMBI,kabkota,2008,11.63,54.9
Jambi,KOTA JAMBI,kabkota,2009,10.54,50.7
Jambi,KOTA JAMBI,kabkota,2010,9.9,52.6
Jambi,KOTA JAMBI,kabkota,2011,9.27,50.8
Jambi,KOTA JAMBI,kabkota,2012,9.8,54.3
Jambi,KOTA JAMBI,kabkota,2013,8.91,50.1
Jambi,KOTA JAMBI,kabkota,2014,8.94,50.9
Jambi,KOTA JAMBI,kabkota,2015,9.67,55.51
Jambi,KOTA JAMBI,kabkota,2016,8.87,51.61
Jambi,KOTA JAMBI,kabkota,2017,8.84,52.08
Jambi,KOTA JAMBI,kabkota,2018,8.49,50.61
Jambi,KOTA JAMBI,kabkota,2019,8.12,48.95
Jambi,KOTA JAMBI,kabkota,2020,8.27,50.44
Jambi,KOTA JAMBI,kabkota,2021,9.02,54.23
Jambi,KOTA JAMBI,kabkota,2022,8.33,50.4
Jambi,KOTA JAMBI,kabkota,2023,8.24,50.09
Jambi,KOTA JAMBI,kabkota,2024,7.73,47.25
Jambi,KOTA JAMBI,kabkota,2025,7.69,47.21
Jambi,KOTA SUNGAI PENUH,kabkota,2004,,
Jambi,KOTA SUNGAI PENUH,kabkota,2005,,
Jambi,KOTA SUNGAI PENUH,kabkota,2006,,
Jambi,KOTA SUNGAI PENUH,kabkota,2007,,
Jambi,KOTA SUNGAI PENUH,kabkota,2008,,
Jambi,KOTA SUNGAI PENUH,kabkota,2009,,
Jambi,KOTA SUNGAI PENUH,kabkota,2010,3.64,3.0
Jambi,KOTA SUNGAI PENUH,kabkota,2011,3.42,2.9
Jambi,KOTA SUNGAI PENUH,kabkota,2012,3.66,3.1
Jambi,KOTA SUNGAI PENUH,kabkota,2013,3.3,2.8
Jambi,KOTA SUNGAI PENUH,kabkota,2014,3.33,2.9
Jambi,KOTA SUNGAI PENUH,kabkota,2015,3.43,2.98
Jambi,KOTA SUNGAI PENUH,kabkota,2016,3.13,2.75
Jambi,KOTA SUNGAI PENUH,kabkota,2017,2.78,2.46
Jambi,KOTA SUNGAI PENUH,kabkota,2018,2.76,2.48
Jambi,KOTA SUNGAI PENUH,kabkota,2019,2.81,2.55
Jambi,KOTA SUNGAI PENUH,kabkota,2020,3.03,2.78
Jambi,KOTA SUNGAI PENUH,kabkota,2021,3.41,3.03
Jambi,KOTA SUNGAI PENUH,kabkota,2022,2.97,2.64
Jambi,KOTA SUNGAI PENUH,kabkota,2023,3.0,2.66
Jambi,KOTA SUNGAI PENUH,kabkota,2024,2.92,2.6
Jambi,KOTA SUNGAI PENUH,kabkota,2025,3.23,2.87
Jambi,MERANGIN,kabkota,2004,15.0,41.3
Jambi,MERANGIN,kabkota,2005,14.73,41.3
Jambi,MERANGIN,kabkota,2006,14.05,38.9
Jambi,MERANGIN,kabkota,2007,12.1,34.2
Jambi,MERANGIN,kabkota,2008,9.5,27.5
Jambi,MERANGIN,kabkota,2009,8.65,25.5
Jambi,MERANGIN,kabkota,2010,8.07,27.3
Jambi,MERANGIN,kabkota,2011,7.68,26.4
Jambi,MERANGIN,kabkota,2012,8.08,28.2
Jambi,MERANGIN,kabkota,2013,9.31,33.1
Jambi,MERANGIN,kabkota,2014,9.37,33.9
Jambi,MERANGIN,kabkota,2015,9.8,35.77
Jambi,MERANGIN,kabkota,2016,9.95,36.89
Jambi,MERANGIN,kabkota,2017,9.43,35.48
Jambi,MERANGIN,kabkota,2018,8.88,33.95
Jambi,MERANGIN,kabkota,2019,8.48,32.88
Jambi,MERANGIN,kabkota,2020,8.63,33.92
Jambi,MERANGIN,kabkota,2021,9.11,35.44
Jambi,MERANGIN,kabkota,2022,8.7,34.14
Jambi,MERANGIN,kabkota,2023,8.9,35.19
Jambi,MERANGIN,kabkota,2024,8.4,33.49
Jambi,MERANGIN,kabkota,2025,8.07,32.38
Jambi,MUARO JAMBI,kabkota,2004,9.65,26.5
Jambi,MUARO JAMBI,kabkota,2005,9.39,26.5
Jambi,MUARO JAMBI,kabkota,2006,8.47,25.0
Jambi,MUARO JAMBI,kabkota,2007,7.13,21.9
Jambi,MUARO JAMBI,kabkota,2008,4.35,13.7
Jambi,MUARO JAMBI,kabkota,2009,4.54,14.4
Jambi,MUARO JAMBI,kabkota,2010,5.29,18.2
Jambi,MUARO JAMBI,kabkota,2011,4.98,17.6
Jambi,MUARO JAMBI,kabkota,2012,5.08,18.8
Jambi,MUARO JAMBI,kabkota,2013,4.58,17.4
Jambi,MUARO JAMBI,kabkota,2014,4.45,17.4
Jambi,MUARO JAMBI,kabkota,2015,4.63,18.32
Jambi,MUARO JAMBI,kabkota,2016,4.3,17.52
Jambi,MUARO JAMBI,kabkota,2017,4.37,18.28
Jambi,MUARO JAMBI,kabkota,2018,4.05,17.38
Jambi,MUARO JAMBI,kabkota,2019,3.83,16.86
Jambi,MUARO JAMBI,kabkota,2020,3.83,17.3
Jambi,MUARO JAMBI,kabkota,2021,4.53,20.49
Jambi,MUARO JAMBI,kabkota,2022,4.47,20.64
Jambi,MUARO JAMBI,kabkota,2023,4.43,20.83
Jambi,MUARO JAMBI,kabkota,2024,3.65,17.48
Jambi,MUARO JAMBI,kabkota,2025,4.32,21.05
Jambi,SAROLANGUN,kabkota,2004,20.25,39.6
Jambi,SAROLANGUN,kabkota,2005,19.81,39.6
Jambi,SAROLANGUN,kabkota,2006,18.23,37.3
Jambi,SAROLANGUN,kabkota,2007,16.11,33.7
Jambi,SAROLANGUN,kabkota,2008,11.69,25.2
Jambi,SAROLANGUN,kabkota,2009,9.85,21.7
Jambi,SAROLANGUN,kabkota,2010,9.66,23.9
Jambi,SAROLANGUN,kabkota,2011,9.1,23.1
Jambi,SAROLANGUN,kabkota,2012,9.45,24.7
Jambi,SAROLANGUN,kabkota,2013,10.51,28.1
Jambi,SAROLANGUN,kabkota,2014,10.17,27.8
Jambi,SAROLANGUN,kabkota,2015,10.29,28.5
Jambi,SAROLANGUN,kabkota,2016,9.33,26.37
Jambi,SAROLANGUN,kabkota,2017,8.87,25.61
Jambi,SAROLANGUN,kabkota,2018,8.73,25.7
Jambi,SAROLANGUN,kabkota,2019,8.45,25.39
Jambi,SAROLANGUN,kabkota,2020,8.42,25.79
Jambi,SAROLANGUN,kabkota,2021,8.87,27.06
Jambi,SAROLANGUN,kabkota,2022,8.48,26.23
Jambi,SAROLANGUN,kabkota,2023,8.54,26.77
Jambi,SAROLANGUN,kabkota,2024,8.36,26.54
Jambi,SAROLANGUN,kabkota,2025,8.74,28.08
Jambi,TANJUNG JABUNG BARAT,kabkota,2004,15.73,35.8
Jambi,TANJUNG JABUNG BARAT,kabkota,2005,13.28,31.6
Jambi,TANJUNG JABUNG BARAT,kabkota,2006,12.48,29.8
Jambi,TANJUNG JABUNG BARAT,kabkota,2007,12.79,31.6
Jambi,TANJUNG JABUNG BARAT,kabkota,2008,13.43,34.0
Jambi,TANJUNG JABUNG BARAT,kabkota,2009,11.65,30.2
Jambi,TANJUNG JABUNG BARAT,kabkota,2010,11.08,31.0
Jambi,TANJUNG JABUNG BARAT,kabkota,2011,10.43,30.0
Jambi,TANJUNG JABUNG BARAT,kabkota,2012,10.91,32.1
Jambi,TANJUNG JABUNG BARAT,kabkota,2013,11.61,34.9
Jambi,TANJUNG JABUNG BARAT,kabkota,2014,11.64,35.7
Jambi,TANJUNG JABUNG BARAT,kabkota,2015,12.63,39.1
Jambi,TANJUNG JABUNG BARAT,kabkota,2016,11.81,37.24
Jambi,TANJUNG JABUNG BARAT,kabkota,2017,11.32,36.33
Jambi,TANJUNG JABUNG BARAT,kabkota,2018,11.1,36.28
Jambi,TANJUNG JABUNG BARAT,kabkota,2019,10.56,35.12
Jambi,TANJUNG JABUNG BARAT,kabkota,2020,10.29,34.79
Jambi,TANJUNG JABUNG BARAT,kabkota,2021,10.75,36.1
Jambi,TANJUNG JABUNG BARAT,kabkota,2022,10.0,33.95
Jambi,TANJUNG JABUNG BARAT,kabkota,2023,9.79,33.61
Jambi,TANJUNG JABUNG BARAT,kabkota,2024,9.54,33.12
Jambi,TANJUNG JABUNG BARAT,kabkota,2025,9.67,33.88
Jambi,TANJUNG JABUNG TIMUR,kabkota,2004,11.61,23.5
Jambi,TANJUNG JABUNG TIMUR,kabkota,2005,13.44,27.8
Jambi,TANJUNG JABUNG TIMUR,kabkota,2006,13.97,28.9
Jambi,TANJUNG JABUNG TIMUR,kabkota,2007,13.44,28.3
Jambi,TANJUNG JABUNG TIMUR,kabkota,2008,13.49,28.8
Jambi,TANJUNG JABUNG TIMUR,kabkota,2009,12.21,26.4
Jambi,TANJUNG JABUNG TIMUR,kabkota,2010,12.4,25.4
Jambi,TANJUNG JABUNG TIMUR,kabkota,2011,11.6,24.6
Jambi,TANJUNG JABUNG TIMUR,kabkota,2012,12.5,26.2
Jambi,TANJUNG JABUNG TIMUR,kabkota,2013,13.42,28.3
Jambi,TANJUNG JABUNG TIMUR,kabkota,2014,13.55,28.8
Jambi,TANJUNG JABUNG TIMUR,kabkota,2015,14.17,30.18
Jambi,TANJUNG JABUNG TIMUR,kabkota,2016,12.76,27.42
Jambi,TANJUNG JABUNG TIMUR,kabkota,2017,12.58,27.22
Jambi,TANJUNG JABUNG TIMUR,kabkota,2018,12.38,26.99
Jambi,TANJUNG JABUNG TIMUR,kabkota,2019,11.54,25.35
Jambi,TANJUNG JABUNG TIMUR,kabkota,2020,10.95,24.23
Jambi,TANJUNG JABUNG TIMUR,kabkota,2021,11.39,24.42
Jambi,TANJUNG JABUNG TIMUR,kabkota,2022,10.91,23.42
Jambi,TANJUNG JABUNG TIMUR,kabkota,2023,10.85,23.33
Jambi,TANJUNG JABUNG TIMUR,kabkota,2024,10.14,21.86
Jambi,TANJUNG JABUNG TIMUR,kabkota,2025,9.96,21.54
Jambi,TEBO,kabkota,2004,11.16,26.2
Jambi,TEBO,kabkota,2005,10.9,26.2
Jambi,TEBO,kabkota,2006,10.05,24.7
Jambi,TEBO,kabkota,2007,8.69,21.7
Jambi,TEBO,kabkota,2008,6.34,16.2
Jambi,TEBO,kabkota,2009,6.1,15.9
Jambi,TEBO,kabkota,2010,6.42,19.2
Jambi,TEBO,kabkota,2011,6.05,18.6
Jambi,TEBO,kabkota,2012,6.34,19.9
Jambi,TEBO,kabkota,2013,6.86,22.0
Jambi,TEBO,kabkota,2014,6.89,22.5
Jambi,TEBO,kabkota,2015,7.12,23.57
Jambi,TEBO,kabkota,2016,6.87,23.04
Jambi,TEBO,kabkota,2017,6.79,23.18
Jambi,TEBO,kabkota,2018,6.58,22.86
Jambi,TEBO,kabkota,2019,6.47,22.83
Jambi,TEBO,kabkota,2020,6.26,22.47
Jambi,TEBO,kabkota,2021,6.68,23.77
Jambi,TEBO,kabkota,2022,6.34,22.81
Jambi,TEBO,kabkota,2023,6.46,23.47
Jambi,TEBO,kabkota,2024,6.12,22.48
Jambi,TEBO,kabkota,2025,5.97,22.1
Jawa Barat,BANDUNG,kabkota,2004,11.84,483.6
Jawa Barat,BANDUNG,kabkota,2005,13.33,550.1
Jawa Barat,BANDUNG,kabkota,2006,15.15,619.0
Jawa Barat,BANDUNG,kabkota,2007,13.14,365.3
Jawa Barat,BANDUNG,kabkota,2008,9.42,267.1
Jawa Barat,BANDUNG,kabkota,2009,8.29,238.8
Jawa Barat,BANDUNG,kabkota,2010,9.29,296.3
Jawa Barat,BANDUNG,kabkota,2011,8.99,292.2
Jawa Barat,BANDUNG,kabkota,2012,8.33,279.5
Jawa Barat,BANDUNG,kabkota,2013,7.94,271.7
Jawa Barat,BANDUNG,kabkota,2014,7.65,266.8
Jawa Barat,BANDUNG,kabkota,2015,8.0,281.04
Jawa Barat,BANDUNG,kabkota,2016,7.61,272.65
Jawa Barat,BANDUNG,kabkota,2017,7.36,268.02
Jawa Barat,BANDUNG,kabkota,2018,6.65,246.13
Jawa Barat,BANDUNG,kabkota,2019,5.94,223.21
Jawa Barat,BANDUNG,kabkota,2020,6.91,263.6
Jawa Barat,BANDUNG,kabkota,2021,7.15,269.18
Jawa Barat,BANDUNG,kabkota,2022,6.8,258.61
Jawa Barat,BANDUNG,kabkota,2023,6.4,245.49
Jawa Barat,BANDUNG,kabkota,2024,6.19,239.87
Jawa Barat,BANDUNG,kabkota,2025,6.04,236.06
Jawa Barat,BANDUNG BARAT,kabkota,2004,,
Jawa Barat,BANDUNG BARAT,kabkota,2005,,
Jawa Barat,BANDUNG BARAT,kabkota,2006,,
Jawa Barat,BANDUNG BARAT,kabkota,2007,18.7,261.7
Jawa Barat,BANDUNG BARAT,kabkota,2008,17.61,251.7
Jawa Barat,BANDUNG BARAT,kabkota,2009,16.03,232.7
Jawa Barat,BANDUNG BARAT,kabkota,2010,14.68,222.9
Jawa Barat,BANDUNG BARAT,kabkota,2011,14.22,219.8
Jawa Barat,BANDUNG BARAT,kabkota,2012,13.35,209.9
Jawa Barat,BANDUNG BARAT,kabkota,2013,12.92,206.0
Jawa Barat,BANDUNG BARAT,kabkota,2014,12.26,197.9
Jawa Barat,BANDUNG BARAT,kabkota,2015,12.67,205.69
Jawa Barat,BANDUNG BARAT,kabkota,2016,11.71,192.48
Jawa Barat,BANDUNG BARAT,kabkota,2017,11.49,190.89
Jawa Barat,BANDUNG BARAT,kabkota,2018,10.06,169.0
Jawa Barat,BANDUNG BARAT,kabkota,2019,9.38,159.03
Jawa Barat,BANDUNG BARAT,kabkota,2020,10.49,179.46
Jawa Barat,BANDUNG BARAT,kabkota,2021,11.3,190.77
Jawa Barat,BANDUNG BARAT,kabkota,2022,10.82,183.67
Jawa Barat,BANDUNG BARAT,kabkota,2023,10.52,179.43
Jawa Barat,BANDUNG BARAT,kabkota,2024,10.49,179.7
Jawa Barat,BANDUNG BARAT,kabkota,2025,9.87,169.66
Jawa Barat,BEKASI,kabkota,2004,6.35,121.7
Jawa Barat,BEKASI,kabkota,2005,7.01,137.5
Jawa Barat,BEKASI,kabkota,2006,7.58,154.7
Jawa Barat,BEKASI,kabkota,2007,6.66,141.7
Jawa Barat,BEKASI,kabkota,2008,5.89,130.4
Jawa Barat,BEKASI,kabkota,2009,5.97,136.7
Jawa Barat,BEKASI,kabkota,2010,6.11,161.8
Jawa Barat,BEKASI,kabkota,2011,5.93,159.5
Jawa Barat,BEKASI,kabkota,2012,5.25,153.1
Jawa Barat,BEKASI,kabkota,2013,5.2,157.7
Jawa Barat,BEKASI,kabkota,2014,4.97,156.6
Jawa Barat,BEKASI,kabkota,2015,5.27,169.2
Jawa Barat,BEKASI,kabkota,2016,4.92,164.41
Jawa Barat,BEKASI,kabkota,2017,4.73,163.95
Jawa Barat,BEKASI,kabkota,2018,4.37,157.21
Jawa Barat,BEKASI,kabkota,2019,4.01,149.43
Jawa Barat,BEKASI,kabkota,2020,4.82,186.3
Jawa Barat,BEKASI,kabkota,2021,5.21,202.73
Jawa Barat,BEKASI,kabkota,2022,5.01,201.14
Jawa Barat,BEKASI,kabkota,2023,4.93,204.09
Jawa Barat,BEKASI,kabkota,2024,4.8,204.54
Jawa Barat,BEKASI,kabkota,2025,4.36,191.0
Jawa Barat,BOGOR,kabkota,2004,11.94,453.4
Jawa Barat,BOGOR,kabkota,2005,12.5,476.7
Jawa Barat,BOGOR,kabkota,2006,13.83,536.4
Jawa Barat,BOGOR,kabkota,2007,13.1,519.5
Jawa Barat,BOGOR,kabkota,2008,12.11,491.4
Jawa Barat,BOGOR,kabkota,2009,10.81,446.0
Jawa Barat,BOGOR,kabkota,2010,9.97,477.2
Jawa Barat,BOGOR,kabkota,2011,9.65,470.5
Jawa Barat,BOGOR,kabkota,2012,8.83,451.0
Jawa Barat,BOGOR,kabkota,2013,9.54,499.1
Jawa Barat,BOGOR,kabkota,2014,8.91,479.1
Jawa Barat,BOGOR,kabkota,2015,8.96,487.1
Jawa Barat,BOGOR,kabkota,2016,8.83,490.8
Jawa Barat,BOGOR,kabkota,2017,8.57,487.28
Jawa Barat,BOGOR,kabkota,2018,7.14,415.02
Jawa Barat,BOGOR,kabkota,2019,6.66,395.03
Jawa Barat,BOGOR,kabkota,2020,7.69,465.67
Jawa Barat,BOGOR,kabkota,2021,8.13,491.24
Jawa Barat,BOGOR,kabkota,2022,7.73,474.74
Jawa Barat,BOGOR,kabkota,2023,7.27,453.76
Jawa Barat,BOGOR,kabkota,2024,7.05,446.79
Jawa Barat,BOGOR,kabkota,2025,6.26,401.86
Jawa Barat,CIAMIS,kabkota,2004,14.73,221.9
Jawa Barat,CIAMIS,kabkota,2005,15.07,228.6
Jawa Barat,CIAMIS,kabkota,2006,16.13,244.1
Jawa Barat,CIAMIS,kabkota,2007,13.94,213.1
Jawa Barat,CIAMIS,kabkota,2008,12.32,190.5
Jawa Barat,CIAMIS,kabkota,2009,11.23,174.5
Jawa Barat,CIAMIS,kabkota,2010,10.34,158.5
Jawa Barat,CIAMIS,kabkota,2011,9.98,156.3
Jawa Barat,CIAMIS,kabkota,2012,9.63,147.8
Jawa Barat,CIAMIS,kabkota,2013,8.62,133.0
Jawa Barat,CIAMIS,kabkota,2014,8.38,130.0
Jawa Barat,CIAMIS,kabkota,2015,8.98,104.87
Jawa Barat,CIAMIS,kabkota,2016,8.42,98.77
Jawa Barat,CIAMIS,kabkota,2017,8.2,96.76
Jawa Barat,CIAMIS,kabkota,2018,7.22,85.72
Jawa Barat,CIAMIS,kabkota,2019,6.65,79.41
Jawa Barat,CIAMIS,kabkota,2020,7.62,91.39
Jawa Barat,CIAMIS,kabkota,2021,7.97,96.6
Jawa Barat,CIAMIS,kabkota,2022,7.72,93.96
Jawa Barat,CIAMIS,kabkota,2023,7.42,90.84
Jawa Barat,CIAMIS,kabkota,2024,7.39,90.79
Jawa Barat,CIAMIS,kabkota,2025,7.19,88.72
Jawa Barat,CIANJUR,kabkota,2004,17.36,357.9
Jawa Barat,CIANJUR,kabkota,2005,17.57,369.4
Jawa Barat,CIANJUR,kabkota,2006,19.81,415.7
Jawa Barat,CIANJUR,kabkota,2007,18.49,394.6
Jawa Barat,CIANJUR,kabkota,2008,15.38,334.3
Jawa Barat,CIANJUR,kabkota,2009,14.14,311.1
Jawa Barat,CIANJUR,kabkota,2010,14.32,311.0
Jawa Barat,CIANJUR,kabkota,2011,13.82,306.6
Jawa Barat,CIANJUR,kabkota,2012,13.18,292.2
Jawa Barat,CIANJUR,kabkota,2013,12.02,267.9
Jawa Barat,CIANJUR,kabkota,2014,11.47,256.6
Jawa Barat,CIANJUR,kabkota,2015,12.21,273.9
Jawa Barat,CIANJUR,kabkota,2016,11.62,261.39
Jawa Barat,CIANJUR,kabkota,2017,11.41,257.41
Jawa Barat,CIANJUR,kabkota,2018,9.81,221.58
Jawa Barat,CIANJUR,kabkota,2019,9.15,207.07
Jawa Barat,CIANJUR,kabkota,2020,10.36,234.47
Jawa Barat,CIANJUR,kabkota,2021,11.18,260.02
Jawa Barat,CIANJUR,kabkota,2022,10.55,246.81
Jawa Barat,CIANJUR,kabkota,2023,10.22,240.06
Jawa Barat,CIANJUR,kabkota,2024,10.14,239.3
Jawa Barat,CIANJUR,kabkota,2025,9.82,232.61
Jawa Barat,CIREBON,kabkota,2004,16.59,341.2
Jawa Barat,CIREBON,kabkota,2005,18.59,386.1
Jawa Barat,CIREBON,kabkota,2006,21.13,434.5
Jawa Barat,CIREBON,kabkota,2007,19.07,398.0
Jawa Barat,CIREBON,kabkota,2008,20.25,429.7
Jawa Barat,CIREBON,kabkota,2009,18.22,390.5
Jawa Barat,CIREBON,kabkota,2010,16.12,333.3
Jawa Barat,CIREBON,kabkota,2011,15.56,328.6
Jawa Barat,CIREBON,kabkota,2012,14.96,311.3
Jawa Barat,CIREBON,kabkota,2013,14.65,307.2
Jawa Barat,CIREBON,kabkota,2014,14.22,300.5
Jawa Barat,CIREBON,kabkota,2015,14.77,313.21
Jawa Barat,CIREBON,kabkota,2016,13.49,288.49
Jawa Barat,CIREBON,kabkota,2017,12.97,279.55
Jawa Barat,CIREBON,kabkota,2018,10.7,232.37
Jawa Barat,CIREBON,kabkota,2019,9.94,217.64
Jawa Barat,CIREBON,kabkota,2020,11.24,247.94
Jawa Barat,CIREBON,kabkota,2021,12.3,271.02
Jawa Barat,CIREBON,kabkota,2022,12.01,266.1
Jawa Barat,CIREBON,kabkota,2023,11.2,249.18
Jawa Barat,CIREBON,kabkota,2024,11.0,245.92
Jawa Barat,CIREBON,kabkota,2025,10.23,229.64
Jawa Barat,GARUT,kabkota,2004,15.37,338.3
Jawa Barat,GARUT,kabkota,2005,17.43,386.1
Jawa Barat,GARUT,kabkota,2006,19.61,434.5
Jawa Barat,GARUT,kabkota,2007,19.31,435.5
Jawa Barat,GARUT,kabkota,2008,17.87,410.6
Jawa Barat,GARUT,kabkota,2009,15.7,365.4
Jawa Barat,GARUT,kabkota,2010,13.94,335.6
Jawa Barat,GARUT,kabkota,2011,13.47,330.9
Jawa Barat,GARUT,kabkota,2012,12.72,315.8
Jawa Barat,GARUT,kabkota,2013,12.79,320.9
Jawa Barat,GARUT,kabkota,2014,12.47,315.6
Jawa Barat,GARUT,kabkota,2015,12.81,325.67
Jawa Barat,GARUT,kabkota,2016,11.64,298.52
Jawa Barat,GARUT,kabkota,2017,11.27,291.24
Jawa Barat,GARUT,kabkota,2018,9.27,241.31
Jawa Barat,GARUT,kabkota,2019,8.98,235.19
Jawa Barat,GARUT,kabkota,2020,9.98,262.78
Jawa Barat,GARUT,kabkota,2021,10.65,281.36
Jawa Barat,GARUT,kabkota,2022,10.42,276.67
Jawa Barat,GARUT,kabkota,2023,9.77,260.48
Jawa Barat,GARUT,kabkota,2024,9.68,259.32
Jawa Barat,GARUT,kabkota,2025,9.39,252.56
Jawa Barat,INDRAMAYU,kabkota,2004,16.49,273.0
Jawa Barat,INDRAMAYU,kabkota,2005,18.43,312.1
Jawa Barat,INDRAMAYU,kabkota,2006,20.66,351.2
Jawa Barat,INDRAMAYU,kabkota,2007,20.96,361.7
Jawa Barat,INDRAMAYU,kabkota,2008,19.75,347.0
Jawa Barat,INDRAMAYU,kabkota,2009,17.99,319.5
Jawa Barat,INDRAMAYU,kabkota,2010,16.58,276.0
Jawa Barat,INDRAMAYU,kabkota,2011,16.01,272.1
Jawa Barat,INDRAMAYU,kabkota,2012,15.44,257.3
Jawa Barat,INDRAMAYU,kabkota,2013,14.99,251.1
Jawa Barat,INDRAMAYU,kabkota,2014,14.29,240.7
Jawa Barat,INDRAMAYU,kabkota,2015,14.98,253.12
Jawa Barat,INDRAMAYU,kabkota,2016,13.95,237.0
Jawa Barat,INDRAMAYU,kabkota,2017,13.67,233.38
Jawa Barat,INDRAMAYU,kabkota,2018,11.89,204.18
Jawa Barat,INDRAMAYU,kabkota,2019,11.11,191.86
Jawa Barat,INDRAMAYU,kabkota,2020,12.7,220.31
Jawa Barat,INDRAMAYU,kabkota,2021,13.04,228.59
Jawa Barat,INDRAMAYU,kabkota,2022,12.77,225.04
Jawa Barat,INDRAMAYU,kabkota,2023,12.13,214.74
Jawa Barat,INDRAMAYU,kabkota,2024,11.93,212.14
Jawa Barat,INDRAMAYU,kabkota,2025,11.02,196.78
Jawa Barat,Jawa Barat,provinsi,2004,12.1,
Jawa Barat,Jawa Barat,provinsi,2005,13.06,
Jawa Barat,Jawa Barat,provinsi,2006,14.49,
Jawa Barat,Jawa Barat,provinsi,2007,13.55,
Jawa Barat,Jawa Barat,provinsi,2008,12.74,
Jawa Barat,Jawa Barat,provinsi,2009,11.58,
Jawa Barat,Jawa Barat,provinsi,2010,10.93,
Jawa Barat,Jawa Barat,provinsi,2011,10.57,
Jawa Barat,Jawa Barat,provinsi,2012,9.88,
Jawa Barat,Jawa Barat,provinsi,2013,9.61,
Jawa Barat,Jawa Barat,provinsi,2014,9.18,
Jawa Barat,Jawa Barat,provinsi,2015,9.53,
Jawa Barat,Jawa Barat,provinsi,2016,8.95,
Jawa Barat,Jawa Barat,provinsi,2017,8.71,4168.44
Jawa Barat,Jawa Barat,provinsi,2018,7.45,3615.79
Jawa Barat,Jawa Barat,provinsi,2019,6.91,3399.16
Jawa Barat,Jawa Barat,provinsi,2020,7.88,3920.23
Jawa Barat,Jawa Barat,provinsi,2021,8.4,4195.34
Jawa Barat,Jawa Barat,provinsi,2022,8.06,4070.98
Jawa Barat,Jawa Barat,provinsi,2023,7.62,3888.6
Jawa Barat,Jawa Barat,provinsi,2024,7.46,3848.67
Jawa Barat,Jawa Barat,provinsi,2025,7.02,3654.74
Jawa Barat,KARAWANG,kabkota,2004,13.28,252.1
Jawa Barat,KARAWANG,kabkota,2005,14.93,285.6
Jawa Barat,KARAWANG,kabkota,2006,16.51,321.4
Jawa Barat,KARAWANG,kabkota,2007,14.83,294.4
Jawa Barat,KARAWANG,kabkota,2008,14.0,283.4
Jawa Barat,KARAWANG,kabkota,2009,12.9,264.8
Jawa Barat,KARAWANG,kabkota,2010,12.21,260.3
Jawa Barat,KARAWANG,kabkota,2011,11.8,256.7
Jawa Barat,KARAWANG,kabkota,2012,11.11,245.1
Jawa Barat,KARAWANG,kabkota,2013,10.69,238.6
Jawa Barat,KARAWANG,kabkota,2014,10.15,229.0
Jawa Barat,KARAWANG,kabkota,2015,10.37,235.03
Jawa Barat,KARAWANG,kabkota,2016,10.07,230.6
Jawa Barat,KARAWANG,kabkota,2017,10.25,236.84
Jawa Barat,KARAWANG,kabkota,2018,8.06,187.96
Jawa Barat,KARAWANG,kabkota,2019,7.39,173.66
Jawa Barat,KARAWANG,kabkota,2020,8.26,195.41
Jawa Barat,KARAWANG,kabkota,2021,8.95,210.78
Jawa Barat,KARAWANG,kabkota,2022,8.44,199.91
Jawa Barat,KARAWANG,kabkota,2023,7.87,187.23
Jawa Barat,KARAWANG,kabkota,2024,7.86,187.77
Jawa Barat,KARAWANG,kabkota,2025,7.08,169.8
Jawa Barat,KOTA BANDUNG,kabkota,2004,3.38,75.5
Jawa Barat,KOTA BANDUNG,kabkota,2005,3.71,84.6
Jawa Barat,KOTA BANDUNG,kabkota,2006,4.09,95.2
Jawa Barat,KOTA BANDUNG,kabkota,2007,3.68,87.2
Jawa Barat,KOTA BANDUNG,kabkota,2008,4.42,106.8
Jawa Barat,KOTA BANDUNG,kabkota,2009,4.5,110.3
Jawa Barat,KOTA BANDUNG,kabkota,2010,4.95,118.6
Jawa Barat,KOTA BANDUNG,kabkota,2011,4.78,116.9
Jawa Barat,KOTA BANDUNG,kabkota,2012,4.55,111.4
Jawa Barat,KOTA BANDUNG,kabkota,2013,4.78,117.7
Jawa Barat,KOTA BANDUNG,kabkota,2014,4.65,115.0
Jawa Barat,KOTA BANDUNG,kabkota,2015,4.61,114.12
Jawa Barat,KOTA BANDUNG,kabkota,2016,4.32,107.58
Jawa Barat,KOTA BANDUNG,kabkota,2017,4.17,103.98
Jawa Barat,KOTA BANDUNG,kabkota,2018,3.57,89.38
Jawa Barat,KOTA BANDUNG,kabkota,2019,3.38,84.67
Jawa Barat,KOTA BANDUNG,kabkota,2020,3.99,100.02
Jawa Barat,KOTA BANDUNG,kabkota,2021,4.37,112.5
Jawa Barat,KOTA BANDUNG,kabkota,2022,4.25,109.82
Jawa Barat,KOTA BANDUNG,kabkota,2023,3.96,102.8
Jawa Barat,KOTA BANDUNG,kabkota,2024,3.87,101.1
Jawa Barat,KOTA BANDUNG,kabkota,2025,3.78,99.12
Jawa Barat,KOTA BANJAR,kabkota,2004,10.33,16.9
Jawa Barat,KOTA BANJAR,kabkota,2005,10.07,17.1
Jawa Barat,KOTA BANJAR,kabkota,2006,7.96,13.0
Jawa Barat,KOTA BANJAR,kabkota,2007,7.86,12.9
Jawa Barat,KOTA BANJAR,kabkota,2008,9.31,15.7
Jawa Barat,KOTA BANJAR,kabkota,2009,8.64,14.6
Jawa Barat,KOTA BANJAR,kabkota,2010,8.47,14.9
Jawa Barat,KOTA BANJAR,kabkota,2011,8.21,14.7
Jawa Barat,KOTA BANJAR,kabkota,2012,7.79,13.9
Jawa Barat,KOTA BANJAR,kabkota,2013,7.11,12.8
Jawa Barat,KOTA BANJAR,kabkota,2014,6.95,12.7
Jawa Barat,KOTA BANJAR,kabkota,2015,7.41,13.42
Jawa Barat,KOTA BANJAR,kabkota,2016,7.01,12.74
Jawa Barat,KOTA BANJAR,kabkota,2017,7.06,12.87
Jawa Barat,KOTA BANJAR,kabkota,2018,5.7,10.41
Jawa Barat,KOTA BANJAR,kabkota,2019,5.5,10.07
Jawa Barat,KOTA BANJAR,kabkota,2020,6.09,11.16
Jawa Barat,KOTA BANJAR,kabkota,2021,7.11,13.37
Jawa Barat,KOTA BANJAR,kabkota,2022,6.73,12.73
Jawa Barat,KOTA BANJAR,kabkota,2023,6.14,11.66
Jawa Barat,KOTA BANJAR,kabkota,2024,5.85,11.16
Jawa Barat,KOTA BANJAR,kabkota,2025,5.73,10.97
Jawa Barat,KOTA BEKASI,kabkota,2004,1.04,58.2
Jawa Barat,KOTA BEKASI,kabkota,2005,3.42,71.5
Jawa Barat,KOTA BEKASI,kabkota,2006,5.07,104.4
Jawa Barat,KOTA BEKASI,kabkota,2007,4.97,106.9
Jawa Barat,KOTA BEKASI,kabkota,2008,6.36,142.3
Jawa Barat,KOTA BEKASI,kabkota,2009,5.78,134.2
Jawa Barat,KOTA BEKASI,kabkota,2010,6.3,148.0
Jawa Barat,KOTA BEKASI,kabkota,2011,6.12,145.9
Jawa Barat,KOTA BEKASI,kabkota,2012,5.56,139.8
Jawa Barat,KOTA BEKASI,kabkota,2013,5.33,137.8
Jawa Barat,KOTA BEKASI,kabkota,2014,5.25,139.7
Jawa Barat,KOTA BEKASI,kabkota,2015,5.46,146.94
Jawa Barat,KOTA BEKASI,kabkota,2016,5.06,140.03
Jawa Barat,KOTA BEKASI,kabkota,2017,4.79,136.01
Jawa Barat,KOTA BEKASI,kabkota,2018,4.11,119.82
Jawa Barat,KOTA BEKASI,kabkota,2019,3.81,113.65
Jawa Barat,KOTA BEKASI,kabkota,2020,4.38,134.01
Jawa Barat,KOTA BEKASI,kabkota,2021,4.74,144.12
Jawa Barat,KOTA BEKASI,kabkota,2022,4.43,137.39
Jawa Barat,KOTA BEKASI,kabkota,2023,4.1,129.4
Jawa Barat,KOTA BEKASI,kabkota,2024,4.01,128.84
Jawa Barat,KOTA BEKASI,kabkota,2025,3.96,129.54
Jawa Barat,KOTA BOGOR,kabkota,2004,7.85,67.7
Jawa Barat,KOTA BOGOR,kabkota,2005,8.31,79.3
Jawa Barat,KOTA BOGOR,kabkota,2006,9.64,89.2
Jawa Barat,KOTA BOGOR,kabkota,2007,9.47,91.4
Jawa Barat,KOTA BOGOR,kabkota,2008,9.72,97.7
Jawa Barat,KOTA BOGOR,kabkota,2009,8.82,91.7
Jawa Barat,KOTA BOGOR,kabkota,2010,9.47,90.2
Jawa Barat,KOTA BOGOR,kabkota,2011,9.16,88.9
Jawa Barat,KOTA BOGOR,kabkota,2012,8.48,84.8
Jawa Barat,KOTA BOGOR,kabkota,2013,8.19,83.3
Jawa Barat,KOTA BOGOR,kabkota,2014,7.74,80.1
Jawa Barat,KOTA BOGOR,kabkota,2015,7.6,79.15
Jawa Barat,KOTA BOGOR,kabkota,2016,7.29,77.28
Jawa Barat,KOTA BOGOR,kabkota,2017,7.11,76.53
Jawa Barat,KOTA BOGOR,kabkota,2018,5.93,64.85
Jawa Barat,KOTA BOGOR,kabkota,2019,5.77,63.97
Jawa Barat,KOTA BOGOR,kabkota,2020,6.68,75.04
Jawa Barat,KOTA BOGOR,kabkota,2021,7.24,80.09
Jawa Barat,KOTA BOGOR,kabkota,2022,7.1,79.15
Jawa Barat,KOTA BOGOR,kabkota,2023,6.67,74.95
Jawa Barat,KOTA BOGOR,kabkota,2024,6.53,73.93
Jawa Barat,KOTA BOGOR,kabkota,2025,5.89,67.16
Jawa Barat,KOTA CIMAHI,kabkota,2004,8.85,43.5
Jawa Barat,KOTA CIMAHI,kabkota,2005,8.44,50.8
Jawa Barat,KOTA CIMAHI,kabkota,2006,7.41,42.2
Jawa Barat,KOTA CIMAHI,kabkota,2007,7.33,43.7
Jawa Barat,KOTA CIMAHI,kabkota,2008,8.35,52.3
Jawa Barat,KOTA CIMAHI,kabkota,2009,7.1,46.4
Jawa Barat,KOTA CIMAHI,kabkota,2010,7.4,40.1
Jawa Barat,KOTA CIMAHI,kabkota,2011,7.15,39.5
Jawa Barat,KOTA CIMAHI,kabkota,2012,6.68,37.7
Jawa Barat,KOTA CIMAHI,kabkota,2013,5.63,32.3
Jawa Barat,KOTA CIMAHI,kabkota,2014,5.47,31.8
Jawa Barat,KOTA CIMAHI,kabkota,2015,5.84,34.09
Jawa Barat,KOTA CIMAHI,kabkota,2016,5.92,35.07
Jawa Barat,KOTA CIMAHI,kabkota,2017,5.76,34.53
Jawa Barat,KOTA CIMAHI,kabkota,2018,4.94,29.94
Jawa Barat,KOTA CIMAHI,kabkota,2019,4.39,26.91
Jawa Barat,KOTA CIMAHI,kabkota,2020,5.11,31.64
Jawa Barat,KOTA CIMAHI,kabkota,2021,5.35,32.48
Jawa Barat,KOTA CIMAHI,kabkota,2022,5.11,31.16
Jawa Barat,KOTA CIMAHI,kabkota,2023,4.66,28.56
Jawa Barat,KOTA CIMAHI,kabkota,2024,4.39,27.0
Jawa Barat,KOTA CIMAHI,kabkota,2025,4.2,25.97
Jawa Barat,KOTA CIREBON,kabkota,2004,7.52,20.7
Jawa Barat,KOTA CIREBON,kabkota,2005,6.91,21.2
Jawa Barat,KOTA CIREBON,kabkota,2006,8.7,27.4
Jawa Barat,KOTA CIREBON,kabkota,2007,8.7,28.3
Jawa Barat,KOTA CIREBON,kabkota,2008,14.11,47.4
Jawa Barat,KOTA CIREBON,kabkota,2009,13.06,45.0
Jawa Barat,KOTA CIREBON,kabkota,2010,12.0,35.5
Jawa Barat,KOTA CIREBON,kabkota,2011,11.56,35.0
Jawa Barat,KOTA CIREBON,kabkota,2012,11.1,33.2
Jawa Barat,KOTA CIREBON,kabkota,2013,10.54,31.9
Jawa Barat,KOTA CIREBON,kabkota,2014,10.03,30.6
Jawa Barat,KOTA CIREBON,kabkota,2015,10.36,31.74
Jawa Barat,KOTA CIREBON,kabkota,2016,9.73,30.15
Jawa Barat,KOTA CIREBON,kabkota,2017,9.66,30.19
Jawa Barat,KOTA CIREBON,kabkota,2018,8.88,28.03
Jawa Barat,KOTA CIREBON,kabkota,2019,8.41,26.8
Jawa Barat,KOTA CIREBON,kabkota,2020,9.52,30.61
Jawa Barat,KOTA CIREBON,kabkota,2021,10.03,31.98
Jawa Barat,KOTA CIREBON,kabkota,2022,9.82,31.47
Jawa Barat,KOTA CIREBON,kabkota,2023,9.16,29.49
Jawa Barat,KOTA CIREBON,kabkota,2024,9.02,29.17
Jawa Barat,KOTA CIREBON,kabkota,2025,8.66,28.12
Jawa Barat,KOTA DEPOK,kabkota,2004,4.84,64.0
Jawa Barat,KOTA DEPOK,kabkota,2005,2.88,39.6
Jawa Barat,KOTA DEPOK,kabkota,2006,2.48,35.3
Jawa Barat,KOTA DEPOK,kabkota,2007,2.42,35.9
Jawa Barat,KOTA DEPOK,kabkota,2008,2.69,41.7
Jawa Barat,KOTA DEPOK,kabkota,2009,2.93,47.1
Jawa Barat,KOTA DEPOK,kabkota,2010,2.84,49.6
Jawa Barat,KOTA DEPOK,kabkota,2011,2.75,48.9
Jawa Barat,KOTA DEPOK,kabkota,2012,2.46,47.0
Jawa Barat,KOTA DEPOK,kabkota,2013,2.32,45.9
Jawa Barat,KOTA DEPOK,kabkota,2014,2.32,47.5
Jawa Barat,KOTA DEPOK,kabkota,2015,2.4,49.97
Jawa Barat,KOTA DEPOK,kabkota,2016,2.34,50.56
Jawa Barat,KOTA DEPOK,kabkota,2017,2.34,52.34
Jawa Barat,KOTA DEPOK,kabkota,2018,2.14,49.39
Jawa Barat,KOTA DEPOK,kabkota,2019,2.07,49.35
Jawa Barat,KOTA DEPOK,kabkota,2020,2.45,60.43
Jawa Barat,KOTA DEPOK,kabkota,2021,2.58,63.86
Jawa Barat,KOTA DEPOK,kabkota,2022,2.53,64.36
Jawa Barat,KOTA DEPOK,kabkota,2023,2.38,61.95
Jawa Barat,KOTA DEPOK,kabkota,2024,2.34,62.6
Jawa Barat,KOTA DEPOK,kabkota,2025,2.31,63.45
Jawa Barat,KOTA SUKABUMI,kabkota,2004,6.16,16.8
Jawa Barat,KOTA SUKABUMI,kabkota,2005,7.09,21.9
Jawa Barat,KOTA SUKABUMI,kabkota,2006,8.2,24.6
Jawa Barat,KOTA SUKABUMI,kabkota,2007,7.26,22.6
Jawa Barat,KOTA SUKABUMI,kabkota,2008,10.41,33.6
Jawa Barat,KOTA SUKABUMI,kabkota,2009,9.16,30.4
Jawa Barat,KOTA SUKABUMI,kabkota,2010,9.24,27.7
Jawa Barat,KOTA SUKABUMI,kabkota,2011,8.95,27.3
Jawa Barat,KOTA SUKABUMI,kabkota,2012,8.42,26.0
Jawa Barat,KOTA SUKABUMI,kabkota,2013,8.05,25.2
Jawa Barat,KOTA SUKABUMI,kabkota,2014,7.65,24.1
Jawa Barat,KOTA SUKABUMI,kabkota,2015,8.79,27.84
Jawa Barat,KOTA SUKABUMI,kabkota,2016,8.59,27.51
Jawa Barat,KOTA SUKABUMI,kabkota,2017,8.48,27.41
Jawa Barat,KOTA SUKABUMI,kabkota,2018,7.12,23.2
Jawa Barat,KOTA SUKABUMI,kabkota,2019,6.67,21.87
Jawa Barat,KOTA SUKABUMI,kabkota,2020,7.7,25.42
Jawa Barat,KOTA SUKABUMI,kabkota,2021,8.25,27.19
Jawa Barat,KOTA SUKABUMI,kabkota,2022,8.02,26.59
Jawa Barat,KOTA SUKABUMI,kabkota,2023,7.5,24.96
Jawa Barat,KOTA SUKABUMI,kabkota,2024,7.2,24.1
Jawa Barat,KOTA SUKABUMI,kabkota,2025,6.9,23.17
Jawa Barat,KOTA TASIKMALAYA,kabkota,2004,8.48,48.6
Jawa Barat,KOTA TASIKMALAYA,kabkota,2005,9.12,52.9
Jawa Barat,KOTA TASIKMALAYA,kabkota,2006,10.23,59.5
Jawa Barat,KOTA TASIKMALAYA,kabkota,2007,9.3,54.5
Jawa Barat,KOTA TASIKMALAYA,kabkota,2008,26.08,154.5
Jawa Barat,KOTA TASIKMALAYA,kabkota,2009,23.55,140.1
Jawa Barat,KOTA TASIKMALAYA,kabkota,2010,20.71,131.6
Jawa Barat,KOTA TASIKMALAYA,kabkota,2011,19.98,129.8
Jawa Barat,KOTA TASIKMALAYA,kabkota,2012,18.94,123.0
Jawa Barat,KOTA TASIKMALAYA,kabkota,2013,17.19,112.2
Jawa Barat,KOTA TASIKMALAYA,kabkota,2014,15.95,104.5
Jawa Barat,KOTA TASIKMALAYA,kabkota,2015,16.28,106.78
Jawa Barat,KOTA TASIKMALAYA,kabkota,2016,15.6,102.79
Jawa Barat,KOTA TASIKMALAYA,kabkota,2017,14.8,97.85
Jawa Barat,KOTA TASIKMALAYA,kabkota,2018,12.71,84.22
Jawa Barat,KOTA TASIKMALAYA,kabkota,2019,11.6,76.98
Jawa Barat,KOTA TASIKMALAYA,kabkota,2020,12.97,86.13
Jawa Barat,KOTA TASIKMALAYA,kabkota,2021,13.13,89.46
Jawa Barat,KOTA TASIKMALAYA,kabkota,2022,12.72,87.13
Jawa Barat,KOTA TASIKMALAYA,kabkota,2023,11.53,79.37
Jawa Barat,KOTA TASIKMALAYA,kabkota,2024,11.1,76.71
Jawa Barat,KOTA TASIKMALAYA,kabkota,2025,10.84,75.22
Jawa Barat,KUNINGAN,kabkota,2004,18.95,196.8
Jawa Barat,KUNINGAN,kabkota,2005,18.65,196.7
Jawa Barat,KUNINGAN,kabkota,2006,18.69,196.7
Jawa Barat,KUNINGAN,kabkota,2007,17.58,187.7
Jawa Barat,KUNINGAN,kabkota,2008,16.75,182.0
Jawa Barat,KUNINGAN,kabkota,2009,15.91,174.8
Jawa Barat,KUNINGAN,kabkota,2010,14.68,152.4
Jawa Barat,KUNINGAN,kabkota,2011,14.2,150.3
Jawa Barat,KUNINGAN,kabkota,2012,13.7,142.3
Jawa Barat,KUNINGAN,kabkota,2013,13.34,139.4
Jawa Barat,KUNINGAN,kabkota,2014,12.72,133.6
Jawa Barat,KUNINGAN,kabkota,2015,13.97,147.21
Jawa Barat,KUNINGAN,kabkota,2016,13.59,144.07
Jawa Barat,KUNINGAN,kabkota,2017,13.27,141.55
Jawa Barat,KUNINGAN,kabkota,2018,12.22,131.16
Jawa Barat,KUNINGAN,kabkota,2019,11.41,123.16
Jawa Barat,KUNINGAN,kabkota,2020,12.82,139.2
Jawa Barat,KUNINGAN,kabkota,2021,13.1,143.35
Jawa Barat,KUNINGAN,kabkota,2022,12.76,140.25
Jawa Barat,KUNINGAN,kabkota,2023,12.12,133.88
Jawa Barat,KUNINGAN,kabkota,2024,11.88,131.83
Jawa Barat,KUNINGAN,kabkota,2025,10.74,119.67
Jawa Barat,MAJALENGKA,kabkota,2004,17.42,202.0
Jawa Barat,MAJALENGKA,kabkota,2005,19.39,227.4
Jawa Barat,MAJALENGKA,kabkota,2006,21.82,255.9
Jawa Barat,MAJALENGKA,kabkota,2007,19.77,234.4
Jawa Barat,MAJALENGKA,kabkota,2008,18.79,225.7
Jawa Barat,MAJALENGKA,kabkota,2009,17.12,207.2
Jawa Barat,MAJALENGKA,kabkota,2010,15.51,181.1
Jawa Barat,MAJALENGKA,kabkota,2011,14.98,178.6
Jawa Barat,MAJALENGKA,kabkota,2012,14.46,168.6
Jawa Barat,MAJALENGKA,kabkota,2013,14.07,164.9
Jawa Barat,MAJALENGKA,kabkota,2014,13.42,158.0
Jawa Barat,MAJALENGKA,kabkota,2015,14.19,167.5
Jawa Barat,MAJALENGKA,kabkota,2016,12.85,152.5
Jawa Barat,MAJALENGKA,kabkota,2017,12.6,150.26
Jawa Barat,MAJALENGKA,kabkota,2018,10.79,129.29
Jawa Barat,MAJALENGKA,kabkota,2019,10.06,121.06
Jawa Barat,MAJALENGKA,kabkota,2020,11.43,138.21
Jawa Barat,MAJALENGKA,kabkota,2021,12.33,151.14
Jawa Barat,MAJALENGKA,kabkota,2022,11.94,147.12
Jawa Barat,MAJALENGKA,kabkota,2023,11.21,138.74
Jawa Barat,MAJALENGKA,kabkota,2024,10.82,134.58
Jawa Barat,MAJALENGKA,kabkota,2025,10.31,128.67
Jawa Barat,PANGANDARAN,kabkota,2004,,
Jawa Barat,PANGANDARAN,kabkota,2005,,
Jawa Barat,PANGANDARAN,kabkota,2006,,
Jawa Barat,PANGANDARAN,kabkota,2007,,
Jawa Barat,PANGANDARAN,kabkota,2008,,
Jawa Barat,PANGANDARAN,kabkota,2009,,
Jawa Barat,PANGANDARAN,kabkota,2010,,
Jawa Barat,PANGANDARAN,kabkota,2011,,
Jawa Barat,PANGANDARAN,kabkota,2012,,
Jawa Barat,PANGANDARAN,kabkota,2013,,
Jawa Barat,PANGANDARAN,kabkota,2014,,
Jawa Barat,PANGANDARAN,kabkota,2015,10.76,41.97
Jawa Barat,PANGANDARAN,kabkota,2016,10.23,40.14
Jawa Barat,PANGANDARAN,kabkota,2017,10.0,39.46
Jawa Barat,PANGANDARAN,kabkota,2018,8.12,32.19
Jawa Barat,PANGANDARAN,kabkota,2019,7.71,30.73
Jawa Barat,PANGANDARAN,kabkota,2020,8.99,36.05
Jawa Barat,PANGANDARAN,kabkota,2021,9.65,39.07
Jawa Barat,PANGANDARAN,kabkota,2022,9.32,37.91
Jawa Barat,PANGANDARAN,kabkota,2023,8.98,36.7
Jawa Barat,PANGANDARAN,kabkota,2024,8.75,35.95
Jawa Barat,PANGANDARAN,kabkota,2025,8.03,33.09
Jawa Barat,PURWAKARTA,kabkota,2004,12.6,95.5
Jawa Barat,PURWAKARTA,kabkota,2005,14.37,111.1
Jawa Barat,PURWAKARTA,kabkota,2006,16.34,125.0
Jawa Barat,PURWAKARTA,kabkota,2007,14.7,114.5
Jawa Barat,PURWAKARTA,kabkota,2008,11.61,92.5
Jawa Barat,PURWAKARTA,kabkota,2009,10.48,84.7
Jawa Barat,PURWAKARTA,kabkota,2010,10.57,90.3
Jawa Barat,PURWAKARTA,kabkota,2011,10.22,89.0
Jawa Barat,PURWAKARTA,kabkota,2012,9.57,85.0
Jawa Barat,PURWAKARTA,kabkota,2013,9.28,83.6
Jawa Barat,PURWAKARTA,kabkota,2014,8.8,80.3
Jawa Barat,PURWAKARTA,kabkota,2015,9.14,83.94
Jawa Barat,PURWAKARTA,kabkota,2016,8.98,83.55
Jawa Barat,PURWAKARTA,kabkota,2017,9.06,85.25
Jawa Barat,PURWAKARTA,kabkota,2018,7.99,75.94
Jawa Barat,PURWAKARTA,kabkota,2019,7.48,71.86
Jawa Barat,PURWAKARTA,kabkota,2020,8.27,80.17
Jawa Barat,PURWAKARTA,kabkota,2021,8.83,84.27
Jawa Barat,PURWAKARTA,kabkota,2022,8.7,83.44
Jawa Barat,PURWAKARTA,kabkota,2023,8.46,81.54
Jawa Barat,PURWAKARTA,kabkota,2024,8.41,81.44
Jawa Barat,PURWAKARTA,kabkota,2025,7.87,76.51
Jawa Barat,SUBANG,kabkota,2004,14.67,202.5
Jawa Barat,SUBANG,kabkota,2005,16.67,232.7
Jawa Barat,SUBANG,kabkota,2006,18.9,261.9
Jawa Barat,SUBANG,kabkota,2007,16.84,235.8
Jawa Barat,SUBANG,kabkota,2008,15.15,215.0
Jawa Barat,SUBANG,kabkota,2009,14.13,201.8
Jawa Barat,SUBANG,kabkota,2010,13.54,198.3
Jawa Barat,SUBANG,kabkota,2011,13.06,195.5
Jawa Barat,SUBANG,kabkota,2012,12.49,185.4
Jawa Barat,SUBANG,kabkota,2013,12.35,185.4
Jawa Barat,SUBANG,kabkota,2014,11.73,177.9
Jawa Barat,SUBANG,kabkota,2015,12.27,187.17
Jawa Barat,SUBANG,kabkota,2016,11.05,170.37
Jawa Barat,SUBANG,kabkota,2017,10.77,167.79
Jawa Barat,SUBANG,kabkota,2018,8.67,136.61
Jawa Barat,SUBANG,kabkota,2019,8.12,129.18
Jawa Barat,SUBANG,kabkota,2020,9.31,149.81
Jawa Barat,SUBANG,kabkota,2021,10.03,158.97
Jawa Barat,SUBANG,kabkota,2022,9.75,155.34
Jawa Barat,SUBANG,kabkota,2023,9.52,152.33
Jawa Barat,SUBANG,kabkota,2024,9.49,152.56
Jawa Barat,SUBANG,kabkota,2025,9.23,148.99
Jawa Barat,SUKABUMI,kabkota,2004,14.7,321.4
Jawa Barat,SUKABUMI,kabkota,2005,16.57,364.9
Jawa Barat,SUKABUMI,kabkota,2006,17.66,384.6
Jawa Barat,SUKABUMI,kabkota,2007,15.98,352.3
Jawa Barat,SUKABUMI,kabkota,2008,13.26,296.4
Jawa Barat,SUKABUMI,kabkota,2009,11.78,265.5
Jawa Barat,SUKABUMI,kabkota,2010,10.65,249.6
Jawa Barat,SUKABUMI,kabkota,2011,10.28,246.1
Jawa Barat,SUKABUMI,kabkota,2012,9.79,234.6
Jawa Barat,SUKABUMI,kabkota,2013,9.24,222.8
Jawa Barat,SUKABUMI,kabkota,2014,8.81,213.5
Jawa Barat,SUKABUMI,kabkota,2015,8.96,217.86
Jawa Barat,SUKABUMI,kabkota,2016,8.13,198.66
Jawa Barat,SUKABUMI,kabkota,2017,8.04,197.12
Jawa Barat,SUKABUMI,kabkota,2018,6.76,166.33
Jawa Barat,SUKABUMI,kabkota,2019,6.22,153.3
Jawa Barat,SUKABUMI,kabkota,2020,7.09,175.1
Jawa Barat,SUKABUMI,kabkota,2021,7.7,194.35
Jawa Barat,SUKABUMI,kabkota,2022,7.34,186.28
Jawa Barat,SUKABUMI,kabkota,2023,7.01,178.71
Jawa Barat,SUKABUMI,kabkota,2024,6.87,175.93
Jawa Barat,SUKABUMI,kabkota,2025,6.41,164.63
Jawa Barat,SUMEDANG,kabkota,2004,11.74,120.3
Jawa Barat,SUMEDANG,kabkota,2005,13.34,137.5
Jawa Barat,SUMEDANG,kabkota,2006,15.12,154.7
Jawa Barat,SUMEDANG,kabkota,2007,15.63,161.8
Jawa Barat,SUMEDANG,kabkota,2008,15.18,159.7
Jawa Barat,SUMEDANG,kabkota,2009,13.69,145.3
Jawa Barat,SUMEDANG,kabkota,2010,12.94,141.4
Jawa Barat,SUMEDANG,kabkota,2011,12.48,139.4
Jawa Barat,SUMEDANG,kabkota,2012,11.87,132.9
Jawa Barat,SUMEDANG,kabkota,2013,11.31,127.4
Jawa Barat,SUMEDANG,kabkota,2014,10.78,122.0
Jawa Barat,SUMEDANG,kabkota,2015,11.36,129.03
Jawa Barat,SUMEDANG,kabkota,2016,10.57,120.6
Jawa Barat,SUMEDANG,kabkota,2017,10.53,120.63
Jawa Barat,SUMEDANG,kabkota,2018,9.76,112.14
Jawa Barat,SUMEDANG,kabkota,2019,9.05,104.18
Jawa Barat,SUMEDANG,kabkota,2020,10.26,118.38
Jawa Barat,SUMEDANG,kabkota,2021,10.71,126.28
Jawa Barat,SUMEDANG,kabkota,2022,10.14,120.12
Jawa Barat,SUMEDANG,kabkota,2023,9.36,111.39
Jawa Barat,SUMEDANG,kabkota,2024,9.1,108.89
Jawa Barat,SUMEDANG,kabkota,2025,8.81,105.82
Jawa Barat,TASIKMALAYA,kabkota,2004,16.14,260.9
Jawa Barat,TASIKMALAYA,kabkota,2005,18.23,296.2
Jawa Barat,TASIKMALAYA,kabkota,2006,20.27,331.3
Jawa Barat,TASIKMALAYA,kabkota,2007,18.15,302.4
Jawa Barat,TASIKMALAYA,kabkota,2008,14.7,250.2
Jawa Barat,TASIKMALAYA,kabkota,2009,13.5,233.2
Jawa Barat,TASIKMALAYA,kabkota,2010,12.78,214.6
Jawa Barat,TASIKMALAYA,kabkota,2011,12.36,211.6
Jawa Barat,TASIKMALAYA,kabkota,2012,11.76,201.5
Jawa Barat,TASIKMALAYA,kabkota,2013,11.57,199.3
Jawa Barat,TASIKMALAYA,kabkota,2014,11.26,194.8
Jawa Barat,TASIKMALAYA,kabkota,2015,11.99,208.12
Jawa Barat,TASIKMALAYA,kabkota,2016,11.24,195.61
Jawa Barat,TASIKMALAYA,kabkota,2017,10.84,189.35
Jawa Barat,TASIKMALAYA,kabkota,2018,9.85,172.41
Jawa Barat,TASIKMALAYA,kabkota,2019,9.12,159.93
Jawa Barat,TASIKMALAYA,kabkota,2020,10.34,181.52
Jawa Barat,TASIKMALAYA,kabkota,2021,11.15,200.59
Jawa Barat,TASIKMALAYA,kabkota,2022,10.73,194.1
Jawa Barat,TASIKMALAYA,kabkota,2023,10.28,186.87
Jawa Barat,TASIKMALAYA,kabkota,2024,10.23,186.75
Jawa Barat,TASIKMALAYA,kabkota,2025,10.15,185.99
Jawa Tengah,BANJARNEGARA,kabkota,2004,26.91,240.3
Jawa Tengah,BANJARNEGARA,kabkota,2005,27.35,239.5
Jawa Tengah,BANJARNEGARA,kabkota,2006,29.4,251.3
Jawa Tengah,BANJARNEGARA,kabkota,2007,27.18,232.9
Jawa Tengah,BANJARNEGARA,kabkota,2008,23.34,200.6
Jawa Tengah,BANJARNEGARA,kabkota,2009,21.36,184.0
Jawa Tengah,BANJARNEGARA,kabkota,2010,19.17,166.7
Jawa Tengah,BANJARNEGARA,kabkota,2011,20.38,177.3
Jawa Tengah,BANJARNEGARA,kabkota,2012,18.87,167.0
Jawa Tengah,BANJARNEGARA,kabkota,2013,18.71,166.8
Jawa Tengah,BANJARNEGARA,kabkota,2014,17.77,159.5
Jawa Tengah,BANJARNEGARA,kabkota,2015,18.37,165.36
Jawa Tengah,BANJARNEGARA,kabkota,2016,17.46,158.2
Jawa Tengah,BANJARNEGARA,kabkota,2017,17.21,156.83
Jawa Tengah,BANJARNEGARA,kabkota,2018,15.46,141.72
Jawa Tengah,BANJARNEGARA,kabkota,2019,14.76,136.1
Jawa Tengah,BANJARNEGARA,kabkota,2020,15.64,144.95
Jawa Tengah,BANJARNEGARA,kabkota,2021,16.23,150.19
Jawa Tengah,BANJARNEGARA,kabkota,2022,15.2,141.25
Jawa Tengah,BANJARNEGARA,kabkota,2023,14.9,138.99
Jawa Tengah,BANJARNEGARA,kabkota,2024,14.71,137.68
Jawa Tengah,BANJARNEGARA,kabkota,2025,13.28,124.66
Jawa Tengah,BANYUMAS,kabkota,2004,21.47,325.2
Jawa Tengah,BANYUMAS,kabkota,2005,22.02,326.8
Jawa Tengah,BANYUMAS,kabkota,2006,24.44,362.2
Jawa Tengah,BANYUMAS,kabkota,2007,22.46,333.0
Jawa Tengah,BANYUMAS,kabkota,2008,22.93,340.7
Jawa Tengah,BANYUMAS,kabkota,2009,21.52,319.8
Jawa Tengah,BANYUMAS,kabkota,2010,20.2,314.2
Jawa Tengah,BANYUMAS,kabkota,2011,21.11,328.5
Jawa Tengah,BANYUMAS,kabkota,2012,19.44,309.8
Jawa Tengah,BANYUMAS,kabkota,2013,18.44,296.8
Jawa Tengah,BANYUMAS,kabkota,2014,17.45,283.5
Jawa Tengah,BANYUMAS,kabkota,2015,17.52,285.85
Jawa Tengah,BANYUMAS,kabkota,2016,17.23,283.9
Jawa Tengah,BANYUMAS,kabkota,2017,17.05,283.25
Jawa Tengah,BANYUMAS,kabkota,2018,13.5,226.23
Jawa Tengah,BANYUMAS,kabkota,2019,12.53,211.65
Jawa Tengah,BANYUMAS,kabkota,2020,13.26,225.84
Jawa Tengah,BANYUMAS,kabkota,2021,13.66,232.91
Jawa Tengah,BANYUMAS,kabkota,2022,12.84,220.47
Jawa Tengah,BANYUMAS,kabkota,2023,12.53,216.5
Jawa Tengah,BANYUMAS,kabkota,2024,11.95,207.78
Jawa Tengah,BANYUMAS,kabkota,2025,11.15,194.87
Jawa Tengah,BATANG,kabkota,2004,19.01,133.3
Jawa Tengah,BATANG,kabkota,2005,18.15,125.3
Jawa Tengah,BATANG,kabkota,2006,19.99,134.4
Jawa Tengah,BATANG,kabkota,2007,20.79,139.8
Jawa Tengah,BATANG,kabkota,2008,18.08,122.0
Jawa Tengah,BATANG,kabkota,2009,16.61,112.2
Jawa Tengah,BATANG,kabkota,2010,14.67,103.6
Jawa Tengah,BATANG,kabkota,2011,13.47,95.3
Jawa Tengah,BATANG,kabkota,2012,12.4,89.8
Jawa Tengah,BATANG,kabkota,2013,11.96,87.5
Jawa Tengah,BATANG,kabkota,2014,11.13,82.1
Jawa Tengah,BATANG,kabkota,2015,11.27,83.53
Jawa Tengah,BATANG,kabkota,2016,11.04,82.56
Jawa Tengah,BATANG,kabkota,2017,10.8,81.45
Jawa Tengah,BATANG,kabkota,2018,8.69,66.08
Jawa Tengah,BATANG,kabkota,2019,8.35,64.07
Jawa Tengah,BATANG,kabkota,2020,9.13,70.57
Jawa Tengah,BATANG,kabkota,2021,9.68,74.91
Jawa Tengah,BATANG,kabkota,2022,8.98,69.94
Jawa Tengah,BATANG,kabkota,2023,8.92,69.97
Jawa Tengah,BATANG,kabkota,2024,8.73,68.85
Jawa Tengah,BATANG,kabkota,2025,7.79,61.75
Jawa Tengah,BLORA,kabkota,2004,22.97,191.2
Jawa Tengah,BLORA,kabkota,2005,21.73,177.1
Jawa Tengah,BLORA,kabkota,2006,23.95,197.6
Jawa Tengah,BLORA,kabkota,2007,21.46,176.8
Jawa Tengah,BLORA,kabkota,2008,18.79,155.1
Jawa Tengah,BLORA,kabkota,2009,17.7,146.0
Jawa Tengah,BLORA,kabkota,2010,16.27,135.0
Jawa Tengah,BLORA,kabkota,2011,16.24,134.9
Jawa Tengah,BLORA,kabkota,2012,15.1,127.1
Jawa Tengah,BLORA,kabkota,2013,14.64,123.8
Jawa Tengah,BLORA,kabkota,2014,13.66,116.0
Jawa Tengah,BLORA,kabkota,2015,13.52,115.05
Jawa Tengah,BLORA,kabkota,2016,13.33,113.94
Jawa Tengah,BLORA,kabkota,2017,13.04,111.88
Jawa Tengah,BLORA,kabkota,2018,11.9,102.5
Jawa Tengah,BLORA,kabkota,2019,11.32,97.86
Jawa Tengah,BLORA,kabkota,2020,11.96,103.73
Jawa Tengah,BLORA,kabkota,2021,12.39,107.05
Jawa Tengah,BLORA,kabkota,2022,11.53,99.83
Jawa Tengah,BLORA,kabkota,2023,11.49,99.61
Jawa Tengah,BLORA,kabkota,2024,11.42,99.14
Jawa Tengah,BLORA,kabkota,2025,10.58,92.01
Jawa Tengah,BOYOLALI,kabkota,2004,18.47,172.3
Jawa Tengah,BOYOLALI,kabkota,2005,17.75,162.0
Jawa Tengah,BOYOLALI,kabkota,2006,20.0,184.6
Jawa Tengah,BOYOLALI,kabkota,2007,18.06,167.0
Jawa Tengah,BOYOLALI,kabkota,2008,17.08,158.4
Jawa Tengah,BOYOLALI,kabkota,2009,15.96,148.2
Jawa Tengah,BOYOLALI,kabkota,2010,13.72,127.8
Jawa Tengah,BOYOLALI,kabkota,2011,14.97,139.5
Jawa Tengah,BOYOLALI,kabkota,2012,13.88,131.5
Jawa Tengah,BOYOLALI,kabkota,2013,13.27,126.5
Jawa Tengah,BOYOLALI,kabkota,2014,12.36,118.6
Jawa Tengah,BOYOLALI,kabkota,2015,12.45,119.97
Jawa Tengah,BOYOLALI,kabkota,2016,12.09,116.98
Jawa Tengah,BOYOLALI,kabkota,2017,11.96,116.39
Jawa Tengah,BOYOLALI,kabkota,2018,10.04,98.23
Jawa Tengah,BOYOLALI,kabkota,2019,9.53,93.75
Jawa Tengah,BOYOLALI,kabkota,2020,10.18,100.59
Jawa Tengah,BOYOLALI,kabkota,2021,10.62,104.82
Jawa Tengah,BOYOLALI,kabkota,2022,9.82,97.18
Jawa Tengah,BOYOLALI,kabkota,2023,9.81,97.48
Jawa Tengah,BOYOLALI,kabkota,2024,9.63,95.96
Jawa Tengah,BOYOLALI,kabkota,2025,8.71,86.97
Jawa Tengah,BREBES,kabkota,2004,29.1,519.6
Jawa Tengah,BREBES,kabkota,2005,27.79,488.6
Jawa Tengah,BREBES,kabkota,2006,30.36,533.1
Jawa Tengah,BREBES,kabkota,2007,27.93,492.2
Jawa Tengah,BREBES,kabkota,2008,25.98,459.3
Jawa Tengah,BREBES,kabkota,2009,24.39,432.4
Jawa Tengah,BREBES,kabkota,2010,23.01,398.8
Jawa Tengah,BREBES,kabkota,2011,22.72,394.4
Jawa Tengah,BREBES,kabkota,2012,21.12,371.4
Jawa Tengah,BREBES,kabkota,2013,20.82,367.9
Jawa Tengah,BREBES,kabkota,2014,20.0,355.1
Jawa Tengah,BREBES,kabkota,2015,19.79,352.01
Jawa Tengah,BREBES,kabkota,2016,19.47,347.98
Jawa Tengah,BREBES,kabkota,2017,19.14,343.46
Jawa Tengah,BREBES,kabkota,2018,17.17,309.17
Jawa Tengah,BREBES,kabkota,2019,16.22,293.18
Jawa Tengah,BREBES,kabkota,2020,17.03,308.78
Jawa Tengah,BREBES,kabkota,2021,17.43,314.95
Jawa Tengah,BREBES,kabkota,2022,16.05,290.66
Jawa Tengah,BREBES,kabkota,2023,15.78,286.14
Jawa Tengah,BREBES,kabkota,2024,15.6,283.28
Jawa Tengah,BREBES,kabkota,2025,14.15,257.29
Jawa Tengah,CILACAP,kabkota,2004,20.9,346.2
Jawa Tengah,CILACAP,kabkota,2005,22.25,361.0
Jawa Tengah,CILACAP,kabkota,2006,24.93,402.1
Jawa Tengah,CILACAP,kabkota,2007,22.59,363.6
Jawa Tengah,CILACAP,kabkota,2008,21.4,343.9
Jawa Tengah,CILACAP,kabkota,2009,19.88,318.8
Jawa Tengah,CILACAP,kabkota,2010,18.11,297.2
Jawa Tengah,CILACAP,kabkota,2011,17.15,282.0
Jawa Tengah,CILACAP,kabkota,2012,15.92,265.7
Jawa Tengah,CILACAP,kabkota,2013,15.24,255.7
Jawa Tengah,CILACAP,kabkota,2014,14.21,239.8
Jawa Tengah,CILACAP,kabkota,2015,14.39,243.47
Jawa Tengah,CILACAP,kabkota,2016,14.12,240.24
Jawa Tengah,CILACAP,kabkota,2017,13.94,238.32
Jawa Tengah,CILACAP,kabkota,2018,11.25,193.18
Jawa Tengah,CILACAP,kabkota,2019,10.73,185.18
Jawa Tengah,CILACAP,kabkota,2020,11.46,198.6
Jawa Tengah,CILACAP,kabkota,2021,11.67,201.71
Jawa Tengah,CILACAP,kabkota,2022,11.02,190.96
Jawa Tengah,CILACAP,kabkota,2023,10.99,191.0
Jawa Tengah,CILACAP,kabkota,2024,10.68,186.08
Jawa Tengah,CILACAP,kabkota,2025,9.41,164.22
Jawa Tengah,DEMAK,kabkota,2004,24.94,260.6
Jawa Tengah,DEMAK,kabkota,2005,23.6,245.0
Jawa Tengah,DEMAK,kabkota,2006,26.03,263.5
Jawa Tengah,DEMAK,kabkota,2007,23.5,238.9
Jawa Tengah,DEMAK,kabkota,2008,21.24,217.2
Jawa Tengah,DEMAK,kabkota,2009,19.7,202.2
Jawa Tengah,DEMAK,kabkota,2010,18.76,198.9
Jawa Tengah,DEMAK,kabkota,2011,18.21,192.5
Jawa Tengah,DEMAK,kabkota,2012,16.73,181.6
Jawa Tengah,DEMAK,kabkota,2013,15.72,172.5
Jawa Tengah,DEMAK,kabkota,2014,14.6,162.0
Jawa Tengah,DEMAK,kabkota,2015,14.44,160.89
Jawa Tengah,DEMAK,kabkota,2016,14.1,158.84
Jawa Tengah,DEMAK,kabkota,2017,13.41,152.62
Jawa Tengah,DEMAK,kabkota,2018,12.54,144.12
Jawa Tengah,DEMAK,kabkota,2019,11.86,137.6
Jawa Tengah,DEMAK,kabkota,2020,12.54,146.87
Jawa Tengah,DEMAK,kabkota,2021,12.92,151.74
Jawa Tengah,DEMAK,kabkota,2022,12.09,143.01
Jawa Tengah,DEMAK,kabkota,2023,12.01,143.26
Jawa Tengah,DEMAK,kabkota,2024,11.89,142.92
Jawa Tengah,DEMAK,kabkota,2025,10.87,131.47
Jawa Tengah,GROBOGAN,kabkota,2004,29.3,385.1
Jawa Tengah,GROBOGAN,kabkota,2005,28.0,362.1
Jawa Tengah,GROBOGAN,kabkota,2006,27.6,361.9
Jawa Tengah,GROBOGAN,kabkota,2007,25.14,330.4
Jawa Tengah,GROBOGAN,kabkota,2008,19.84,262.0
Jawa Tengah,GROBOGAN,kabkota,2009,18.68,247.5
Jawa Tengah,GROBOGAN,kabkota,2010,17.86,233.8
Jawa Tengah,GROBOGAN,kabkota,2011,17.38,227.8
Jawa Tengah,GROBOGAN,kabkota,2012,16.13,214.6
Jawa Tengah,GROBOGAN,kabkota,2013,14.87,199.0
Jawa Tengah,GROBOGAN,kabkota,2014,13.86,186.5
Jawa Tengah,GROBOGAN,kabkota,2015,13.68,184.49
Jawa Tengah,GROBOGAN,kabkota,2016,13.57,184.14
Jawa Tengah,GROBOGAN,kabkota,2017,13.27,180.95
Jawa Tengah,GROBOGAN,kabkota,2018,12.31,168.7
Jawa Tengah,GROBOGAN,kabkota,2019,11.77,161.92
Jawa Tengah,GROBOGAN,kabkota,2020,12.46,172.26
Jawa Tengah,GROBOGAN,kabkota,2021,12.74,175.72
Jawa Tengah,GROBOGAN,kabkota,2022,11.8,163.2
Jawa Tengah,GROBOGAN,kabkota,2023,11.72,162.52
Jawa Tengah,GROBOGAN,kabkota,2024,11.43,159.0
Jawa Tengah,GROBOGAN,kabkota,2025,10.63,148.1
Jawa Tengah,JEPARA,kabkota,2004,9.88,104.0
Jawa Tengah,JEPARA,kabkota,2005,10.39,108.5
Jawa Tengah,JEPARA,kabkota,2006,11.75,123.6
Jawa Tengah,JEPARA,kabkota,2007,10.44,111.2
Jawa Tengah,JEPARA,kabkota,2008,11.05,119.2
Jawa Tengah,JEPARA,kabkota,2009,9.6,104.7
Jawa Tengah,JEPARA,kabkota,2010,10.18,111.9
Jawa Tengah,JEPARA,kabkota,2011,10.32,113.3
Jawa Tengah,JEPARA,kabkota,2012,9.38,107.0
Jawa Tengah,JEPARA,kabkota,2013,9.23,106.9
Jawa Tengah,JEPARA,kabkota,2014,8.55,100.5
Jawa Tengah,JEPARA,kabkota,2015,8.5,100.61
Jawa Tengah,JEPARA,kabkota,2016,8.35,100.32
Jawa Tengah,JEPARA,kabkota,2017,8.12,98.98
Jawa Tengah,JEPARA,kabkota,2018,7.0,86.54
Jawa Tengah,JEPARA,kabkota,2019,6.66,83.47
Jawa Tengah,JEPARA,kabkota,2020,7.17,91.14
Jawa Tengah,JEPARA,kabkota,2021,7.44,95.22
Jawa Tengah,JEPARA,kabkota,2022,6.88,89.08
Jawa Tengah,JEPARA,kabkota,2023,6.61,86.75
Jawa Tengah,JEPARA,kabkota,2024,6.09,80.84
Jawa Tengah,JEPARA,kabkota,2025,5.79,77.67
Jawa Tengah,Jawa Tengah,provinsi,2004,21.11,
Jawa Tengah,Jawa Tengah,provinsi,2005,20.49,
Jawa Tengah,Jawa Tengah,provinsi,2006,22.19,
Jawa Tengah,Jawa Tengah,provinsi,2007,20.43,
Jawa Tengah,Jawa Tengah,provinsi,2008,18.99,
Jawa Tengah,Jawa Tengah,provinsi,2009,17.48,
Jawa Tengah,Jawa Tengah,provinsi,2010,16.11,
Jawa Tengah,Jawa Tengah,provinsi,2011,16.21,
Jawa Tengah,Jawa Tengah,provinsi,2012,14.98,
Jawa Tengah,Jawa Tengah,provinsi,2013,14.44,
Jawa Tengah,Jawa Tengah,provinsi,2014,13.58,
Jawa Tengah,Jawa Tengah,provinsi,2015,13.58,
Jawa Tengah,Jawa Tengah,provinsi,2016,13.27,
Jawa Tengah,Jawa Tengah,provinsi,2017,13.01,4450.72
Jawa Tengah,Jawa Tengah,provinsi,2018,11.32,3897.2
Jawa Tengah,Jawa Tengah,provinsi,2019,10.8,3743.23
Jawa Tengah,Jawa Tengah,provinsi,2020,11.41,3980.9
Jawa Tengah,Jawa Tengah,provinsi,2021,11.79,4109.75
Jawa Tengah,Jawa Tengah,provinsi,2022,10.93,3831.44
Jawa Tengah,Jawa Tengah,provinsi,2023,10.77,3791.5
Jawa Tengah,Jawa Tengah,provinsi,2024,10.47,3704.33
Jawa Tengah,Jawa Tengah,provinsi,2025,9.48,3366.69
Jawa Tengah,KARANGANYAR,kabkota,2004,16.14,132.6
Jawa Tengah,KARANGANYAR,kabkota,2005,16.14,130.4
Jawa Tengah,KARANGANYAR,kabkota,2006,18.69,148.6
Jawa Tengah,KARANGANYAR,kabkota,2007,17.39,138.9
Jawa Tengah,KARANGANYAR,kabkota,2008,15.68,125.9
Jawa Tengah,KARANGANYAR,kabkota,2009,14.73,118.8
Jawa Tengah,KARANGANYAR,kabkota,2010,13.98,113.8
Jawa Tengah,KARANGANYAR,kabkota,2011,15.29,124.5
Jawa Tengah,KARANGANYAR,kabkota,2012,14.07,117.4
Jawa Tengah,KARANGANYAR,kabkota,2013,13.58,114.4
Jawa Tengah,KARANGANYAR,kabkota,2014,12.62,107.3
Jawa Tengah,KARANGANYAR,kabkota,2015,12.46,106.43
Jawa Tengah,KARANGANYAR,kabkota,2016,12.49,107.66
Jawa Tengah,KARANGANYAR,kabkota,2017,12.28,106.78
Jawa Tengah,KARANGANYAR,kabkota,2018,10.01,87.79
Jawa Tengah,KARANGANYAR,kabkota,2019,9.55,84.46
Jawa Tengah,KARANGANYAR,kabkota,2020,10.28,91.72
Jawa Tengah,KARANGANYAR,kabkota,2021,10.68,95.41
Jawa Tengah,KARANGANYAR,kabkota,2022,9.85,88.56
Jawa Tengah,KARANGANYAR,kabkota,2023,9.79,88.64
Jawa Tengah,KARANGANYAR,kabkota,2024,9.59,87.37
Jawa Tengah,KARANGANYAR,kabkota,2025,8.48,77.66
Jawa Tengah,KEBUMEN,kabkota,2004,30.95,371.5
Jawa Tengah,KEBUMEN,kabkota,2005,29.83,349.3
Jawa Tengah,KEBUMEN,kabkota,2006,32.49,388.7
Jawa Tengah,KEBUMEN,kabkota,2007,30.25,362.4
Jawa Tengah,KEBUMEN,kabkota,2008,27.87,334.9
Jawa Tengah,KEBUMEN,kabkota,2009,25.73,309.6
Jawa Tengah,KEBUMEN,kabkota,2010,22.7,263.1
Jawa Tengah,KEBUMEN,kabkota,2011,24.06,279.4
Jawa Tengah,KEBUMEN,kabkota,2012,22.4,262.8
Jawa Tengah,KEBUMEN,kabkota,2013,21.32,251.1
Jawa Tengah,KEBUMEN,kabkota,2014,20.5,242.3
Jawa Tengah,KEBUMEN,kabkota,2015,20.44,241.94
Jawa Tengah,KEBUMEN,kabkota,2016,19.86,235.9
Jawa Tengah,KEBUMEN,kabkota,2017,19.6,233.45
Jawa Tengah,KEBUMEN,kabkota,2018,17.47,208.66
Jawa Tengah,KEBUMEN,kabkota,2019,16.82,201.34
Jawa Tengah,KEBUMEN,kabkota,2020,17.59,211.09
Jawa Tengah,KEBUMEN,kabkota,2021,17.83,212.92
Jawa Tengah,KEBUMEN,kabkota,2022,16.41,196.16
Jawa Tengah,KEBUMEN,kabkota,2023,16.34,195.45
Jawa Tengah,KEBUMEN,kabkota,2024,15.71,187.95
Jawa Tengah,KEBUMEN,kabkota,2025,13.58,162.54
Jawa Tengah,KENDAL,kabkota,2004,20.87,185.5
Jawa Tengah,KENDAL,kabkota,2005,20.06,174.4
Jawa Tengah,KENDAL,kabkota,2006,21.59,198.7
Jawa Tengah,KENDAL,kabkota,2007,20.7,192.7
Jawa Tengah,KENDAL,kabkota,2008,17.87,168.2
Jawa Tengah,KENDAL,kabkota,2009,16.02,152.4
Jawa Tengah,KENDAL,kabkota,2010,14.47,130.4
Jawa Tengah,KENDAL,kabkota,2011,14.26,128.6
Jawa Tengah,KENDAL,kabkota,2012,13.17,121.2
Jawa Tengah,KENDAL,kabkota,2013,12.68,117.7
Jawa Tengah,KENDAL,kabkota,2014,11.8,110.5
Jawa Tengah,KENDAL,kabkota,2015,11.62,109.27
Jawa Tengah,KENDAL,kabkota,2016,11.37,107.81
Jawa Tengah,KENDAL,kabkota,2017,11.1,106.07
Jawa Tengah,KENDAL,kabkota,2018,9.84,94.7
Jawa Tengah,KENDAL,kabkota,2019,9.41,91.2
Jawa Tengah,KENDAL,kabkota,2020,9.99,97.49
Jawa Tengah,KENDAL,kabkota,2021,10.24,100.0
Jawa Tengah,KENDAL,kabkota,2022,9.48,93.03
Jawa Tengah,KENDAL,kabkota,2023,9.39,92.64
Jawa Tengah,KENDAL,kabkota,2024,9.35,92.71
Jawa Tengah,KENDAL,kabkota,2025,8.4,83.73
Jawa Tengah,KLATEN,kabkota,2004,23.38,263.9
Jawa Tengah,KLATEN,kabkota,2005,22.48,248.1
Jawa Tengah,KLATEN,kabkota,2006,22.99,257.4
Jawa Tengah,KLATEN,kabkota,2007,22.27,249.1
Jawa Tengah,KLATEN,kabkota,2008,21.72,243.1
Jawa Tengah,KLATEN,kabkota,2009,19.68,220.2
Jawa Tengah,KLATEN,kabkota,2010,17.47,197.4
Jawa Tengah,KLATEN,kabkota,2011,17.95,203.1
Jawa Tengah,KLATEN,kabkota,2012,16.71,191.3
Jawa Tengah,KLATEN,kabkota,2013,15.6,179.5
Jawa Tengah,KLATEN,kabkota,2014,14.56,168.2
Jawa Tengah,KLATEN,kabkota,2015,14.89,172.3
Jawa Tengah,KLATEN,kabkota,2016,14.46,168.01
Jawa Tengah,KLATEN,kabkota,2017,14.15,164.99
Jawa Tengah,KLATEN,kabkota,2018,12.96,151.73
Jawa Tengah,KLATEN,kabkota,2019,12.28,144.14
Jawa Tengah,KLATEN,kabkota,2020,12.89,151.83
Jawa Tengah,KLATEN,kabkota,2021,13.49,158.23
Jawa Tengah,KLATEN,kabkota,2022,12.33,144.87
Jawa Tengah,KLATEN,kabkota,2023,12.28,144.43
Jawa Tengah,KLATEN,kabkota,2024,12.04,141.84
Jawa Tengah,KLATEN,kabkota,2025,11.0,129.68
Jawa Tengah,KOTA MAGELANG,kabkota,2004,14.01,17.4
Jawa Tengah,KOTA MAGELANG,kabkota,2005,12.94,16.4
Jawa Tengah,KOTA MAGELANG,kabkota,2006,11.19,14.5
Jawa Tengah,KOTA MAGELANG,kabkota,2007,10.01,13.0
Jawa Tengah,KOTA MAGELANG,kabkota,2008,11.16,14.9
Jawa Tengah,KOTA MAGELANG,kabkota,2009,10.11,13.7
Jawa Tengah,KOTA MAGELANG,kabkota,2010,10.51,12.4
Jawa Tengah,KOTA MAGELANG,kabkota,2011,11.06,13.1
Jawa Tengah,KOTA MAGELANG,kabkota,2012,10.31,12.3
Jawa Tengah,KOTA MAGELANG,kabkota,2013,9.8,11.8
Jawa Tengah,KOTA MAGELANG,kabkota,2014,9.14,11.0
Jawa Tengah,KOTA MAGELANG,kabkota,2015,9.05,10.92
Jawa Tengah,KOTA MAGELANG,kabkota,2016,8.79,10.64
Jawa Tengah,KOTA MAGELANG,kabkota,2017,8.75,10.63
Jawa Tengah,KOTA MAGELANG,kabkota,2018,7.87,9.59
Jawa Tengah,KOTA MAGELANG,kabkota,2019,7.46,9.1
Jawa Tengah,KOTA MAGELANG,kabkota,2020,7.58,9.27
Jawa Tengah,KOTA MAGELANG,kabkota,2021,7.75,9.44
Jawa Tengah,KOTA MAGELANG,kabkota,2022,7.1,8.65
Jawa Tengah,KOTA MAGELANG,kabkota,2023,6.11,7.45
Jawa Tengah,KOTA MAGELANG,kabkota,2024,5.94,7.25
Jawa Tengah,KOTA MAGELANG,kabkota,2025,5.68,6.93
Jawa Tengah,KOTA PEKALONGAN,kabkota,2004,6.81,18.6
Jawa Tengah,KOTA PEKALONGAN,kabkota,2005,6.37,17.5
Jawa Tengah,KOTA PEKALONGAN,kabkota,2006,7.38,19.9
Jawa Tengah,KOTA PEKALONGAN,kabkota,2007,6.62,17.9
Jawa Tengah,KOTA PEKALONGAN,kabkota,2008,10.29,28.0
Jawa Tengah,KOTA PEKALONGAN,kabkota,2009,8.56,23.3
Jawa Tengah,KOTA PEKALONGAN,kabkota,2010,9.36,26.4
Jawa Tengah,KOTA PEKALONGAN,kabkota,2011,10.04,28.3
Jawa Tengah,KOTA PEKALONGAN,kabkota,2012,9.47,27.3
Jawa Tengah,KOTA PEKALONGAN,kabkota,2013,8.26,24.1
Jawa Tengah,KOTA PEKALONGAN,kabkota,2014,8.02,23.6
Jawa Tengah,KOTA PEKALONGAN,kabkota,2015,8.09,24.06
Jawa Tengah,KOTA PEKALONGAN,kabkota,2016,7.92,23.65
Jawa Tengah,KOTA PEKALONGAN,kabkota,2017,7.47,22.51
Jawa Tengah,KOTA PEKALONGAN,kabkota,2018,6.75,20.52
Jawa Tengah,KOTA PEKALONGAN,kabkota,2019,6.6,20.21
Jawa Tengah,KOTA PEKALONGAN,kabkota,2020,7.17,22.16
Jawa Tengah,KOTA PEKALONGAN,kabkota,2021,7.59,23.49
Jawa Tengah,KOTA PEKALONGAN,kabkota,2022,7.0,21.81
Jawa Tengah,KOTA PEKALONGAN,kabkota,2023,6.81,21.36
Jawa Tengah,KOTA PEKALONGAN,kabkota,2024,6.71,21.16
Jawa Tengah,KOTA PEKALONGAN,kabkota,2025,6.14,19.49
Jawa Tengah,KOTA SALATIGA,kabkota,2004,9.68,16.0
Jawa Tengah,KOTA SALATIGA,kabkota,2005,8.81,15.0
Jawa Tengah,KOTA SALATIGA,kabkota,2006,8.9,15.2
Jawa Tengah,KOTA SALATIGA,kabkota,2007,9.01,15.6
Jawa Tengah,KOTA SALATIGA,kabkota,2008,8.47,14.9
Jawa Tengah,KOTA SALATIGA,kabkota,2009,7.82,14.1
Jawa Tengah,KOTA SALATIGA,kabkota,2010,8.28,14.2
Jawa Tengah,KOTA SALATIGA,kabkota,2011,7.8,13.3
Jawa Tengah,KOTA SALATIGA,kabkota,2012,7.11,12.6
Jawa Tengah,KOTA SALATIGA,kabkota,2013,6.4,11.5
Jawa Tengah,KOTA SALATIGA,kabkota,2014,5.93,10.8
Jawa Tengah,KOTA SALATIGA,kabkota,2015,5.8,10.62
Jawa Tengah,KOTA SALATIGA,kabkota,2016,5.24,9.73
Jawa Tengah,KOTA SALATIGA,kabkota,2017,5.07,9.55
Jawa Tengah,KOTA SALATIGA,kabkota,2018,4.84,9.24
Jawa Tengah,KOTA SALATIGA,kabkota,2019,4.76,9.21
Jawa Tengah,KOTA SALATIGA,kabkota,2020,4.94,9.69
Jawa Tengah,KOTA SALATIGA,kabkota,2021,5.14,10.14
Jawa Tengah,KOTA SALATIGA,kabkota,2022,4.73,9.45
Jawa Tengah,KOTA SALATIGA,kabkota,2023,4.66,9.41
Jawa Tengah,KOTA SALATIGA,kabkota,2024,4.57,9.33
Jawa Tengah,KOTA SALATIGA,kabkota,2025,4.2,8.66
Jawa Tengah,KOTA SEMARANG,kabkota,2004,5.6,79.0
Jawa Tengah,KOTA SEMARANG,kabkota,2005,4.22,58.7
Jawa Tengah,KOTA SEMARANG,kabkota,2006,5.33,77.8
Jawa Tengah,KOTA SEMARANG,kabkota,2007,5.26,77.6
Jawa Tengah,KOTA SEMARANG,kabkota,2008,6.0,89.6
Jawa Tengah,KOTA SEMARANG,kabkota,2009,4.84,73.1
Jawa Tengah,KOTA SEMARANG,kabkota,2010,5.12,79.7
Jawa Tengah,KOTA SEMARANG,kabkota,2011,5.68,88.5
Jawa Tengah,KOTA SEMARANG,kabkota,2012,5.13,83.3
Jawa Tengah,KOTA SEMARANG,kabkota,2013,5.25,86.7
Jawa Tengah,KOTA SEMARANG,kabkota,2014,5.04,84.7
Jawa Tengah,KOTA SEMARANG,kabkota,2015,4.97,84.27
Jawa Tengah,KOTA SEMARANG,kabkota,2016,4.85,83.59
Jawa Tengah,KOTA SEMARANG,kabkota,2017,4.62,80.86
Jawa Tengah,KOTA SEMARANG,kabkota,2018,4.14,73.65
Jawa Tengah,KOTA SEMARANG,kabkota,2019,3.98,71.97
Jawa Tengah,KOTA SEMARANG,kabkota,2020,4.34,79.58
Jawa Tengah,KOTA SEMARANG,kabkota,2021,4.56,84.45
Jawa Tengah,KOTA SEMARANG,kabkota,2022,4.25,79.87
Jawa Tengah,KOTA SEMARANG,kabkota,2023,4.23,80.53
Jawa Tengah,KOTA SEMARANG,kabkota,2024,4.03,77.79
Jawa Tengah,KOTA SEMARANG,kabkota,2025,3.8,74.36
Jawa Tengah,KOTA SURAKARTA,kabkota,2004,13.72,69.5
Jawa Tengah,KOTA SURAKARTA,kabkota,2005,13.34,69.1
Jawa Tengah,KOTA SURAKARTA,kabkota,2006,15.21,77.6
Jawa Tengah,KOTA SURAKARTA,kabkota,2007,13.64,69.8
Jawa Tengah,KOTA SURAKARTA,kabkota,2008,16.13,83.4
Jawa Tengah,KOTA SURAKARTA,kabkota,2009,14.99,78.0
Jawa Tengah,KOTA SURAKARTA,kabkota,2010,13.96,69.9
Jawa Tengah,KOTA SURAKARTA,kabkota,2011,12.9,64.5
Jawa Tengah,KOTA SURAKARTA,kabkota,2012,12.0,60.7
Jawa Tengah,KOTA SURAKARTA,kabkota,2013,11.74,59.7
Jawa Tengah,KOTA SURAKARTA,kabkota,2014,10.95,55.9
Jawa Tengah,KOTA SURAKARTA,kabkota,2015,10.89,55.71
Jawa Tengah,KOTA SURAKARTA,kabkota,2016,10.88,55.91
Jawa Tengah,KOTA SURAKARTA,kabkota,2017,10.65,54.89
Jawa Tengah,KOTA SURAKARTA,kabkota,2018,9.08,46.99
Jawa Tengah,KOTA SURAKARTA,kabkota,2019,8.7,45.18
Jawa Tengah,KOTA SURAKARTA,kabkota,2020,9.03,47.03
Jawa Tengah,KOTA SURAKARTA,kabkota,2021,9.4,48.79
Jawa Tengah,KOTA SURAKARTA,kabkota,2022,8.84,45.94
Jawa Tengah,KOTA SURAKARTA,kabkota,2023,8.44,43.89
Jawa Tengah,KOTA SURAKARTA,kabkota,2024,8.31,43.28
Jawa Tengah,KOTA SURAKARTA,kabkota,2025,7.69,40.08
Jawa Tengah,KOTA TEGAL,kabkota,2004,9.49,23.1
Jawa Tengah,KOTA TEGAL,kabkota,2005,8.96,21.7
Jawa Tengah,KOTA TEGAL,kabkota,2006,10.4,24.7
Jawa Tengah,KOTA TEGAL,kabkota,2007,9.36,22.2
Jawa Tengah,KOTA TEGAL,kabkota,2008,11.28,26.8
Jawa Tengah,KOTA TEGAL,kabkota,2009,9.88,23.4
Jawa Tengah,KOTA TEGAL,kabkota,2010,10.62,25.7
Jawa Tengah,KOTA TEGAL,kabkota,2011,10.81,25.9
Jawa Tengah,KOTA TEGAL,kabkota,2012,10.04,24.4
Jawa Tengah,KOTA TEGAL,kabkota,2013,8.84,21.6
Jawa Tengah,KOTA TEGAL,kabkota,2014,8.54,20.9
Jawa Tengah,KOTA TEGAL,kabkota,2015,8.26,20.31
Jawa Tengah,KOTA TEGAL,kabkota,2016,8.2,20.26
Jawa Tengah,KOTA TEGAL,kabkota,2017,8.11,20.11
Jawa Tengah,KOTA TEGAL,kabkota,2018,7.81,19.44
Jawa Tengah,KOTA TEGAL,kabkota,2019,7.47,18.64
Jawa Tengah,KOTA TEGAL,kabkota,2020,7.8,19.55
Jawa Tengah,KOTA TEGAL,kabkota,2021,8.12,20.27
Jawa Tengah,KOTA TEGAL,kabkota,2022,7.91,19.78
Jawa Tengah,KOTA TEGAL,kabkota,2023,7.68,19.22
Jawa Tengah,KOTA TEGAL,kabkota,2024,7.64,19.17
Jawa Tengah,KOTA TEGAL,kabkota,2025,7.28,18.27
Jawa Tengah,KUDUS,kabkota,2004,11.44,85.5
Jawa Tengah,KUDUS,kabkota,2005,10.93,80.4
Jawa Tengah,KUDUS,kabkota,2006,12.05,91.6
Jawa Tengah,KUDUS,kabkota,2007,10.73,82.4
Jawa Tengah,KUDUS,kabkota,2008,12.58,97.8
Jawa Tengah,KUDUS,kabkota,2009,10.8,84.9
Jawa Tengah,KUDUS,kabkota,2010,9.01,70.2
Jawa Tengah,KUDUS,kabkota,2011,9.45,73.6
Jawa Tengah,KUDUS,kabkota,2012,8.63,69.3
Jawa Tengah,KUDUS,kabkota,2013,8.62,70.1
Jawa Tengah,KUDUS,kabkota,2014,7.99,65.8
Jawa Tengah,KUDUS,kabkota,2015,7.73,64.1
Jawa Tengah,KUDUS,kabkota,2016,7.65,64.19
Jawa Tengah,KUDUS,kabkota,2017,7.59,64.45
Jawa Tengah,KUDUS,kabkota,2018,6.98,59.99
Jawa Tengah,KUDUS,kabkota,2019,6.68,58.0
Jawa Tengah,KUDUS,kabkota,2020,7.31,64.24
Jawa Tengah,KUDUS,kabkota,2021,7.6,67.06
Jawa Tengah,KUDUS,kabkota,2022,7.41,66.06
Jawa Tengah,KUDUS,kabkota,2023,7.24,65.16
Jawa Tengah,KUDUS,kabkota,2024,7.23,65.69
Jawa Tengah,KUDUS,kabkota,2025,6.59,60.37
Jawa Tengah,MAGELANG,kabkota,2004,16.1,185.5
Jawa Tengah,MAGELANG,kabkota,2005,15.42,174.7
Jawa Tengah,MAGELANG,kabkota,2006,17.36,199.1
Jawa Tengah,MAGELANG,kabkota,2007,17.37,200.1
Jawa Tengah,MAGELANG,kabkota,2008,16.49,190.8
Jawa Tengah,MAGELANG,kabkota,2009,15.19,176.5
Jawa Tengah,MAGELANG,kabkota,2010,14.14,167.3
Jawa Tengah,MAGELANG,kabkota,2011,15.18,179.6
Jawa Tengah,MAGELANG,kabkota,2012,13.97,169.4
Jawa Tengah,MAGELANG,kabkota,2013,13.96,171.0
Jawa Tengah,MAGELANG,kabkota,2014,12.98,160.5
Jawa Tengah,MAGELANG,kabkota,2015,13.07,162.38
Jawa Tengah,MAGELANG,kabkota,2016,12.67,158.86
Jawa Tengah,MAGELANG,kabkota,2017,12.42,157.15
Jawa Tengah,MAGELANG,kabkota,2018,11.23,143.44
Jawa Tengah,MAGELANG,kabkota,2019,10.67,137.45
Jawa Tengah,MAGELANG,kabkota,2020,11.27,146.34
Jawa Tengah,MAGELANG,kabkota,2021,11.91,154.91
Jawa Tengah,MAGELANG,kabkota,2022,11.09,145.33
Jawa Tengah,MAGELANG,kabkota,2023,10.96,144.49
Jawa Tengah,MAGELANG,kabkota,2024,10.83,143.8
Jawa Tengah,MAGELANG,kabkota,2025,9.9,132.21
Jawa Tengah,PATI,kabkota,2004,20.67,247.9
Jawa Tengah,PATI,kabkota,2005,19.82,233.0
Jawa Tengah,PATI,kabkota,2006,22.14,256.5
Jawa Tengah,PATI,kabkota,2007,19.79,228.8
Jawa Tengah,PATI,kabkota,2008,17.9,207.2
Jawa Tengah,PATI,kabkota,2009,15.92,184.1
Jawa Tengah,PATI,kabkota,2010,14.48,172.4
Jawa Tengah,PATI,kabkota,2011,14.69,175.1
Jawa Tengah,PATI,kabkota,2012,13.61,165.0
Jawa Tengah,PATI,kabkota,2013,12.94,157.9
Jawa Tengah,PATI,kabkota,2014,12.06,148.1
Jawa Tengah,PATI,kabkota,2015,11.95,147.05
Jawa Tengah,PATI,kabkota,2016,11.65,144.2
Jawa Tengah,PATI,kabkota,2017,11.38,141.73
Jawa Tengah,PATI,kabkota,2018,9.9,123.94
Jawa Tengah,PATI,kabkota,2019,9.46,118.98
Jawa Tengah,PATI,kabkota,2020,10.08,127.37
Jawa Tengah,PATI,kabkota,2021,10.21,128.74
Jawa Tengah,PATI,kabkota,2022,9.33,118.04
Jawa Tengah,PATI,kabkota,2023,9.31,118.18
Jawa Tengah,PATI,kabkota,2024,9.17,116.84
Jawa Tengah,PATI,kabkota,2025,8.24,105.27
Jawa Tengah,PEKALONGAN,kabkota,2004,21.5,181.1
Jawa Tengah,PEKALONGAN,kabkota,2005,20.47,170.3
Jawa Tengah,PEKALONGAN,kabkota,2006,22.8,190.0
Jawa Tengah,PEKALONGAN,kabkota,2007,20.31,170.0
Jawa Tengah,PEKALONGAN,kabkota,2008,19.52,164.3
Jawa Tengah,PEKALONGAN,kabkota,2009,17.93,151.6
Jawa Tengah,PEKALONGAN,kabkota,2010,16.29,136.6
Jawa Tengah,PEKALONGAN,kabkota,2011,15.0,125.9
Jawa Tengah,PEKALONGAN,kabkota,2012,13.85,118.6
Jawa Tengah,PEKALONGAN,kabkota,2013,13.51,116.5
Jawa Tengah,PEKALONGAN,kabkota,2014,12.57,109.3
Jawa Tengah,PEKALONGAN,kabkota,2015,12.84,112.07
Jawa Tengah,PEKALONGAN,kabkota,2016,12.9,113.31
Jawa Tengah,PEKALONGAN,kabkota,2017,12.61,111.58
Jawa Tengah,PEKALONGAN,kabkota,2018,10.06,89.54
Jawa Tengah,PEKALONGAN,kabkota,2019,9.71,87.01
Jawa Tengah,PEKALONGAN,kabkota,2020,10.19,91.86
Jawa Tengah,PEKALONGAN,kabkota,2021,10.57,95.26
Jawa Tengah,PEKALONGAN,kabkota,2022,9.67,87.53
Jawa Tengah,PEKALONGAN,kabkota,2023,9.67,87.93
Jawa Tengah,PEKALONGAN,kabkota,2024,8.95,81.72
Jawa Tengah,PEKALONGAN,kabkota,2025,8.05,73.8
Jawa Tengah,PEMALANG,kabkota,2004,22.31,299.1
Jawa Tengah,PEMALANG,kabkota,2005,22.59,300.2
Jawa Tengah,PEMALANG,kabkota,2006,25.3,338.2
Jawa Tengah,PEMALANG,kabkota,2007,22.79,307.1
Jawa Tengah,PEMALANG,kabkota,2008,23.92,325.2
Jawa Tengah,PEMALANG,kabkota,2009,22.17,303.7
Jawa Tengah,PEMALANG,kabkota,2010,19.96,251.9
Jawa Tengah,PEMALANG,kabkota,2011,20.68,261.2
Jawa Tengah,PEMALANG,kabkota,2012,19.27,245.9
Jawa Tengah,PEMALANG,kabkota,2013,19.27,246.8
Jawa Tengah,PEMALANG,kabkota,2014,18.44,237.0
Jawa Tengah,PEMALANG,kabkota,2015,18.3,235.53
Jawa Tengah,PEMALANG,kabkota,2016,17.58,227.08
Jawa Tengah,PEMALANG,kabkota,2017,17.37,225.0
Jawa Tengah,PEMALANG,kabkota,2018,16.04,208.34
Jawa Tengah,PEMALANG,kabkota,2019,15.41,200.67
Jawa Tengah,PEMALANG,kabkota,2020,16.02,209.03
Jawa Tengah,PEMALANG,kabkota,2021,16.56,215.08
Jawa Tengah,PEMALANG,kabkota,2022,15.06,195.84
Jawa Tengah,PEMALANG,kabkota,2023,15.03,195.57
Jawa Tengah,PEMALANG,kabkota,2024,14.92,194.2
Jawa Tengah,PEMALANG,kabkota,2025,13.32,173.38
Jawa Tengah,PURBALINGGA,kabkota,2004,31.2,266.5
Jawa Tengah,PURBALINGGA,kabkota,2005,29.95,250.6
Jawa Tengah,PURBALINGGA,kabkota,2006,32.38,262.9
Jawa Tengah,PURBALINGGA,kabkota,2007,30.24,246.3
Jawa Tengah,PURBALINGGA,kabkota,2008,27.12,221.9
Jawa Tengah,PURBALINGGA,kabkota,2009,24.97,205.0
Jawa Tengah,PURBALINGGA,kabkota,2010,24.58,209.0
Jawa Tengah,PURBALINGGA,kabkota,2011,23.06,196.0
Jawa Tengah,PURBALINGGA,kabkota,2012,21.19,184.9
Jawa Tengah,PURBALINGGA,kabkota,2013,20.53,181.1
Jawa Tengah,PURBALINGGA,kabkota,2014,19.75,176.0
Jawa Tengah,PURBALINGGA,kabkota,2015,19.7,176.49
Jawa Tengah,PURBALINGGA,kabkota,2016,18.98,171.78
Jawa Tengah,PURBALINGGA,kabkota,2017,18.8,171.88
Jawa Tengah,PURBALINGGA,kabkota,2018,15.62,144.16
Jawa Tengah,PURBALINGGA,kabkota,2019,15.03,140.07
Jawa Tengah,PURBALINGGA,kabkota,2020,15.9,149.48
Jawa Tengah,PURBALINGGA,kabkota,2021,16.24,153.08
Jawa Tengah,PURBALINGGA,kabkota,2022,15.3,145.33
Jawa Tengah,PURBALINGGA,kabkota,2023,14.99,143.41
Jawa Tengah,PURBALINGGA,kabkota,2024,14.18,136.72
Jawa Tengah,PURBALINGGA,kabkota,2025,12.55,121.8
Jawa Tengah,PURWOREJO,kabkota,2004,23.51,167.1
Jawa Tengah,PURWOREJO,kabkota,2005,22.77,157.1
Jawa Tengah,PURWOREJO,kabkota,2006,22.75,162.3
Jawa Tengah,PURWOREJO,kabkota,2007,20.49,146.0
Jawa Tengah,PURWOREJO,kabkota,2008,18.22,130.0
Jawa Tengah,PURWOREJO,kabkota,2009,17.02,121.4
Jawa Tengah,PURWOREJO,kabkota,2010,16.61,115.3
Jawa Tengah,PURWOREJO,kabkota,2011,17.51,121.9
Jawa Tengah,PURWOREJO,kabkota,2012,16.32,114.8
Jawa Tengah,PURWOREJO,kabkota,2013,15.44,109.0
Jawa Tengah,PURWOREJO,kabkota,2014,14.41,102.1
Jawa Tengah,PURWOREJO,kabkota,2015,14.27,101.25
Jawa Tengah,PURWOREJO,kabkota,2016,13.91,99.07
Jawa Tengah,PURWOREJO,kabkota,2017,13.81,98.65
Jawa Tengah,PURWOREJO,kabkota,2018,11.67,83.55
Jawa Tengah,PURWOREJO,kabkota,2019,11.45,82.17
Jawa Tengah,PURWOREJO,kabkota,2020,11.78,84.79
Jawa Tengah,PURWOREJO,kabkota,2021,12.4,88.8
Jawa Tengah,PURWOREJO,kabkota,2022,11.53,82.64
Jawa Tengah,PURWOREJO,kabkota,2023,11.33,81.28
Jawa Tengah,PURWOREJO,kabkota,2024,10.87,78.02
Jawa Tengah,PURWOREJO,kabkota,2025,10.06,72.18
Jawa Tengah,REMBANG,kabkota,2004,32.0,186.3
Jawa Tengah,REMBANG,kabkota,2005,30.72,175.1
Jawa Tengah,REMBANG,kabkota,2006,33.2,188.5
Jawa Tengah,REMBANG,kabkota,2007,30.71,174.3
Jawa Tengah,REMBANG,kabkota,2008,27.21,154.7
Jawa Tengah,REMBANG,kabkota,2009,25.86,147.2
Jawa Tengah,REMBANG,kabkota,2010,23.4,138.6
Jawa Tengah,REMBANG,kabkota,2011,23.71,140.4
Jawa Tengah,REMBANG,kabkota,2012,21.88,132.4
Jawa Tengah,REMBANG,kabkota,2013,20.97,128.0
Jawa Tengah,REMBANG,kabkota,2014,19.5,120.0
Jawa Tengah,REMBANG,kabkota,2015,19.28,119.11
Jawa Tengah,REMBANG,kabkota,2016,18.54,115.49
Jawa Tengah,REMBANG,kabkota,2017,18.35,115.19
Jawa Tengah,REMBANG,kabkota,2018,15.41,97.44
Jawa Tengah,REMBANG,kabkota,2019,14.95,95.26
Jawa Tengah,REMBANG,kabkota,2020,15.6,100.08
Jawa Tengah,REMBANG,kabkota,2021,15.8,101.4
Jawa Tengah,REMBANG,kabkota,2022,14.65,94.56
Jawa Tengah,REMBANG,kabkota,2023,14.17,91.97
Jawa Tengah,REMBANG,kabkota,2024,14.02,91.45
Jawa Tengah,REMBANG,kabkota,2025,13.01,85.32
Jawa Tengah,SEMARANG,kabkota,2004,13.68,121.3
Jawa Tengah,SEMARANG,kabkota,2005,13.16,114.0
Jawa Tengah,SEMARANG,kabkota,2006,13.62,120.7
Jawa Tengah,SEMARANG,kabkota,2007,12.34,110.1
Jawa Tengah,SEMARANG,kabkota,2008,11.37,102.5
Jawa Tengah,SEMARANG,kabkota,2009,10.66,96.7
Jawa Tengah,SEMARANG,kabkota,2010,10.5,97.9
Jawa Tengah,SEMARANG,kabkota,2011,10.3,96.0
Jawa Tengah,SEMARANG,kabkota,2012,9.4,90.6
Jawa Tengah,SEMARANG,kabkota,2013,8.51,83.2
Jawa Tengah,SEMARANG,kabkota,2014,8.05,79.8
Jawa Tengah,SEMARANG,kabkota,2015,8.15,81.25
Jawa Tengah,SEMARANG,kabkota,2016,7.99,80.72
Jawa Tengah,SEMARANG,kabkota,2017,7.78,79.66
Jawa Tengah,SEMARANG,kabkota,2018,7.29,75.67
Jawa Tengah,SEMARANG,kabkota,2019,7.04,73.9
Jawa Tengah,SEMARANG,kabkota,2020,7.51,79.88
Jawa Tengah,SEMARANG,kabkota,2021,7.82,83.61
Jawa Tengah,SEMARANG,kabkota,2022,7.27,78.6
Jawa Tengah,SEMARANG,kabkota,2023,7.17,78.35
Jawa Tengah,SEMARANG,kabkota,2024,6.96,76.87
Jawa Tengah,SEMARANG,kabkota,2025,6.3,70.29
Jawa Tengah,SRAGEN,kabkota,2004,26.06,225.1
Jawa Tengah,SRAGEN,kabkota,2005,24.28,204.2
Jawa Tengah,SRAGEN,kabkota,2006,23.72,201.9
Jawa Tengah,SRAGEN,kabkota,2007,21.24,180.7
Jawa Tengah,SRAGEN,kabkota,2008,20.83,177.1
Jawa Tengah,SRAGEN,kabkota,2009,19.7,167.3
Jawa Tengah,SRAGEN,kabkota,2010,17.49,149.8
Jawa Tengah,SRAGEN,kabkota,2011,17.95,154.3
Jawa Tengah,SRAGEN,kabkota,2012,16.72,145.3
Jawa Tengah,SRAGEN,kabkota,2013,15.93,139.0
Jawa Tengah,SRAGEN,kabkota,2014,14.87,130.3
Jawa Tengah,SRAGEN,kabkota,2015,14.86,130.42
Jawa Tengah,SRAGEN,kabkota,2016,14.38,126.76
Jawa Tengah,SRAGEN,kabkota,2017,14.02,124.01
Jawa Tengah,SRAGEN,kabkota,2018,13.12,116.37
Jawa Tengah,SRAGEN,kabkota,2019,12.79,113.83
Jawa Tengah,SRAGEN,kabkota,2020,13.38,119.38
Jawa Tengah,SRAGEN,kabkota,2021,13.83,122.91
Jawa Tengah,SRAGEN,kabkota,2022,12.94,115.14
Jawa Tengah,SRAGEN,kabkota,2023,12.87,114.62
Jawa Tengah,SRAGEN,kabkota,2024,12.41,110.65
Jawa Tengah,SRAGEN,kabkota,2025,11.22,100.08
Jawa Tengah,SUKOHARJO,kabkota,2004,14.38,118.1
Jawa Tengah,SUKOHARJO,kabkota,2005,13.67,111.0
Jawa Tengah,SUKOHARJO,kabkota,2006,15.63,126.5
Jawa Tengah,SUKOHARJO,kabkota,2007,14.02,113.8
Jawa Tengah,SUKOHARJO,kabkota,2008,12.13,99.1
Jawa Tengah,SUKOHARJO,kabkota,2009,11.51,94.4
Jawa Tengah,SUKOHARJO,kabkota,2010,10.94,90.2
Jawa Tengah,SUKOHARJO,kabkota,2011,11.13,92.0
Jawa Tengah,SUKOHARJO,kabkota,2012,10.15,85.7
Jawa Tengah,SUKOHARJO,kabkota,2013,9.87,84.1
Jawa Tengah,SUKOHARJO,kabkota,2014,9.18,78.9
Jawa Tengah,SUKOHARJO,kabkota,2015,9.26,79.94
Jawa Tengah,SUKOHARJO,kabkota,2016,9.07,78.91
Jawa Tengah,SUKOHARJO,kabkota,2017,8.75,76.69
Jawa Tengah,SUKOHARJO,kabkota,2018,7.41,65.43
Jawa Tengah,SUKOHARJO,kabkota,2019,7.14,63.55
Jawa Tengah,SUKOHARJO,kabkota,2020,7.68,68.89
Jawa Tengah,SUKOHARJO,kabkota,2021,8.23,73.84
Jawa Tengah,SUKOHARJO,kabkota,2022,7.61,68.72
Jawa Tengah,SUKOHARJO,kabkota,2023,7.58,68.79
Jawa Tengah,SUKOHARJO,kabkota,2024,7.47,68.15
Jawa Tengah,SUKOHARJO,kabkota,2025,6.83,62.66
Jawa Tengah,TEGAL,kabkota,2004,20.53,297.2
Jawa Tengah,TEGAL,kabkota,2005,19.6,279.4
Jawa Tengah,TEGAL,kabkota,2006,20.71,289.7
Jawa Tengah,TEGAL,kabkota,2007,18.5,258.6
Jawa Tengah,TEGAL,kabkota,2008,15.78,220.7
Jawa Tengah,TEGAL,kabkota,2009,13.98,195.5
Jawa Tengah,TEGAL,kabkota,2010,13.11,182.5
Jawa Tengah,TEGAL,kabkota,2011,11.54,161.1
Jawa Tengah,TEGAL,kabkota,2012,10.75,151.7
Jawa Tengah,TEGAL,kabkota,2013,10.58,149.8
Jawa Tengah,TEGAL,kabkota,2014,9.87,140.3
Jawa Tengah,TEGAL,kabkota,2015,10.09,143.54
Jawa Tengah,TEGAL,kabkota,2016,10.1,144.22
Jawa Tengah,TEGAL,kabkota,2017,9.9,141.8
Jawa Tengah,TEGAL,kabkota,2018,7.94,114.06
Jawa Tengah,TEGAL,kabkota,2019,7.64,109.94
Jawa Tengah,TEGAL,kabkota,2020,8.14,117.5
Jawa Tengah,TEGAL,kabkota,2021,8.6,123.52
Jawa Tengah,TEGAL,kabkota,2022,7.9,113.62
Jawa Tengah,TEGAL,kabkota,2023,7.3,105.03
Jawa Tengah,TEGAL,kabkota,2024,6.81,98.02
Jawa Tengah,TEGAL,kabkota,2025,6.16,88.7
Jawa Tengah,TEMANGGUNG,kabkota,2004,15.22,107.2
Jawa Tengah,TEMANGGUNG,kabkota,2005,14.5,100.8
Jawa Tengah,TEMANGGUNG,kabkota,2006,16.62,114.9
Jawa Tengah,TEMANGGUNG,kabkota,2007,16.55,115.0
Jawa Tengah,TEMANGGUNG,kabkota,2008,16.39,114.7
Jawa Tengah,TEMANGGUNG,kabkota,2009,15.05,105.8
Jawa Tengah,TEMANGGUNG,kabkota,2010,13.46,95.4
Jawa Tengah,TEMANGGUNG,kabkota,2011,13.38,94.9
Jawa Tengah,TEMANGGUNG,kabkota,2012,12.32,89.5
Jawa Tengah,TEMANGGUNG,kabkota,2013,12.42,91.1
Jawa Tengah,TEMANGGUNG,kabkota,2014,11.55,85.5
Jawa Tengah,TEMANGGUNG,kabkota,2015,11.76,87.45
Jawa Tengah,TEMANGGUNG,kabkota,2016,11.6,87.09
Jawa Tengah,TEMANGGUNG,kabkota,2017,11.46,86.77
Jawa Tengah,TEMANGGUNG,kabkota,2018,9.87,75.39
Jawa Tengah,TEMANGGUNG,kabkota,2019,9.42,72.57
Jawa Tengah,TEMANGGUNG,kabkota,2020,9.96,77.33
Jawa Tengah,TEMANGGUNG,kabkota,2021,10.17,79.09
Jawa Tengah,TEMANGGUNG,kabkota,2022,9.33,73.04
Jawa Tengah,TEMANGGUNG,kabkota,2023,9.26,72.96
Jawa Tengah,TEMANGGUNG,kabkota,2024,8.67,68.77
Jawa Tengah,TEMANGGUNG,kabkota,2025,7.78,62.05
Jawa Tengah,WONOGIRI,kabkota,2004,24.43,246.1
Jawa Tengah,WONOGIRI,kabkota,2005,25.21,246.8
Jawa Tengah,WONOGIRI,kabkota,2006,27.01,262.9
Jawa Tengah,WONOGIRI,kabkota,2007,24.44,237.4
Jawa Tengah,WONOGIRI,kabkota,2008,20.71,201.1
Jawa Tengah,WONOGIRI,kabkota,2009,19.08,184.9
Jawa Tengah,WONOGIRI,kabkota,2010,15.67,145.6
Jawa Tengah,WONOGIRI,kabkota,2011,15.74,146.4
Jawa Tengah,WONOGIRI,kabkota,2012,14.67,137.9
Jawa Tengah,WONOGIRI,kabkota,2013,14.02,132.2
Jawa Tengah,WONOGIRI,kabkota,2014,13.09,123.8
Jawa Tengah,WONOGIRI,kabkota,2015,12.98,122.98
Jawa Tengah,WONOGIRI,kabkota,2016,13.12,124.83
Jawa Tengah,WONOGIRI,kabkota,2017,12.9,123.04
Jawa Tengah,WONOGIRI,kabkota,2018,10.75,102.84
Jawa Tengah,WONOGIRI,kabkota,2019,10.25,98.28
Jawa Tengah,WONOGIRI,kabkota,2020,10.86,104.37
Jawa Tengah,WONOGIRI,kabkota,2021,11.55,110.46
Jawa Tengah,WONOGIRI,kabkota,2022,10.99,105.19
Jawa Tengah,WONOGIRI,kabkota,2023,10.94,104.82
Jawa Tengah,WONOGIRI,kabkota,2024,10.71,102.57
Jawa Tengah,WONOGIRI,kabkota,2025,9.59,91.9
Jawa Tengah,WONOSOBO,kabkota,2004,33.15,254.7
Jawa Tengah,WONOSOBO,kabkota,2005,31.68,239.4
Jawa Tengah,WONOSOBO,kabkota,2006,34.43,257.5
Jawa Tengah,WONOSOBO,kabkota,2007,32.29,241.4
Jawa Tengah,WONOSOBO,kabkota,2008,27.72,207.5
Jawa Tengah,WONOSOBO,kabkota,2009,25.91,194.0
Jawa Tengah,WONOSOBO,kabkota,2010,23.15,174.8
Jawa Tengah,WONOSOBO,kabkota,2011,24.21,183.0
Jawa Tengah,WONOSOBO,kabkota,2012,22.5,172.4
Jawa Tengah,WONOSOBO,kabkota,2013,22.08,170.1
Jawa Tengah,WONOSOBO,kabkota,2014,21.42,165.8
Jawa Tengah,WONOSOBO,kabkota,2015,21.45,166.41
Jawa Tengah,WONOSOBO,kabkota,2016,20.53,160.12
Jawa Tengah,WONOSOBO,kabkota,2017,20.32,159.16
Jawa Tengah,WONOSOBO,kabkota,2018,17.58,138.32
Jawa Tengah,WONOSOBO,kabkota,2019,16.63,131.35
Jawa Tengah,WONOSOBO,kabkota,2020,17.36,137.64
Jawa Tengah,WONOSOBO,kabkota,2021,17.67,139.67
Jawa Tengah,WONOSOBO,kabkota,2022,16.17,128.11
Jawa Tengah,WONOSOBO,kabkota,2023,15.58,123.7
Jawa Tengah,WONOSOBO,kabkota,2024,15.28,121.49
Jawa Tengah,WONOSOBO,kabkota,2025,13.34,106.29
Jawa Timur,BANGKALAN,kabkota,2004,32.88,292.6
Jawa Timur,BANGKALAN,kabkota,2005,32.81,286.7
Jawa Timur,BANGKALAN,kabkota,2006,33.53,306.7
Jawa Timur,BANGKALAN,kabkota,2007,31.56,288.3
Jawa Timur,BANGKALAN,kabkota,2008,32.7,304.0
Jawa Timur,BANGKALAN,kabkota,2009,30.45,287.6
Jawa Timur,BANGKALAN,kabkota,2010,28.12,255.6
Jawa Timur,BANGKALAN,kabkota,2011,26.22,239.5
Jawa Timur,BANGKALAN,kabkota,2012,24.7,229.8
Jawa Timur,BANGKALAN,kabkota,2013,23.23,218.3
Jawa Timur,BANGKALAN,kabkota,2014,22.38,212.2
Jawa Timur,BANGKALAN,kabkota,2015,22.57,216.23
Jawa Timur,BANGKALAN,kabkota,2016,21.41,205.71
Jawa Timur,BANGKALAN,kabkota,2017,21.32,206.53
Jawa Timur,BANGKALAN,kabkota,2018,19.59,191.33
Jawa Timur,BANGKALAN,kabkota,2019,18.9,186.11
Jawa Timur,BANGKALAN,kabkota,2020,20.56,204.0
Jawa Timur,BANGKALAN,kabkota,2021,21.57,215.97
Jawa Timur,BANGKALAN,kabkota,2022,19.44,196.11
Jawa Timur,BANGKALAN,kabkota,2023,19.35,196.66
Jawa Timur,BANGKALAN,kabkota,2024,18.66,190.94
Jawa Timur,BANGKALAN,kabkota,2025,18.25,187.9
Jawa Timur,BANYUWANGI,kabkota,2004,15.9,244.9
Jawa Timur,BANYUWANGI,kabkota,2005,15.58,236.1
Jawa Timur,BANYUWANGI,kabkota,2006,16.64,251.9
Jawa Timur,BANYUWANGI,kabkota,2007,15.33,227.3
Jawa Timur,BANYUWANGI,kabkota,2008,13.91,206.8
Jawa Timur,BANYUWANGI,kabkota,2009,12.16,181.0
Jawa Timur,BANYUWANGI,kabkota,2010,11.25,175.1
Jawa Timur,BANYUWANGI,kabkota,2011,10.47,164.0
Jawa Timur,BANYUWANGI,kabkota,2012,9.97,157.2
Jawa Timur,BANYUWANGI,kabkota,2013,9.61,152.2
Jawa Timur,BANYUWANGI,kabkota,2014,9.29,147.7
Jawa Timur,BANYUWANGI,kabkota,2015,9.17,146.0
Jawa Timur,BANYUWANGI,kabkota,2016,8.79,140.45
Jawa Timur,BANYUWANGI,kabkota,2017,8.64,138.54
Jawa Timur,BANYUWANGI,kabkota,2018,7.8,125.5
Jawa Timur,BANYUWANGI,kabkota,2019,7.52,121.37
Jawa Timur,BANYUWANGI,kabkota,2020,8.06,130.37
Jawa Timur,BANYUWANGI,kabkota,2021,8.07,130.93
Jawa Timur,BANYUWANGI,kabkota,2022,7.51,122.01
Jawa Timur,BANYUWANGI,kabkota,2023,7.34,119.52
Jawa Timur,BANYUWANGI,kabkota,2024,6.54,106.61
Jawa Timur,BANYUWANGI,kabkota,2025,6.13,100.13
Jawa Timur,BLITAR,kabkota,2004,16.13,179.4
Jawa Timur,BLITAR,kabkota,2005,16.11,175.8
Jawa Timur,BLITAR,kabkota,2006,17.91,190.4
Jawa Timur,BLITAR,kabkota,2007,16.47,171.2
Jawa Timur,BLITAR,kabkota,2008,14.53,150.8
Jawa Timur,BLITAR,kabkota,2009,13.19,136.8
Jawa Timur,BLITAR,kabkota,2010,12.13,135.5
Jawa Timur,BLITAR,kabkota,2011,11.29,126.9
Jawa Timur,BLITAR,kabkota,2012,10.74,121.6
Jawa Timur,BLITAR,kabkota,2013,10.57,120.3
Jawa Timur,BLITAR,kabkota,2014,10.22,116.7
Jawa Timur,BLITAR,kabkota,2015,9.97,114.12
Jawa Timur,BLITAR,kabkota,2016,9.88,113.51
Jawa Timur,BLITAR,kabkota,2017,9.8,112.93
Jawa Timur,BLITAR,kabkota,2018,9.72,112.4
Jawa Timur,BLITAR,kabkota,2019,8.94,103.75
Jawa Timur,BLITAR,kabkota,2020,9.33,108.55
Jawa Timur,BLITAR,kabkota,2021,9.65,112.62
Jawa Timur,BLITAR,kabkota,2022,8.71,101.94
Jawa Timur,BLITAR,kabkota,2023,8.69,101.94
Jawa Timur,BLITAR,kabkota,2024,8.16,95.91
Jawa Timur,BLITAR,kabkota,2025,7.57,89.04
Jawa Timur,BOJONEGORO,kabkota,2004,27.7,336.9
Jawa Timur,BOJONEGORO,kabkota,2005,27.12,323.9
Jawa Timur,BOJONEGORO,kabkota,2006,28.38,350.9
Jawa Timur,BOJONEGORO,kabkota,2007,26.37,321.5
Jawa Timur,BOJONEGORO,kabkota,2008,23.87,292.7
Jawa Timur,BOJONEGORO,kabkota,2009,21.27,262.0
Jawa Timur,BOJONEGORO,kabkota,2010,18.78,227.2
Jawa Timur,BOJONEGORO,kabkota,2011,17.47,212.9
Jawa Timur,BOJONEGORO,kabkota,2012,16.66,203.9
Jawa Timur,BOJONEGORO,kabkota,2013,16.02,196.8
Jawa Timur,BOJONEGORO,kabkota,2014,15.48,190.9
Jawa Timur,BOJONEGORO,kabkota,2015,15.71,193.99
Jawa Timur,BOJONEGORO,kabkota,2016,14.6,180.99
Jawa Timur,BOJONEGORO,kabkota,2017,14.34,178.25
Jawa Timur,BOJONEGORO,kabkota,2018,13.16,163.94
Jawa Timur,BOJONEGORO,kabkota,2019,12.38,154.64
Jawa Timur,BOJONEGORO,kabkota,2020,12.87,161.1
Jawa Timur,BOJONEGORO,kabkota,2021,13.27,166.52
Jawa Timur,BOJONEGORO,kabkota,2022,12.21,153.4
Jawa Timur,BOJONEGORO,kabkota,2023,12.18,153.25
Jawa Timur,BOJONEGORO,kabkota,2024,11.69,147.33
Jawa Timur,BOJONEGORO,kabkota,2025,11.49,144.9
Jawa Timur,BONDOWOSO,kabkota,2004,24.36,173.0
Jawa Timur,BONDOWOSO,kabkota,2005,24.31,169.5
Jawa Timur,BONDOWOSO,kabkota,2006,26.23,183.6
Jawa Timur,BONDOWOSO,kabkota,2007,24.23,165.7
Jawa Timur,BONDOWOSO,kabkota,2008,22.23,152.6
Jawa Timur,BONDOWOSO,kabkota,2009,20.18,138.7
Jawa Timur,BONDOWOSO,kabkota,2010,17.89,131.9
Jawa Timur,BONDOWOSO,kabkota,2011,16.66,123.6
Jawa Timur,BONDOWOSO,kabkota,2012,15.81,118.5
Jawa Timur,BONDOWOSO,kabkota,2013,15.29,115.3
Jawa Timur,BONDOWOSO,kabkota,2014,14.76,111.9
Jawa Timur,BONDOWOSO,kabkota,2015,14.96,113.72
Jawa Timur,BONDOWOSO,kabkota,2016,15.0,114.63
Jawa Timur,BONDOWOSO,kabkota,2017,14.54,111.66
Jawa Timur,BONDOWOSO,kabkota,2018,14.39,110.98
Jawa Timur,BONDOWOSO,kabkota,2019,13.33,103.33
Jawa Timur,BONDOWOSO,kabkota,2020,14.17,110.24
Jawa Timur,BONDOWOSO,kabkota,2021,14.73,115.18
Jawa Timur,BONDOWOSO,kabkota,2022,13.47,105.69
Jawa Timur,BONDOWOSO,kabkota,2023,13.34,105.13
Jawa Timur,BONDOWOSO,kabkota,2024,12.6,99.62
Jawa Timur,BONDOWOSO,kabkota,2025,12.2,96.71
Jawa Timur,GRESIK,kabkota,2004,23.07,247.5
Jawa Timur,GRESIK,kabkota,2005,22.95,242.5
Jawa Timur,GRESIK,kabkota,2006,25.19,287.5
Jawa Timur,GRESIK,kabkota,2007,23.98,273.6
Jawa Timur,GRESIK,kabkota,2008,21.43,248.8
Jawa Timur,GRESIK,kabkota,2009,19.14,225.8
Jawa Timur,GRESIK,kabkota,2010,16.42,193.9
Jawa Timur,GRESIK,kabkota,2011,15.33,181.7
Jawa Timur,GRESIK,kabkota,2012,14.35,174.4
Jawa Timur,GRESIK,kabkota,2013,13.94,171.6
Jawa Timur,GRESIK,kabkota,2014,13.41,166.9
Jawa Timur,GRESIK,kabkota,2015,13.63,170.76
Jawa Timur,GRESIK,kabkota,2016,13.19,167.12
Jawa Timur,GRESIK,kabkota,2017,12.8,164.08
Jawa Timur,GRESIK,kabkota,2018,11.89,154.02
Jawa Timur,GRESIK,kabkota,2019,11.35,148.61
Jawa Timur,GRESIK,kabkota,2020,12.4,164.05
Jawa Timur,GRESIK,kabkota,2021,12.42,166.35
Jawa Timur,GRESIK,kabkota,2022,11.06,149.64
Jawa Timur,GRESIK,kabkota,2023,10.96,149.75
Jawa Timur,GRESIK,kabkota,2024,10.32,142.39
Jawa Timur,GRESIK,kabkota,2025,9.95,138.55
Jawa Timur,JEMBER,kabkota,2004,17.24,386.1
Jawa Timur,JEMBER,kabkota,2005,18.55,408.0
Jawa Timur,JEMBER,kabkota,2006,18.54,423.3
Jawa Timur,JEMBER,kabkota,2007,18.57,417.0
Jawa Timur,JEMBER,kabkota,2008,17.74,399.5
Jawa Timur,JEMBER,kabkota,2009,15.43,348.1
Jawa Timur,JEMBER,kabkota,2010,13.27,311.8
Jawa Timur,JEMBER,kabkota,2011,12.44,292.1
Jawa Timur,JEMBER,kabkota,2012,11.81,280.0
Jawa Timur,JEMBER,kabkota,2013,11.68,278.5
Jawa Timur,JEMBER,kabkota,2014,11.28,270.4
Jawa Timur,JEMBER,kabkota,2015,11.22,269.54
Jawa Timur,JEMBER,kabkota,2016,10.97,265.1
Jawa Timur,JEMBER,kabkota,2017,11.0,266.9
Jawa Timur,JEMBER,kabkota,2018,9.98,243.42
Jawa Timur,JEMBER,kabkota,2019,9.25,226.57
Jawa Timur,JEMBER,kabkota,2020,10.09,247.99
Jawa Timur,JEMBER,kabkota,2021,10.41,257.09
Jawa Timur,JEMBER,kabkota,2022,9.39,232.73
Jawa Timur,JEMBER,kabkota,2023,9.51,236.46
Jawa Timur,JEMBER,kabkota,2024,9.01,224.77
Jawa Timur,JEMBER,kabkota,2025,8.67,216.76
Jawa Timur,JOMBANG,kabkota,2004,24.13,284.3
Jawa Timur,JOMBANG,kabkota,2005,24.07,278.6
Jawa Timur,JOMBANG,kabkota,2006,23.34,289.9
Jawa Timur,JOMBANG,kabkota,2007,21.21,261.6
Jawa Timur,JOMBANG,kabkota,2008,16.46,205.6
Jawa Timur,JOMBANG,kabkota,2009,14.46,182.5
Jawa Timur,JOMBANG,kabkota,2010,13.84,166.5
Jawa Timur,JOMBANG,kabkota,2011,12.88,156.0
Jawa Timur,JOMBANG,kabkota,2012,12.23,149.6
Jawa Timur,JOMBANG,kabkota,2013,11.17,137.5
Jawa Timur,JOMBANG,kabkota,2014,10.8,133.5
Jawa Timur,JOMBANG,kabkota,2015,10.79,133.75
Jawa Timur,JOMBANG,kabkota,2016,10.7,133.32
Jawa Timur,JOMBANG,kabkota,2017,10.48,131.16
Jawa Timur,JOMBANG,kabkota,2018,9.56,120.19
Jawa Timur,JOMBANG,kabkota,2019,9.22,116.44
Jawa Timur,JOMBANG,kabkota,2020,9.94,125.94
Jawa Timur,JOMBANG,kabkota,2021,10.0,127.3
Jawa Timur,JOMBANG,kabkota,2022,9.04,115.48
Jawa Timur,JOMBANG,kabkota,2023,9.15,117.36
Jawa Timur,JOMBANG,kabkota,2024,8.6,110.57
Jawa Timur,JOMBANG,kabkota,2025,8.36,107.82
Jawa Timur,Jawa Timur,provinsi,2004,20.08,
Jawa Timur,Jawa Timur,provinsi,2005,19.95,
Jawa Timur,Jawa Timur,provinsi,2006,21.09,
Jawa Timur,Jawa Timur,provinsi,2007,19.98,
Jawa Timur,Jawa Timur,provinsi,2008,18.19,
Jawa Timur,Jawa Timur,provinsi,2009,16.22,
Jawa Timur,Jawa Timur,provinsi,2010,14.87,
Jawa Timur,Jawa Timur,provinsi,2011,13.85,
Jawa Timur,Jawa Timur,provinsi,2012,13.08,
Jawa Timur,Jawa Timur,provinsi,2013,12.73,
Jawa Timur,Jawa Timur,provinsi,2014,12.28,
Jawa Timur,Jawa Timur,provinsi,2015,12.34,
Jawa Timur,Jawa Timur,provinsi,2016,12.05,
Jawa Timur,Jawa Timur,provinsi,2017,11.77,4617.01
Jawa Timur,Jawa Timur,provinsi,2018,10.98,4332.59
Jawa Timur,Jawa Timur,provinsi,2019,10.37,4112.25
Jawa Timur,Jawa Timur,provinsi,2020,11.09,4419.1
Jawa Timur,Jawa Timur,provinsi,2021,11.4,4572.73
Jawa Timur,Jawa Timur,provinsi,2022,10.38,4181.29
Jawa Timur,Jawa Timur,provinsi,2023,10.35,4188.81
Jawa Timur,Jawa Timur,provinsi,2024,9.79,3982.69
Jawa Timur,Jawa Timur,provinsi,2025,9.5,3875.88
Jawa Timur,KEDIRI,kabkota,2004,17.27,255.3
Jawa Timur,KEDIRI,kabkota,2005,17.64,255.9
Jawa Timur,KEDIRI,kabkota,2006,19.28,277.2
Jawa Timur,KEDIRI,kabkota,2007,18.98,267.4
Jawa Timur,KEDIRI,kabkota,2008,18.85,265.5
Jawa Timur,KEDIRI,kabkota,2009,17.05,239.9
Jawa Timur,KEDIRI,kabkota,2010,15.52,232.8
Jawa Timur,KEDIRI,kabkota,2011,14.44,218.1
Jawa Timur,KEDIRI,kabkota,2012,13.71,209.0
Jawa Timur,KEDIRI,kabkota,2013,13.23,202.7
Jawa Timur,KEDIRI,kabkota,2014,12.77,196.8
Jawa Timur,KEDIRI,kabkota,2015,12.91,199.38
Jawa Timur,KEDIRI,kabkota,2016,12.72,197.43
Jawa Timur,KEDIRI,kabkota,2017,12.25,191.08
Jawa Timur,KEDIRI,kabkota,2018,11.31,177.2
Jawa Timur,KEDIRI,kabkota,2019,10.42,163.95
Jawa Timur,KEDIRI,kabkota,2020,11.4,179.93
Jawa Timur,KEDIRI,kabkota,2021,11.64,184.49
Jawa Timur,KEDIRI,kabkota,2022,10.65,169.46
Jawa Timur,KEDIRI,kabkota,2023,10.72,171.18
Jawa Timur,KEDIRI,kabkota,2024,9.95,159.27
Jawa Timur,KEDIRI,kabkota,2025,9.81,157.47
Jawa Timur,KOTA BATU,kabkota,2004,11.36,20.2
Jawa Timur,KOTA BATU,kabkota,2005,9.85,17.2
Jawa Timur,KOTA BATU,kabkota,2006,11.61,21.2
Jawa Timur,KOTA BATU,kabkota,2007,9.71,17.3
Jawa Timur,KOTA BATU,kabkota,2008,6.18,11.3
Jawa Timur,KOTA BATU,kabkota,2009,4.81,8.8
Jawa Timur,KOTA BATU,kabkota,2010,5.08,9.7
Jawa Timur,KOTA BATU,kabkota,2011,4.74,9.1
Jawa Timur,KOTA BATU,kabkota,2012,4.47,8.7
Jawa Timur,KOTA BATU,kabkota,2013,4.77,9.4
Jawa Timur,KOTA BATU,kabkota,2014,4.59,9.1
Jawa Timur,KOTA BATU,kabkota,2015,4.71,9.43
Jawa Timur,KOTA BATU,kabkota,2016,4.48,9.05
Jawa Timur,KOTA BATU,kabkota,2017,4.31,8.77
Jawa Timur,KOTA BATU,kabkota,2018,3.89,7.98
Jawa Timur,KOTA BATU,kabkota,2019,3.81,7.89
Jawa Timur,KOTA BATU,kabkota,2020,3.89,8.12
Jawa Timur,KOTA BATU,kabkota,2021,4.09,8.63
Jawa Timur,KOTA BATU,kabkota,2022,3.79,8.05
Jawa Timur,KOTA BATU,kabkota,2023,3.31,7.1
Jawa Timur,KOTA BATU,kabkota,2024,3.06,6.59
Jawa Timur,KOTA BATU,kabkota,2025,2.86,6.22
Jawa Timur,KOTA BLITAR,kabkota,2004,11.75,14.5
Jawa Timur,KOTA BLITAR,kabkota,2005,11.67,14.2
Jawa Timur,KOTA BLITAR,kabkota,2006,11.99,15.4
Jawa Timur,KOTA BLITAR,kabkota,2007,12.02,15.2
Jawa Timur,KOTA BLITAR,kabkota,2008,9.34,12.0
Jawa Timur,KOTA BLITAR,kabkota,2009,7.56,9.8
Jawa Timur,KOTA BLITAR,kabkota,2010,7.63,10.1
Jawa Timur,KOTA BLITAR,kabkota,2011,7.12,9.5
Jawa Timur,KOTA BLITAR,kabkota,2012,6.75,9.1
Jawa Timur,KOTA BLITAR,kabkota,2013,7.42,10.1
Jawa Timur,KOTA BLITAR,kabkota,2014,7.15,9.8
Jawa Timur,KOTA BLITAR,kabkota,2015,7.29,10.04
Jawa Timur,KOTA BLITAR,kabkota,2016,7.18,9.97
Jawa Timur,KOTA BLITAR,kabkota,2017,8.03,11.22
Jawa Timur,KOTA BLITAR,kabkota,2018,7.44,10.47
Jawa Timur,KOTA BLITAR,kabkota,2019,7.13,10.1
Jawa Timur,KOTA BLITAR,kabkota,2020,7.78,11.1
Jawa Timur,KOTA BLITAR,kabkota,2021,7.89,11.33
Jawa Timur,KOTA BLITAR,kabkota,2022,7.37,10.65
Jawa Timur,KOTA BLITAR,kabkota,2023,7.3,10.61
Jawa Timur,KOTA BLITAR,kabkota,2024,6.75,9.86
Jawa Timur,KOTA BLITAR,kabkota,2025,6.6,9.69
Jawa Timur,KOTA KEDIRI,kabkota,2004,13.58,34.3
Jawa Timur,KOTA KEDIRI,kabkota,2005,13.62,33.6
Jawa Timur,KOTA KEDIRI,kabkota,2006,13.85,36.4
Jawa Timur,KOTA KEDIRI,kabkota,2007,13.67,35.3
Jawa Timur,KOTA KEDIRI,kabkota,2008,11.71,30.7
Jawa Timur,KOTA KEDIRI,kabkota,2009,10.41,27.5
Jawa Timur,KOTA KEDIRI,kabkota,2010,9.31,24.9
Jawa Timur,KOTA KEDIRI,kabkota,2011,8.63,23.3
Jawa Timur,KOTA KEDIRI,kabkota,2012,8.14,22.3
Jawa Timur,KOTA KEDIRI,kabkota,2013,8.23,22.8
Jawa Timur,KOTA KEDIRI,kabkota,2014,7.95,22.1
Jawa Timur,KOTA KEDIRI,kabkota,2015,8.51,23.77
Jawa Timur,KOTA KEDIRI,kabkota,2016,8.4,23.64
Jawa Timur,KOTA KEDIRI,kabkota,2017,8.49,24.07
Jawa Timur,KOTA KEDIRI,kabkota,2018,7.68,21.9
Jawa Timur,KOTA KEDIRI,kabkota,2019,7.16,20.54
Jawa Timur,KOTA KEDIRI,kabkota,2020,7.69,22.19
Jawa Timur,KOTA KEDIRI,kabkota,2021,7.75,22.55
Jawa Timur,KOTA KEDIRI,kabkota,2022,7.23,21.15
Jawa Timur,KOTA KEDIRI,kabkota,2023,7.15,21.03
Jawa Timur,KOTA KEDIRI,kabkota,2024,6.51,19.24
Jawa Timur,KOTA KEDIRI,kabkota,2025,6.04,17.93
Jawa Timur,KOTA MADIUN,kabkota,2004,9.09,15.8
Jawa Timur,KOTA MADIUN,kabkota,2005,9.11,15.8
Jawa Timur,KOTA MADIUN,kabkota,2006,7.87,13.8
Jawa Timur,KOTA MADIUN,kabkota,2007,7.07,12.1
Jawa Timur,KOTA MADIUN,kabkota,2008,6.69,11.6
Jawa Timur,KOTA MADIUN,kabkota,2009,5.93,10.3
Jawa Timur,KOTA MADIUN,kabkota,2010,6.11,10.4
Jawa Timur,KOTA MADIUN,kabkota,2011,5.66,9.7
Jawa Timur,KOTA MADIUN,kabkota,2012,5.37,9.3
Jawa Timur,KOTA MADIUN,kabkota,2013,5.02,8.7
Jawa Timur,KOTA MADIUN,kabkota,2014,4.86,8.5
Jawa Timur,KOTA MADIUN,kabkota,2015,4.89,8.55
Jawa Timur,KOTA MADIUN,kabkota,2016,5.16,9.05
Jawa Timur,KOTA MADIUN,kabkota,2017,4.94,8.7
Jawa Timur,KOTA MADIUN,kabkota,2018,4.49,7.92
Jawa Timur,KOTA MADIUN,kabkota,2019,4.35,7.69
Jawa Timur,KOTA MADIUN,kabkota,2020,4.98,8.83
Jawa Timur,KOTA MADIUN,kabkota,2021,5.09,9.06
Jawa Timur,KOTA MADIUN,kabkota,2022,4.76,8.49
Jawa Timur,KOTA MADIUN,kabkota,2023,4.74,8.46
Jawa Timur,KOTA MADIUN,kabkota,2024,4.38,7.84
Jawa Timur,KOTA MADIUN,kabkota,2025,3.89,6.96
Jawa Timur,KOTA MALANG,kabkota,2004,7.22,55.9
Jawa Timur,KOTA MALANG,kabkota,2005,7.2,54.8
Jawa Timur,KOTA MALANG,kabkota,2006,7.42,59.4
Jawa Timur,KOTA MALANG,kabkota,2007,7.19,56.6
Jawa Timur,KOTA MALANG,kabkota,2008,7.22,57.2
Jawa Timur,KOTA MALANG,kabkota,2009,5.58,44.4
Jawa Timur,KOTA MALANG,kabkota,2010,5.9,48.5
Jawa Timur,KOTA MALANG,kabkota,2011,5.5,45.4
Jawa Timur,KOTA MALANG,kabkota,2012,5.21,43.5
Jawa Timur,KOTA MALANG,kabkota,2013,4.87,41.0
Jawa Timur,KOTA MALANG,kabkota,2014,4.8,40.6
Jawa Timur,KOTA MALANG,kabkota,2015,4.6,39.1
Jawa Timur,KOTA MALANG,kabkota,2016,4.33,37.03
Jawa Timur,KOTA MALANG,kabkota,2017,4.17,35.88
Jawa Timur,KOTA MALANG,kabkota,2018,4.1,35.49
Jawa Timur,KOTA MALANG,kabkota,2019,4.07,35.39
Jawa Timur,KOTA MALANG,kabkota,2020,4.44,38.77
Jawa Timur,KOTA MALANG,kabkota,2021,4.62,40.62
Jawa Timur,KOTA MALANG,kabkota,2022,4.37,38.56
Jawa Timur,KOTA MALANG,kabkota,2023,4.26,37.78
Jawa Timur,KOTA MALANG,kabkota,2024,3.91,34.84
Jawa Timur,KOTA MALANG,kabkota,2025,3.85,34.41
Jawa Timur,KOTA MOJOKERTO,kabkota,2004,10.76,12.1
Jawa Timur,KOTA MOJOKERTO,kabkota,2005,10.7,11.9
Jawa Timur,KOTA MOJOKERTO,kabkota,2006,10.72,12.0
Jawa Timur,KOTA MOJOKERTO,kabkota,2007,10.46,11.5
Jawa Timur,KOTA MOJOKERTO,kabkota,2008,8.88,9.8
Jawa Timur,KOTA MOJOKERTO,kabkota,2009,7.19,7.9
Jawa Timur,KOTA MOJOKERTO,kabkota,2010,7.41,8.9
Jawa Timur,KOTA MOJOKERTO,kabkota,2011,6.89,8.3
Jawa Timur,KOTA MOJOKERTO,kabkota,2012,6.48,8.0
Jawa Timur,KOTA MOJOKERTO,kabkota,2013,6.65,8.3
Jawa Timur,KOTA MOJOKERTO,kabkota,2014,6.42,8.0
Jawa Timur,KOTA MOJOKERTO,kabkota,2015,6.16,7.72
Jawa Timur,KOTA MOJOKERTO,kabkota,2016,5.73,7.24
Jawa Timur,KOTA MOJOKERTO,kabkota,2017,5.73,7.28
Jawa Timur,KOTA MOJOKERTO,kabkota,2018,5.5,7.04
Jawa Timur,KOTA MOJOKERTO,kabkota,2019,5.15,6.63
Jawa Timur,KOTA MOJOKERTO,kabkota,2020,6.24,8.09
Jawa Timur,KOTA MOJOKERTO,kabkota,2021,6.39,8.37
Jawa Timur,KOTA MOJOKERTO,kabkota,2022,5.98,7.88
Jawa Timur,KOTA MOJOKERTO,kabkota,2023,5.77,7.65
Jawa Timur,KOTA MOJOKERTO,kabkota,2024,5.57,7.43
Jawa Timur,KOTA MOJOKERTO,kabkota,2025,5.05,6.77
Jawa Timur,KOTA PASURUAN,kabkota,2004,12.5,22.3
Jawa Timur,KOTA PASURUAN,kabkota,2005,12.43,21.8
Jawa Timur,KOTA PASURUAN,kabkota,2006,13.71,23.6
Jawa Timur,KOTA PASURUAN,kabkota,2007,12.61,21.3
Jawa Timur,KOTA PASURUAN,kabkota,2008,11.2,18.9
Jawa Timur,KOTA PASURUAN,kabkota,2009,9.34,15.8
Jawa Timur,KOTA PASURUAN,kabkota,2010,9.0,16.8
Jawa Timur,KOTA PASURUAN,kabkota,2011,8.39,15.7
Jawa Timur,KOTA PASURUAN,kabkota,2012,7.9,15.1
Jawa Timur,KOTA PASURUAN,kabkota,2013,7.6,14.6
Jawa Timur,KOTA PASURUAN,kabkota,2014,7.34,14.2
Jawa Timur,KOTA PASURUAN,kabkota,2015,7.47,14.52
Jawa Timur,KOTA PASURUAN,kabkota,2016,7.62,14.93
Jawa Timur,KOTA PASURUAN,kabkota,2017,7.53,14.85
Jawa Timur,KOTA PASURUAN,kabkota,2018,6.77,13.45
Jawa Timur,KOTA PASURUAN,kabkota,2019,6.46,12.92
Jawa Timur,KOTA PASURUAN,kabkota,2020,6.66,13.4
Jawa Timur,KOTA PASURUAN,kabkota,2021,6.88,13.97
Jawa Timur,KOTA PASURUAN,kabkota,2022,6.37,13.02
Jawa Timur,KOTA PASURUAN,kabkota,2023,6.6,13.56
Jawa Timur,KOTA PASURUAN,kabkota,2024,6.32,13.07
Jawa Timur,KOTA PASURUAN,kabkota,2025,6.18,12.83
Jawa Timur,KOTA PROBOLINGGO,kabkota,2004,18.07,36.4
Jawa Timur,KOTA PROBOLINGGO,kabkota,2005,17.98,35.7
Jawa Timur,KOTA PROBOLINGGO,kabkota,2006,17.82,38.7
Jawa Timur,KOTA PROBOLINGGO,kabkota,2007,16.19,34.9
Jawa Timur,KOTA PROBOLINGGO,kabkota,2008,23.29,51.3
Jawa Timur,KOTA PROBOLINGGO,kabkota,2009,21.06,47.1
Jawa Timur,KOTA PROBOLINGGO,kabkota,2010,19.03,41.4
Jawa Timur,KOTA PROBOLINGGO,kabkota,2011,17.74,38.8
Jawa Timur,KOTA PROBOLINGGO,kabkota,2012,10.92,24.3
Jawa Timur,KOTA PROBOLINGGO,kabkota,2013,8.55,19.2
Jawa Timur,KOTA PROBOLINGGO,kabkota,2014,8.37,19.0
Jawa Timur,KOTA PROBOLINGGO,kabkota,2015,8.17,18.66
Jawa Timur,KOTA PROBOLINGGO,kabkota,2016,7.97,18.37
Jawa Timur,KOTA PROBOLINGGO,kabkota,2017,7.84,18.23
Jawa Timur,KOTA PROBOLINGGO,kabkota,2018,7.2,16.9
Jawa Timur,KOTA PROBOLINGGO,kabkota,2019,6.91,16.37
Jawa Timur,KOTA PROBOLINGGO,kabkota,2020,7.43,17.72
Jawa Timur,KOTA PROBOLINGGO,kabkota,2021,7.44,17.91
Jawa Timur,KOTA PROBOLINGGO,kabkota,2022,6.65,16.16
Jawa Timur,KOTA PROBOLINGGO,kabkota,2023,6.48,15.86
Jawa Timur,KOTA PROBOLINGGO,kabkota,2024,6.18,15.24
Jawa Timur,KOTA PROBOLINGGO,kabkota,2025,5.69,14.11
Jawa Timur,KOTA SURABAYA,kabkota,2004,9.21,248.2
Jawa Timur,KOTA SURABAYA,kabkota,2005,7.35,194.6
Jawa Timur,KOTA SURABAYA,kabkota,2006,8.08,210.8
Jawa Timur,KOTA SURABAYA,kabkota,2007,7.98,203.7
Jawa Timur,KOTA SURABAYA,kabkota,2008,8.23,209.9
Jawa Timur,KOTA SURABAYA,kabkota,2009,6.72,171.2
Jawa Timur,KOTA SURABAYA,kabkota,2010,7.07,195.7
Jawa Timur,KOTA SURABAYA,kabkota,2011,6.58,183.3
Jawa Timur,KOTA SURABAYA,kabkota,2012,6.25,175.7
Jawa Timur,KOTA SURABAYA,kabkota,2013,6.0,169.4
Jawa Timur,KOTA SURABAYA,kabkota,2014,5.79,164.4
Jawa Timur,KOTA SURABAYA,kabkota,2015,5.82,165.72
Jawa Timur,KOTA SURABAYA,kabkota,2016,5.63,161.01
Jawa Timur,KOTA SURABAYA,kabkota,2017,5.39,154.71
Jawa Timur,KOTA SURABAYA,kabkota,2018,4.88,140.81
Jawa Timur,KOTA SURABAYA,kabkota,2019,4.51,130.55
Jawa Timur,KOTA SURABAYA,kabkota,2020,5.02,145.67
Jawa Timur,KOTA SURABAYA,kabkota,2021,5.23,152.49
Jawa Timur,KOTA SURABAYA,kabkota,2022,4.72,138.21
Jawa Timur,KOTA SURABAYA,kabkota,2023,4.65,136.37
Jawa Timur,KOTA SURABAYA,kabkota,2024,3.96,116.62
Jawa Timur,KOTA SURABAYA,kabkota,2025,3.56,105.09
Jawa Timur,LAMONGAN,kabkota,2004,25.74,318.4
Jawa Timur,LAMONGAN,kabkota,2005,23.13,280.8
Jawa Timur,LAMONGAN,kabkota,2006,25.74,304.2
Jawa Timur,LAMONGAN,kabkota,2007,25.79,297.6
Jawa Timur,LAMONGAN,kabkota,2008,22.51,259.7
Jawa Timur,LAMONGAN,kabkota,2009,20.47,235.9
Jawa Timur,LAMONGAN,kabkota,2010,18.7,220.6
Jawa Timur,LAMONGAN,kabkota,2011,17.41,206.7
Jawa Timur,LAMONGAN,kabkota,2012,16.7,197.9
Jawa Timur,LAMONGAN,kabkota,2013,16.18,192.0
Jawa Timur,LAMONGAN,kabkota,2014,15.68,186.1
Jawa Timur,LAMONGAN,kabkota,2015,15.38,182.64
Jawa Timur,LAMONGAN,kabkota,2016,14.89,176.92
Jawa Timur,LAMONGAN,kabkota,2017,14.42,171.38
Jawa Timur,LAMONGAN,kabkota,2018,13.8,164.0
Jawa Timur,LAMONGAN,kabkota,2019,13.21,157.11
Jawa Timur,LAMONGAN,kabkota,2020,13.85,164.68
Jawa Timur,LAMONGAN,kabkota,2021,13.86,166.82
Jawa Timur,LAMONGAN,kabkota,2022,12.53,151.08
Jawa Timur,LAMONGAN,kabkota,2023,12.42,149.94
Jawa Timur,LAMONGAN,kabkota,2024,12.16,146.98
Jawa Timur,LAMONGAN,kabkota,2025,12.03,145.45
Jawa Timur,LUMAJANG,kabkota,2004,17.96,179.8
Jawa Timur,LUMAJANG,kabkota,2005,18.95,186.1
Jawa Timur,LUMAJANG,kabkota,2006,20.02,201.9
Jawa Timur,LUMAJANG,kabkota,2007,20.09,199.0
Jawa Timur,LUMAJANG,kabkota,2008,18.17,180.7
Jawa Timur,LUMAJANG,kabkota,2009,15.83,157.8
Jawa Timur,LUMAJANG,kabkota,2010,13.98,140.8
Jawa Timur,LUMAJANG,kabkota,2011,13.01,131.9
Jawa Timur,LUMAJANG,kabkota,2012,12.4,126.4
Jawa Timur,LUMAJANG,kabkota,2013,12.14,124.4
Jawa Timur,LUMAJANG,kabkota,2014,11.75,120.7
Jawa Timur,LUMAJANG,kabkota,2015,11.52,118.51
Jawa Timur,LUMAJANG,kabkota,2016,11.22,115.91
Jawa Timur,LUMAJANG,kabkota,2017,10.87,112.65
Jawa Timur,LUMAJANG,kabkota,2018,9.98,103.69
Jawa Timur,LUMAJANG,kabkota,2019,9.49,98.88
Jawa Timur,LUMAJANG,kabkota,2020,9.83,102.6
Jawa Timur,LUMAJANG,kabkota,2021,10.05,105.25
Jawa Timur,LUMAJANG,kabkota,2022,9.06,95.04
Jawa Timur,LUMAJANG,kabkota,2023,8.93,93.82
Jawa Timur,LUMAJANG,kabkota,2024,8.65,91.05
Jawa Timur,LUMAJANG,kabkota,2025,8.6,90.64
Jawa Timur,MADIUN,kabkota,2004,23.71,155.9
Jawa Timur,MADIUN,kabkota,2005,21.32,137.5
Jawa Timur,MADIUN,kabkota,2006,22.66,144.7
Jawa Timur,MADIUN,kabkota,2007,20.98,130.6
Jawa Timur,MADIUN,kabkota,2008,18.5,115.3
Jawa Timur,MADIUN,kabkota,2009,16.97,105.7
Jawa Timur,MADIUN,kabkota,2010,15.45,102.3
Jawa Timur,MADIUN,kabkota,2011,14.37,95.8
Jawa Timur,MADIUN,kabkota,2012,13.7,91.8
Jawa Timur,MADIUN,kabkota,2013,12.45,83.7
Jawa Timur,MADIUN,kabkota,2014,12.04,81.2
Jawa Timur,MADIUN,kabkota,2015,12.54,84.74
Jawa Timur,MADIUN,kabkota,2016,12.69,85.97
Jawa Timur,MADIUN,kabkota,2017,12.28,83.43
Jawa Timur,MADIUN,kabkota,2018,11.42,77.75
Jawa Timur,MADIUN,kabkota,2019,10.54,71.91
Jawa Timur,MADIUN,kabkota,2020,11.46,78.3
Jawa Timur,MADIUN,kabkota,2021,11.91,81.61
Jawa Timur,MADIUN,kabkota,2022,10.79,74.07
Jawa Timur,MADIUN,kabkota,2023,11.04,75.87
Jawa Timur,MADIUN,kabkota,2024,10.63,73.15
Jawa Timur,MADIUN,kabkota,2025,10.4,71.59
Jawa Timur,MAGETAN,kabkota,2004,17.14,106.7
Jawa Timur,MAGETAN,kabkota,2005,17.12,104.6
Jawa Timur,MAGETAN,kabkota,2006,18.27,113.3
Jawa Timur,MAGETAN,kabkota,2007,16.87,102.2
Jawa Timur,MAGETAN,kabkota,2008,15.67,95.1
Jawa Timur,MAGETAN,kabkota,2009,13.97,84.7
Jawa Timur,MAGETAN,kabkota,2010,12.94,80.3
Jawa Timur,MAGETAN,kabkota,2011,12.01,75.0
Jawa Timur,MAGETAN,kabkota,2012,11.5,71.8
Jawa Timur,MAGETAN,kabkota,2013,12.19,76.3
Jawa Timur,MAGETAN,kabkota,2014,11.8,74.0
Jawa Timur,MAGETAN,kabkota,2015,11.35,71.16
Jawa Timur,MAGETAN,kabkota,2016,11.03,69.24
Jawa Timur,MAGETAN,kabkota,2017,10.48,65.87
Jawa Timur,MAGETAN,kabkota,2018,10.31,64.86
Jawa Timur,MAGETAN,kabkota,2019,9.61,60.43
Jawa Timur,MAGETAN,kabkota,2020,10.35,65.09
Jawa Timur,MAGETAN,kabkota,2021,10.66,67.75
Jawa Timur,MAGETAN,kabkota,2022,9.84,62.65
Jawa Timur,MAGETAN,kabkota,2023,9.8,62.49
Jawa Timur,MAGETAN,kabkota,2024,9.32,59.51
Jawa Timur,MAGETAN,kabkota,2025,9.14,58.38
Jawa Timur,MALANG,kabkota,2004,16.22,381.3
Jawa Timur,MALANG,kabkota,2005,16.17,373.7
Jawa Timur,MALANG,kabkota,2006,17.1,404.8
Jawa Timur,MALANG,kabkota,2007,15.66,365.3
Jawa Timur,MALANG,kabkota,2008,15.08,353.3
Jawa Timur,MALANG,kabkota,2009,13.57,318.9
Jawa Timur,MALANG,kabkota,2010,12.54,306.8
Jawa Timur,MALANG,kabkota,2011,11.67,287.4
Jawa Timur,MALANG,kabkota,2012,11.04,275.5
Jawa Timur,MALANG,kabkota,2013,11.48,288.6
Jawa Timur,MALANG,kabkota,2014,11.07,280.3
Jawa Timur,MALANG,kabkota,2015,11.53,292.87
Jawa Timur,MALANG,kabkota,2016,11.49,293.74
Jawa Timur,MALANG,kabkota,2017,11.04,283.96
Jawa Timur,MALANG,kabkota,2018,10.37,268.49
Jawa Timur,MALANG,kabkota,2019,9.47,246.6
Jawa Timur,MALANG,kabkota,2020,10.15,265.56
Jawa Timur,MALANG,kabkota,2021,10.5,276.58
Jawa Timur,MALANG,kabkota,2022,9.55,252.88
Jawa Timur,MALANG,kabkota,2023,9.45,251.36
Jawa Timur,MALANG,kabkota,2024,8.98,240.14
Jawa Timur,MALANG,kabkota,2025,8.78,235.63
Jawa Timur,MOJOKERTO,kabkota,2004,16.09,157.5
Jawa Timur,MOJOKERTO,kabkota,2005,16.0,154.3
Jawa Timur,MOJOKERTO,kabkota,2006,16.9,165.4
Jawa Timur,MOJOKERTO,kabkota,2007,14.86,143.8
Jawa Timur,MOJOKERTO,kabkota,2008,14.61,142.6
Jawa Timur,MOJOKERTO,kabkota,2009,13.24,130.1
Jawa Timur,MOJOKERTO,kabkota,2010,12.23,125.4
Jawa Timur,MOJOKERTO,kabkota,2011,11.38,117.5
Jawa Timur,MOJOKERTO,kabkota,2012,10.71,112.7
Jawa Timur,MOJOKERTO,kabkota,2013,10.99,116.6
Jawa Timur,MOJOKERTO,kabkota,2014,10.56,113.3
Jawa Timur,MOJOKERTO,kabkota,2015,10.57,113.86
Jawa Timur,MOJOKERTO,kabkota,2016,10.61,115.38
Jawa Timur,MOJOKERTO,kabkota,2017,10.19,111.79
Jawa Timur,MOJOKERTO,kabkota,2018,10.08,111.55
Jawa Timur,MOJOKERTO,kabkota,2019,9.75,108.81
Jawa Timur,MOJOKERTO,kabkota,2020,10.57,118.8
Jawa Timur,MOJOKERTO,kabkota,2021,10.62,120.54
Jawa Timur,MOJOKERTO,kabkota,2022,9.71,111.03
Jawa Timur,MOJOKERTO,kabkota,2023,9.8,112.86
Jawa Timur,MOJOKERTO,kabkota,2024,9.37,108.72
Jawa Timur,MOJOKERTO,kabkota,2025,8.79,102.67
Jawa Timur,NGANJUK,kabkota,2004,23.38,240.6
Jawa Timur,NGANJUK,kabkota,2005,23.35,235.8
Jawa Timur,NGANJUK,kabkota,2006,25.83,255.4
Jawa Timur,NGANJUK,kabkota,2007,23.79,230.5
Jawa Timur,NGANJUK,kabkota,2008,19.77,191.9
Jawa Timur,NGANJUK,kabkota,2009,17.22,167.3
Jawa Timur,NGANJUK,kabkota,2010,14.91,151.7
Jawa Timur,NGANJUK,kabkota,2011,13.88,142.1
Jawa Timur,NGANJUK,kabkota,2012,13.22,136.1
Jawa Timur,NGANJUK,kabkota,2013,13.6,140.8
Jawa Timur,NGANJUK,kabkota,2014,13.14,136.5
Jawa Timur,NGANJUK,kabkota,2015,12.69,132.04
Jawa Timur,NGANJUK,kabkota,2016,12.25,127.9
Jawa Timur,NGANJUK,kabkota,2017,11.98,125.52
Jawa Timur,NGANJUK,kabkota,2018,12.11,127.28
Jawa Timur,NGANJUK,kabkota,2019,11.24,118.51
Jawa Timur,NGANJUK,kabkota,2020,11.62,122.73
Jawa Timur,NGANJUK,kabkota,2021,11.85,125.53
Jawa Timur,NGANJUK,kabkota,2022,10.7,113.63
Jawa Timur,NGANJUK,kabkota,2023,10.89,115.86
Jawa Timur,NGANJUK,kabkota,2024,10.17,108.37
Jawa Timur,NGANJUK,kabkota,2025,10.06,107.3
Jawa Timur,NGAWI,kabkota,2004,25.26,212.5
Jawa Timur,NGAWI,kabkota,2005,23.43,193.4
Jawa Timur,NGAWI,kabkota,2006,25.31,209.1
Jawa Timur,NGAWI,kabkota,2007,23.33,188.7
Jawa Timur,NGAWI,kabkota,2008,20.86,169.0
Jawa Timur,NGAWI,kabkota,2009,19.01,154.1
Jawa Timur,NGAWI,kabkota,2010,18.26,149.2
Jawa Timur,NGAWI,kabkota,2011,16.74,137.8
Jawa Timur,NGAWI,kabkota,2012,15.99,131.7
Jawa Timur,NGAWI,kabkota,2013,15.45,127.5
Jawa Timur,NGAWI,kabkota,2014,14.88,123.2
Jawa Timur,NGAWI,kabkota,2015,15.61,129.32
Jawa Timur,NGAWI,kabkota,2016,15.27,126.65
Jawa Timur,NGAWI,kabkota,2017,14.91,123.76
Jawa Timur,NGAWI,kabkota,2018,14.83,123.09
Jawa Timur,NGAWI,kabkota,2019,14.39,119.43
Jawa Timur,NGAWI,kabkota,2020,15.44,128.19
Jawa Timur,NGAWI,kabkota,2021,15.57,130.81
Jawa Timur,NGAWI,kabkota,2022,14.15,119.02
Jawa Timur,NGAWI,kabkota,2023,14.4,121.3
Jawa Timur,NGAWI,kabkota,2024,13.81,116.47
Jawa Timur,NGAWI,kabkota,2025,13.62,114.9
Jawa Timur,PACITAN,kabkota,2004,24.73,133.5
Jawa Timur,PACITAN,kabkota,2005,24.25,128.5
Jawa Timur,PACITAN,kabkota,2006,25.39,139.2
Jawa Timur,PACITAN,kabkota,2007,23.31,125.6
Jawa Timur,PACITAN,kabkota,2008,21.17,114.4
Jawa Timur,PACITAN,kabkota,2009,19.01,102.9
Jawa Timur,PACITAN,kabkota,2010,19.5,105.4
Jawa Timur,PACITAN,kabkota,2011,18.13,98.7
Jawa Timur,PACITAN,kabkota,2012,17.29,94.5
Jawa Timur,PACITAN,kabkota,2013,16.73,91.7
Jawa Timur,PACITAN,kabkota,2014,16.18,88.9
Jawa Timur,PACITAN,kabkota,2015,16.68,92.08
Jawa Timur,PACITAN,kabkota,2016,15.49,85.53
Jawa Timur,PACITAN,kabkota,2017,15.42,85.26
Jawa Timur,PACITAN,kabkota,2018,14.19,78.64
Jawa Timur,PACITAN,kabkota,2019,13.67,75.86
Jawa Timur,PACITAN,kabkota,2020,14.54,80.82
Jawa Timur,PACITAN,kabkota,2021,15.11,84.19
Jawa Timur,PACITAN,kabkota,2022,13.8,76.93
Jawa Timur,PACITAN,kabkota,2023,13.65,76.2
Jawa Timur,PACITAN,kabkota,2024,13.08,73.03
Jawa Timur,PACITAN,kabkota,2025,12.97,72.47
Jawa Timur,PAMEKASAN,kabkota,2004,32.39,241.3
Jawa Timur,PAMEKASAN,kabkota,2005,32.46,237.6
Jawa Timur,PAMEKASAN,kabkota,2006,34.14,271.5
Jawa Timur,PAMEKASAN,kabkota,2007,32.43,257.4
Jawa Timur,PAMEKASAN,kabkota,2008,26.32,213.6
Jawa Timur,PAMEKASAN,kabkota,2009,24.32,201.0
Jawa Timur,PAMEKASAN,kabkota,2010,22.47,179.2
Jawa Timur,PAMEKASAN,kabkota,2011,20.94,167.9
Jawa Timur,PAMEKASAN,kabkota,2012,19.61,160.8
Jawa Timur,PAMEKASAN,kabkota,2013,18.53,153.7
Jawa Timur,PAMEKASAN,kabkota,2014,17.74,148.8
Jawa Timur,PAMEKASAN,kabkota,2015,17.41,146.92
Jawa Timur,PAMEKASAN,kabkota,2016,16.7,142.32
Jawa Timur,PAMEKASAN,kabkota,2017,16.0,137.77
Jawa Timur,PAMEKASAN,kabkota,2018,14.47,125.76
Jawa Timur,PAMEKASAN,kabkota,2019,13.95,122.43
Jawa Timur,PAMEKASAN,kabkota,2020,14.6,129.41
Jawa Timur,PAMEKASAN,kabkota,2021,15.3,137.12
Jawa Timur,PAMEKASAN,kabkota,2022,13.93,126.02
Jawa Timur,PAMEKASAN,kabkota,2023,13.85,126.43
Jawa Timur,PAMEKASAN,kabkota,2024,13.41,123.46
Jawa Timur,PAMEKASAN,kabkota,2025,12.77,118.52
Jawa Timur,PASURUAN,kabkota,2004,20.27,290.9
Jawa Timur,PASURUAN,kabkota,2005,20.16,285.1
Jawa Timur,PASURUAN,kabkota,2006,21.67,308.9
Jawa Timur,PASURUAN,kabkota,2007,19.88,278.7
Jawa Timur,PASURUAN,kabkota,2008,18.04,253.5
Jawa Timur,PASURUAN,kabkota,2009,15.58,219.4
Jawa Timur,PASURUAN,kabkota,2010,13.18,199.3
Jawa Timur,PASURUAN,kabkota,2011,12.26,186.7
Jawa Timur,PASURUAN,kabkota,2012,11.58,179.1
Jawa Timur,PASURUAN,kabkota,2013,11.26,175.7
Jawa Timur,PASURUAN,kabkota,2014,10.86,170.7
Jawa Timur,PASURUAN,kabkota,2015,10.72,169.19
Jawa Timur,PASURUAN,kabkota,2016,10.57,168.06
Jawa Timur,PASURUAN,kabkota,2017,10.34,165.64
Jawa Timur,PASURUAN,kabkota,2018,9.45,152.48
Jawa Timur,PASURUAN,kabkota,2019,8.68,141.09
Jawa Timur,PASURUAN,kabkota,2020,9.26,151.43
Jawa Timur,PASURUAN,kabkota,2021,9.7,159.78
Jawa Timur,PASURUAN,kabkota,2022,8.96,148.62
Jawa Timur,PASURUAN,kabkota,2023,9.24,154.09
Jawa Timur,PASURUAN,kabkota,2024,8.63,144.84
Jawa Timur,PASURUAN,kabkota,2025,8.21,138.43
Jawa Timur,PONOROGO,kabkota,2004,17.61,153.2
Jawa Timur,PONOROGO,kabkota,2005,17.6,150.1
Jawa Timur,PONOROGO,kabkota,2006,18.45,162.6
Jawa Timur,PONOROGO,kabkota,2007,18.23,157.9
Jawa Timur,PONOROGO,kabkota,2008,16.62,144.5
Jawa Timur,PONOROGO,kabkota,2009,14.63,127.5
Jawa Timur,PONOROGO,kabkota,2010,13.22,113.0
Jawa Timur,PONOROGO,kabkota,2011,12.29,105.9
Jawa Timur,PONOROGO,kabkota,2012,11.76,101.4
Jawa Timur,PONOROGO,kabkota,2013,11.92,103.0
Jawa Timur,PONOROGO,kabkota,2014,11.53,99.9
Jawa Timur,PONOROGO,kabkota,2015,11.91,103.22
Jawa Timur,PONOROGO,kabkota,2016,11.75,102.06
Jawa Timur,PONOROGO,kabkota,2017,11.39,99.03
Jawa Timur,PONOROGO,kabkota,2018,10.36,90.22
Jawa Timur,PONOROGO,kabkota,2019,9.64,83.97
Jawa Timur,PONOROGO,kabkota,2020,9.95,86.74
Jawa Timur,PONOROGO,kabkota,2021,10.26,89.94
Jawa Timur,PONOROGO,kabkota,2022,9.32,81.8
Jawa Timur,PONOROGO,kabkota,2023,9.53,83.71
Jawa Timur,PONOROGO,kabkota,2024,9.11,80.05
Jawa Timur,PONOROGO,kabkota,2025,8.86,77.93
Jawa Timur,PROBOLINGGO,kabkota,2004,26.17,272.9
Jawa Timur,PROBOLINGGO,kabkota,2005,26.08,267.4
Jawa Timur,PROBOLINGGO,kabkota,2006,28.06,289.7
Jawa Timur,PROBOLINGGO,kabkota,2007,27.42,277.1
Jawa Timur,PROBOLINGGO,kabkota,2008,30.13,305.1
Jawa Timur,PROBOLINGGO,kabkota,2009,27.69,280.1
Jawa Timur,PROBOLINGGO,kabkota,2010,25.22,276.7
Jawa Timur,PROBOLINGGO,kabkota,2011,23.48,259.2
Jawa Timur,PROBOLINGGO,kabkota,2012,22.22,248.5
Jawa Timur,PROBOLINGGO,kabkota,2013,21.21,238.7
Jawa Timur,PROBOLINGGO,kabkota,2014,20.44,231.9
Jawa Timur,PROBOLINGGO,kabkota,2015,20.82,236.96
Jawa Timur,PROBOLINGGO,kabkota,2016,20.98,240.47
Jawa Timur,PROBOLINGGO,kabkota,2017,20.52,236.72
Jawa Timur,PROBOLINGGO,kabkota,2018,18.71,217.06
Jawa Timur,PROBOLINGGO,kabkota,2019,17.76,207.22
Jawa Timur,PROBOLINGGO,kabkota,2020,18.61,218.35
Jawa Timur,PROBOLINGGO,kabkota,2021,18.91,223.32
Jawa Timur,PROBOLINGGO,kabkota,2022,17.12,203.23
Jawa Timur,PROBOLINGGO,kabkota,2023,17.19,205.02
Jawa Timur,PROBOLINGGO,kabkota,2024,16.45,197.11
Jawa Timur,PROBOLINGGO,kabkota,2025,16.31,196.26
Jawa Timur,SAMPANG,kabkota,2004,39.75,332.6
Jawa Timur,SAMPANG,kabkota,2005,39.68,325.9
Jawa Timur,SAMPANG,kabkota,2006,41.03,353.1
Jawa Timur,SAMPANG,kabkota,2007,39.42,338.9
Jawa Timur,SAMPANG,kabkota,2008,34.53,302.8
Jawa Timur,SAMPANG,kabkota,2009,31.94,285.0
Jawa Timur,SAMPANG,kabkota,2010,32.47,285.5
Jawa Timur,SAMPANG,kabkota,2011,30.21,267.5
Jawa Timur,SAMPANG,kabkota,2012,27.97,253.4
Jawa Timur,SAMPANG,kabkota,2013,27.08,248.2
Jawa Timur,SAMPANG,kabkota,2014,25.8,239.6
Jawa Timur,SAMPANG,kabkota,2015,25.69,240.35
Jawa Timur,SAMPANG,kabkota,2016,24.11,227.8
Jawa Timur,SAMPANG,kabkota,2017,23.56,225.13
Jawa Timur,SAMPANG,kabkota,2018,21.21,204.82
Jawa Timur,SAMPANG,kabkota,2019,20.71,202.21
Jawa Timur,SAMPANG,kabkota,2020,22.78,224.74
Jawa Timur,SAMPANG,kabkota,2021,23.76,237.23
Jawa Timur,SAMPANG,kabkota,2022,21.61,217.97
Jawa Timur,SAMPANG,kabkota,2023,21.76,221.71
Jawa Timur,SAMPANG,kabkota,2024,20.83,214.32
Jawa Timur,SAMPANG,kabkota,2025,20.61,213.98
Jawa Timur,SIDOARJO,kabkota,2004,12.77,220.0
Jawa Timur,SIDOARJO,kabkota,2005,14.02,239.1
Jawa Timur,SIDOARJO,kabkota,2006,12.97,223.3
Jawa Timur,SIDOARJO,kabkota,2007,13.05,223.3
Jawa Timur,SIDOARJO,kabkota,2008,8.35,144.5
Jawa Timur,SIDOARJO,kabkota,2009,6.91,120.9
Jawa Timur,SIDOARJO,kabkota,2010,7.45,145.5
Jawa Timur,SIDOARJO,kabkota,2011,6.97,136.3
Jawa Timur,SIDOARJO,kabkota,2012,6.44,130.5
Jawa Timur,SIDOARJO,kabkota,2013,6.72,138.2
Jawa Timur,SIDOARJO,kabkota,2014,6.4,133.8
Jawa Timur,SIDOARJO,kabkota,2015,6.44,136.13
Jawa Timur,SIDOARJO,kabkota,2016,6.39,136.79
Jawa Timur,SIDOARJO,kabkota,2017,6.23,135.42
Jawa Timur,SIDOARJO,kabkota,2018,5.69,125.75
Jawa Timur,SIDOARJO,kabkota,2019,5.32,119.29
Jawa Timur,SIDOARJO,kabkota,2020,5.59,127.05
Jawa Timur,SIDOARJO,kabkota,2021,5.93,137.15
Jawa Timur,SIDOARJO,kabkota,2022,5.36,125.69
Jawa Timur,SIDOARJO,kabkota,2023,5.0,119.15
Jawa Timur,SIDOARJO,kabkota,2024,4.53,109.39
Jawa Timur,SIDOARJO,kabkota,2025,4.4,107.57
Jawa Timur,SITUBONDO,kabkota,2004,18.54,115.5
Jawa Timur,SITUBONDO,kabkota,2005,18.51,113.2
Jawa Timur,SITUBONDO,kabkota,2006,17.43,107.2
Jawa Timur,SITUBONDO,kabkota,2007,15.6,93.9
Jawa Timur,SITUBONDO,kabkota,2008,18.02,108.9
Jawa Timur,SITUBONDO,kabkota,2009,15.99,96.8
Jawa Timur,SITUBONDO,kabkota,2010,16.23,105.2
Jawa Timur,SITUBONDO,kabkota,2011,15.11,98.6
Jawa Timur,SITUBONDO,kabkota,2012,14.34,94.5
Jawa Timur,SITUBONDO,kabkota,2013,13.65,90.3
Jawa Timur,SITUBONDO,kabkota,2014,13.15,87.7
Jawa Timur,SITUBONDO,kabkota,2015,13.63,91.17
Jawa Timur,SITUBONDO,kabkota,2016,13.34,89.68
Jawa Timur,SITUBONDO,kabkota,2017,13.05,88.23
Jawa Timur,SITUBONDO,kabkota,2018,11.82,80.27
Jawa Timur,SITUBONDO,kabkota,2019,11.2,76.44
Jawa Timur,SITUBONDO,kabkota,2020,12.22,83.74
Jawa Timur,SITUBONDO,kabkota,2021,12.63,86.95
Jawa Timur,SITUBONDO,kabkota,2022,11.78,81.46
Jawa Timur,SITUBONDO,kabkota,2023,11.9,82.62
Jawa Timur,SITUBONDO,kabkota,2024,11.51,80.17
Jawa Timur,SITUBONDO,kabkota,2025,11.17,78.02
Jawa Timur,SUMENEP,kabkota,2004,30.34,314.1
Jawa Timur,SUMENEP,kabkota,2005,32.5,331.2
Jawa Timur,SUMENEP,kabkota,2006,34.86,351.1
Jawa Timur,SUMENEP,kabkota,2007,32.98,325.5
Jawa Timur,SUMENEP,kabkota,2008,29.46,290.6
Jawa Timur,SUMENEP,kabkota,2009,26.89,265.0
Jawa Timur,SUMENEP,kabkota,2010,24.61,256.7
Jawa Timur,SUMENEP,kabkota,2011,23.1,242.5
Jawa Timur,SUMENEP,kabkota,2012,21.96,232.2
Jawa Timur,SUMENEP,kabkota,2013,21.22,225.5
Jawa Timur,SUMENEP,kabkota,2014,20.49,218.9
Jawa Timur,SUMENEP,kabkota,2015,20.2,216.84
Jawa Timur,SUMENEP,kabkota,2016,20.09,216.14
Jawa Timur,SUMENEP,kabkota,2017,19.62,211.92
Jawa Timur,SUMENEP,kabkota,2018,20.16,218.6
Jawa Timur,SUMENEP,kabkota,2019,19.48,211.98
Jawa Timur,SUMENEP,kabkota,2020,20.18,220.23
Jawa Timur,SUMENEP,kabkota,2021,20.51,224.73
Jawa Timur,SUMENEP,kabkota,2022,18.76,206.2
Jawa Timur,SUMENEP,kabkota,2023,18.7,206.1
Jawa Timur,SUMENEP,kabkota,2024,17.78,196.42
Jawa Timur,SUMENEP,kabkota,2025,17.02,188.48
Jawa Timur,TRENGGALEK,kabkota,2004,24.09,161.5
Jawa Timur,TRENGGALEK,kabkota,2005,23.17,152.5
Jawa Timur,TRENGGALEK,kabkota,2006,24.74,165.2
Jawa Timur,TRENGGALEK,kabkota,2007,22.79,149.1
Jawa Timur,TRENGGALEK,kabkota,2008,20.64,135.2
Jawa Timur,TRENGGALEK,kabkota,2009,18.27,119.6
Jawa Timur,TRENGGALEK,kabkota,2010,16.0,108.0
Jawa Timur,TRENGGALEK,kabkota,2011,14.9,101.2
Jawa Timur,TRENGGALEK,kabkota,2012,14.21,96.9
Jawa Timur,TRENGGALEK,kabkota,2013,13.56,92.8
Jawa Timur,TRENGGALEK,kabkota,2014,13.1,90.0
Jawa Timur,TRENGGALEK,kabkota,2015,13.39,92.17
Jawa Timur,TRENGGALEK,kabkota,2016,13.24,91.49
Jawa Timur,TRENGGALEK,kabkota,2017,12.96,89.77
Jawa Timur,TRENGGALEK,kabkota,2018,12.02,83.5
Jawa Timur,TRENGGALEK,kabkota,2019,10.98,76.44
Jawa Timur,TRENGGALEK,kabkota,2020,11.62,81.06
Jawa Timur,TRENGGALEK,kabkota,2021,12.14,84.89
Jawa Timur,TRENGGALEK,kabkota,2022,10.96,76.75
Jawa Timur,TRENGGALEK,kabkota,2023,10.63,74.58
Jawa Timur,TRENGGALEK,kabkota,2024,10.5,73.75
Jawa Timur,TRENGGALEK,kabkota,2025,10.29,72.35
Jawa Timur,TUBAN,kabkota,2004,28.36,306.8
Jawa Timur,TUBAN,kabkota,2005,28.28,300.7
Jawa Timur,TUBAN,kabkota,2006,30.52,325.8
Jawa Timur,TUBAN,kabkota,2007,28.51,297.8
Jawa Timur,TUBAN,kabkota,2008,25.84,270.5
Jawa Timur,TUBAN,kabkota,2009,23.01,241.0
Jawa Timur,TUBAN,kabkota,2010,20.19,225.8
Jawa Timur,TUBAN,kabkota,2011,18.78,211.5
Jawa Timur,TUBAN,kabkota,2012,17.84,202.7
Jawa Timur,TUBAN,kabkota,2013,17.23,196.9
Jawa Timur,TUBAN,kabkota,2014,16.64,191.1
Jawa Timur,TUBAN,kabkota,2015,17.08,196.59
Jawa Timur,TUBAN,kabkota,2016,17.14,198.35
Jawa Timur,TUBAN,kabkota,2017,16.87,196.1
Jawa Timur,TUBAN,kabkota,2018,15.31,178.64
Jawa Timur,TUBAN,kabkota,2019,14.58,170.8
Jawa Timur,TUBAN,kabkota,2020,15.91,187.13
Jawa Timur,TUBAN,kabkota,2021,16.31,192.58
Jawa Timur,TUBAN,kabkota,2022,15.02,178.05
Jawa Timur,TUBAN,kabkota,2023,14.91,177.25
Jawa Timur,TUBAN,kabkota,2024,14.36,171.24
Jawa Timur,TUBAN,kabkota,2025,14.13,168.86
Jawa Timur,TULUNGAGUNG,kabkota,2004,16.44,158.1
Jawa Timur,TULUNGAGUNG,kabkota,2005,17.56,165.8
Jawa Timur,TULUNGAGUNG,kabkota,2006,19.44,189.0
Jawa Timur,TULUNGAGUNG,kabkota,2007,17.83,170.5
Jawa Timur,TULUNGAGUNG,kabkota,2008,12.41,119.1
Jawa Timur,TULUNGAGUNG,kabkota,2009,10.6,102.0
Jawa Timur,TULUNGAGUNG,kabkota,2010,10.64,105.4
Jawa Timur,TULUNGAGUNG,kabkota,2011,9.9,98.7
Jawa Timur,TULUNGAGUNG,kabkota,2012,9.4,94.6
Jawa Timur,TULUNGAGUNG,kabkota,2013,9.07,91.7
Jawa Timur,TULUNGAGUNG,kabkota,2014,8.75,89.0
Jawa Timur,TULUNGAGUNG,kabkota,2015,8.57,87.37
Jawa Timur,TULUNGAGUNG,kabkota,2016,8.23,84.35
Jawa Timur,TULUNGAGUNG,kabkota,2017,8.04,82.8
Jawa Timur,TULUNGAGUNG,kabkota,2018,7.27,75.23
Jawa Timur,TULUNGAGUNG,kabkota,2019,6.74,70.01
Jawa Timur,TULUNGAGUNG,kabkota,2020,7.33,76.4
Jawa Timur,TULUNGAGUNG,kabkota,2021,7.51,78.59
Jawa Timur,TULUNGAGUNG,kabkota,2022,6.71,70.52
Jawa Timur,TULUNGAGUNG,kabkota,2023,6.53,68.81
Jawa Timur,TULUNGAGUNG,kabkota,2024,6.28,66.42
Jawa Timur,TULUNGAGUNG,kabkota,2025,5.96,63.17
Kalimantan Barat,BENGKAYANG,kabkota,2004,15.18,29.5
Kalimantan Barat,BENGKAYANG,kabkota,2005,13.63,29.0
Kalimantan Barat,BENGKAYANG,kabkota,2006,14.63,29.0
Kalimantan Barat,BENGKAYANG,kabkota,2007,11.88,25.8
Kalimantan Barat,BENGKAYANG,kabkota,2008,9.41,21.1
Kalimantan Barat,BENGKAYANG,kabkota,2009,7.82,17.9
Kalimantan Barat,BENGKAYANG,kabkota,2010,7.81,16.8
Kalimantan Barat,BENGKAYANG,kabkota,2011,7.25,15.8
Kalimantan Barat,BENGKAYANG,kabkota,2012,6.73,15.2
Kalimantan Barat,BENGKAYANG,kabkota,2013,8.01,18.4
Kalimantan Barat,BENGKAYANG,kabkota,2014,7.2,16.9
Kalimantan Barat,BENGKAYANG,kabkota,2015,6.94,16.49
Kalimantan Barat,BENGKAYANG,kabkota,2016,7.46,18.04
Kalimantan Barat,BENGKAYANG,kabkota,2017,7.51,18.48
Kalimantan Barat,BENGKAYANG,kabkota,2018,7.17,17.94
Kalimantan Barat,BENGKAYANG,kabkota,2019,6.96,17.69
Kalimantan Barat,BENGKAYANG,kabkota,2020,6.62,17.11
Kalimantan Barat,BENGKAYANG,kabkota,2021,6.48,16.92
Kalimantan Barat,BENGKAYANG,kabkota,2022,6.03,15.97
Kalimantan Barat,BENGKAYANG,kabkota,2023,6.28,16.87
Kalimantan Barat,BENGKAYANG,kabkota,2024,6.0,16.35
Kalimantan Barat,BENGKAYANG,kabkota,2025,5.83,16.09
Kalimantan Barat,KAPUAS HULU,kabkota,2004,16.06,32.0
Kalimantan Barat,KAPUAS HULU,kabkota,2005,16.9,37.1
Kalimantan Barat,KAPUAS HULU,kabkota,2006,17.76,37.1
Kalimantan Barat,KAPUAS HULU,kabkota,2007,15.05,34.8
Kalimantan Barat,KAPUAS HULU,kabkota,2008,11.44,27.3
Kalimantan Barat,KAPUAS HULU,kabkota,2009,9.93,24.1
Kalimantan Barat,KAPUAS HULU,kabkota,2010,11.39,25.3
Kalimantan Barat,KAPUAS HULU,kabkota,2011,10.61,23.8
Kalimantan Barat,KAPUAS HULU,kabkota,2012,9.94,23.2
Kalimantan Barat,KAPUAS HULU,kabkota,2013,11.11,26.4
Kalimantan Barat,KAPUAS HULU,kabkota,2014,10.03,24.3
Kalimantan Barat,KAPUAS HULU,kabkota,2015,9.66,23.74
Kalimantan Barat,KAPUAS HULU,kabkota,2016,9.82,24.49
Kalimantan Barat,KAPUAS HULU,kabkota,2017,9.45,23.96
Kalimantan Barat,KAPUAS HULU,kabkota,2018,9.6,24.76
Kalimantan Barat,KAPUAS HULU,kabkota,2019,9.62,25.22
Kalimantan Barat,KAPUAS HULU,kabkota,2020,8.99,23.93
Kalimantan Barat,KAPUAS HULU,kabkota,2021,8.93,24.03
Kalimantan Barat,KAPUAS HULU,kabkota,2022,8.59,23.43
Kalimantan Barat,KAPUAS HULU,kabkota,2023,8.16,22.59
Kalimantan Barat,KAPUAS HULU,kabkota,2024,7.4,20.77
Kalimantan Barat,KAPUAS HULU,kabkota,2025,6.86,19.47
Kalimantan Barat,KAYONG UTARA,kabkota,2004,,
Kalimantan Barat,KAYONG UTARA,kabkota,2005,,
Kalimantan Barat,KAYONG UTARA,kabkota,2006,,
Kalimantan Barat,KAYONG UTARA,kabkota,2007,18.9,18.7
Kalimantan Barat,KAYONG UTARA,kabkota,2008,14.5,14.4
Kalimantan Barat,KAYONG UTARA,kabkota,2009,12.43,12.5
Kalimantan Barat,KAYONG UTARA,kabkota,2010,11.68,11.2
Kalimantan Barat,KAYONG UTARA,kabkota,2011,10.91,10.5
Kalimantan Barat,KAYONG UTARA,kabkota,2012,10.15,10.2
Kalimantan Barat,KAYONG UTARA,kabkota,2013,10.87,11.1
Kalimantan Barat,KAYONG UTARA,kabkota,2014,9.55,9.9
Kalimantan Barat,KAYONG UTARA,kabkota,2015,9.84,10.41
Kalimantan Barat,KAYONG UTARA,kabkota,2016,10.19,10.89
Kalimantan Barat,KAYONG UTARA,kabkota,2017,9.89,10.75
Kalimantan Barat,KAYONG UTARA,kabkota,2018,10.08,11.13
Kalimantan Barat,KAYONG UTARA,kabkota,2019,9.98,11.21
Kalimantan Barat,KAYONG UTARA,kabkota,2020,9.56,10.9
Kalimantan Barat,KAYONG UTARA,kabkota,2021,9.33,10.72
Kalimantan Barat,KAYONG UTARA,kabkota,2022,9.04,10.52
Kalimantan Barat,KAYONG UTARA,kabkota,2023,9.13,10.77
Kalimantan Barat,KAYONG UTARA,kabkota,2024,8.84,10.56
Kalimantan Barat,KAYONG UTARA,kabkota,2025,8.75,10.58
Kalimantan Barat,KETAPANG,kabkota,2004,18.35,86.3
Kalimantan Barat,KETAPANG,kabkota,2005,19.23,100.0
Kalimantan Barat,KETAPANG,kabkota,2006,20.76,99.9
Kalimantan Barat,KETAPANG,kabkota,2007,17.94,78.0
Kalimantan Barat,KETAPANG,kabkota,2008,15.21,67.7
Kalimantan Barat,KETAPANG,kabkota,2009,13.08,59.6
Kalimantan Barat,KETAPANG,kabkota,2010,13.67,58.5
Kalimantan Barat,KETAPANG,kabkota,2011,12.75,55.0
Kalimantan Barat,KETAPANG,kabkota,2012,11.9,53.5
Kalimantan Barat,KETAPANG,kabkota,2013,12.85,58.8
Kalimantan Barat,KETAPANG,kabkota,2014,11.6,54.2
Kalimantan Barat,KETAPANG,kabkota,2015,11.72,55.39
Kalimantan Barat,KETAPANG,kabkota,2016,10.99,53.07
Kalimantan Barat,KETAPANG,kabkota,2017,11.02,54.28
Kalimantan Barat,KETAPANG,kabkota,2018,10.93,54.86
Kalimantan Barat,KETAPANG,kabkota,2019,10.54,53.84
Kalimantan Barat,KETAPANG,kabkota,2020,10.29,53.45
Kalimantan Barat,KETAPANG,kabkota,2021,10.13,53.04
Kalimantan Barat,KETAPANG,kabkota,2022,9.39,49.92
Kalimantan Barat,KETAPANG,kabkota,2023,9.25,49.95
Kalimantan Barat,KETAPANG,kabkota,2024,8.5,46.59
Kalimantan Barat,KETAPANG,kabkota,2025,8.44,46.82
Kalimantan Barat,KOTA PONTIANAK,kabkota,2004,6.47,31.5
Kalimantan Barat,KOTA PONTIANAK,kabkota,2005,6.84,36.5
Kalimantan Barat,KOTA PONTIANAK,kabkota,2006,7.15,36.5
Kalimantan Barat,KOTA PONTIANAK,kabkota,2007,6.77,37.7
Kalimantan Barat,KOTA PONTIANAK,kabkota,2008,9.29,52.8
Kalimantan Barat,KOTA PONTIANAK,kabkota,2009,6.38,36.6
Kalimantan Barat,KOTA PONTIANAK,kabkota,2010,6.62,36.6
Kalimantan Barat,KOTA PONTIANAK,kabkota,2011,6.15,34.4
Kalimantan Barat,KOTA PONTIANAK,kabkota,2012,5.76,33.4
Kalimantan Barat,KOTA PONTIANAK,kabkota,2013,5.56,32.8
Kalimantan Barat,KOTA PONTIANAK,kabkota,2014,5.15,30.9
Kalimantan Barat,KOTA PONTIANAK,kabkota,2015,5.22,31.56
Kalimantan Barat,KOTA PONTIANAK,kabkota,2016,5.55,34.13
Kalimantan Barat,KOTA PONTIANAK,kabkota,2017,5.31,33.18
Kalimantan Barat,KOTA PONTIANAK,kabkota,2018,5.0,31.76
Kalimantan Barat,KOTA PONTIANAK,kabkota,2019,4.88,31.46
Kalimantan Barat,KOTA PONTIANAK,kabkota,2020,4.7,30.7
Kalimantan Barat,KOTA PONTIANAK,kabkota,2021,4.58,30.11
Kalimantan Barat,KOTA PONTIANAK,kabkota,2022,4.46,29.61
Kalimantan Barat,KOTA PONTIANAK,kabkota,2023,4.45,29.92
Kalimantan Barat,KOTA PONTIANAK,kabkota,2024,4.2,28.56
Kalimantan Barat,KOTA PONTIANAK,kabkota,2025,4.0,27.5
Kalimantan Barat,KOTA SINGKAWANG,kabkota,2004,9.78,16.0
Kalimantan Barat,KOTA SINGKAWANG,kabkota,2005,10.33,18.6
Kalimantan Barat,KOTA SINGKAWANG,kabkota,2006,8.32,14.3
Kalimantan Barat,KOTA SINGKAWANG,kabkota,2007,7.02,13.1
Kalimantan Barat,KOTA SINGKAWANG,kabkota,2008,7.89,15.1
Kalimantan Barat,KOTA SINGKAWANG,kabkota,2009,6.2,12.0
Kalimantan Barat,KOTA SINGKAWANG,kabkota,2010,6.12,11.4
Kalimantan Barat,KOTA SINGKAWANG,kabkota,2011,5.69,10.7
Kalimantan Barat,KOTA SINGKAWANG,kabkota,2012,5.31,10.4
Kalimantan Barat,KOTA SINGKAWANG,kabkota,2013,6.5,13.0
Kalimantan Barat,KOTA SINGKAWANG,kabkota,2014,5.88,12.0
Kalimantan Barat,KOTA SINGKAWANG,kabkota,2015,5.76,11.9
Kalimantan Barat,KOTA SINGKAWANG,kabkota,2016,5.33,11.21
Kalimantan Barat,KOTA SINGKAWANG,kabkota,2017,5.42,11.61
Kalimantan Barat,KOTA SINGKAWANG,kabkota,2018,5.12,11.17
Kalimantan Barat,KOTA SINGKAWANG,kabkota,2019,4.91,10.9
Kalimantan Barat,KOTA SINGKAWANG,kabkota,2020,4.53,10.23
Kalimantan Barat,KOTA SINGKAWANG,kabkota,2021,4.83,11.03
Kalimantan Barat,KOTA SINGKAWANG,kabkota,2022,4.67,10.82
Kalimantan Barat,KOTA SINGKAWANG,kabkota,2023,4.7,11.06
Kalimantan Barat,KOTA SINGKAWANG,kabkota,2024,4.53,10.82
Kalimantan Barat,KOTA SINGKAWANG,kabkota,2025,4.28,10.36
Kalimantan Barat,KUBU RAYA,kabkota,2004,,
Kalimantan Barat,KUBU RAYA,kabkota,2005,,
Kalimantan Barat,KUBU RAYA,kabkota,2006,,
Kalimantan Barat,KUBU RAYA,kabkota,2007,,
Kalimantan Barat,KUBU RAYA,kabkota,2008,8.47,37.1
Kalimantan Barat,KUBU RAYA,kabkota,2009,6.78,37.1
Kalimantan Barat,KUBU RAYA,kabkota,2010,7.14,35.9
Kalimantan Barat,KUBU RAYA,kabkota,2011,6.67,33.7
Kalimantan Barat,KUBU RAYA,kabkota,2012,6.27,32.8
Kalimantan Barat,KUBU RAYA,kabkota,2013,6.04,32.1
Kalimantan Barat,KUBU RAYA,kabkota,2014,5.45,29.5
Kalimantan Barat,KUBU RAYA,kabkota,2015,5.22,28.38
Kalimantan Barat,KUBU RAYA,kabkota,2016,5.04,27.83
Kalimantan Barat,KUBU RAYA,kabkota,2017,5.26,29.52
Kalimantan Barat,KUBU RAYA,kabkota,2018,5.07,28.86
Kalimantan Barat,KUBU RAYA,kabkota,2019,4.74,27.37
Kalimantan Barat,KUBU RAYA,kabkota,2020,4.42,25.9
Kalimantan Barat,KUBU RAYA,kabkota,2021,4.34,25.47
Kalimantan Barat,KUBU RAYA,kabkota,2022,4.12,24.39
Kalimantan Barat,KUBU RAYA,kabkota,2023,4.23,25.33
Kalimantan Barat,KUBU RAYA,kabkota,2024,4.08,24.72
Kalimantan Barat,KUBU RAYA,kabkota,2025,3.99,24.4
Kalimantan Barat,Kalimantan Barat,provinsi,2004,13.91,558.2
Kalimantan Barat,Kalimantan Barat,provinsi,2005,14.24,629.8
Kalimantan Barat,Kalimantan Barat,provinsi,2006,15.24,626.7
Kalimantan Barat,Kalimantan Barat,provinsi,2007,12.91,584.3
Kalimantan Barat,Kalimantan Barat,provinsi,2008,10.87,502.8
Kalimantan Barat,Kalimantan Barat,provinsi,2009,9.05,425.4
Kalimantan Barat,Kalimantan Barat,provinsi,2010,9.1,400.4
Kalimantan Barat,Kalimantan Barat,provinsi,2011,8.48,376.1
Kalimantan Barat,Kalimantan Barat,provinsi,2012,7.96,365.1
Kalimantan Barat,Kalimantan Barat,provinsi,2013,8.74,407.3
Kalimantan Barat,Kalimantan Barat,provinsi,2014,8.07,381.9
Kalimantan Barat,Kalimantan Barat,provinsi,2015,8.03,383.7
Kalimantan Barat,Kalimantan Barat,provinsi,2016,7.87,381.35
Kalimantan Barat,Kalimantan Barat,provinsi,2017,7.88,387.43
Kalimantan Barat,Kalimantan Barat,provinsi,2018,7.77,387.08
Kalimantan Barat,Kalimantan Barat,provinsi,2019,7.49,378.41
Kalimantan Barat,Kalimantan Barat,provinsi,2020,7.17,366.77
Kalimantan Barat,Kalimantan Barat,provinsi,2021,7.15,367.89
Kalimantan Barat,Kalimantan Barat,provinsi,2022,6.73,350.25
Kalimantan Barat,Kalimantan Barat,provinsi,2023,6.71,353.35
Kalimantan Barat,Kalimantan Barat,provinsi,2024,6.32,336.08
Kalimantan Barat,Kalimantan Barat,provinsi,2025,6.16,330.95
Kalimantan Barat,LANDAK,kabkota,2004,24.68,75.2
Kalimantan Barat,LANDAK,kabkota,2005,25.87,87.1
Kalimantan Barat,LANDAK,kabkota,2006,27.82,87.0
Kalimantan Barat,LANDAK,kabkota,2007,24.95,86.3
Kalimantan Barat,LANDAK,kabkota,2008,18.65,66.0
Kalimantan Barat,LANDAK,kabkota,2009,15.48,55.8
Kalimantan Barat,LANDAK,kabkota,2010,14.05,46.5
Kalimantan Barat,LANDAK,kabkota,2011,13.13,43.7
Kalimantan Barat,LANDAK,kabkota,2012,12.4,42.6
Kalimantan Barat,LANDAK,kabkota,2013,14.18,49.5
Kalimantan Barat,LANDAK,kabkota,2014,13.71,48.5
Kalimantan Barat,LANDAK,kabkota,2015,13.51,48.46
Kalimantan Barat,LANDAK,kabkota,2016,12.32,44.55
Kalimantan Barat,LANDAK,kabkota,2017,12.23,44.82
Kalimantan Barat,LANDAK,kabkota,2018,11.77,43.73
Kalimantan Barat,LANDAK,kabkota,2019,11.47,43.16
Kalimantan Barat,LANDAK,kabkota,2020,11.12,42.36
Kalimantan Barat,LANDAK,kabkota,2021,10.99,42.01
Kalimantan Barat,LANDAK,kabkota,2022,10.01,38.65
Kalimantan Barat,LANDAK,kabkota,2023,9.97,38.92
Kalimantan Barat,LANDAK,kabkota,2024,8.98,35.38
Kalimantan Barat,LANDAK,kabkota,2025,8.9,35.34
Kalimantan Barat,MELAWI,kabkota,2004,,
Kalimantan Barat,MELAWI,kabkota,2005,20.63,36.0
Kalimantan Barat,MELAWI,kabkota,2006,22.05,36.0
Kalimantan Barat,MELAWI,kabkota,2007,19.5,35.0
Kalimantan Barat,MELAWI,kabkota,2008,14.8,27.1
Kalimantan Barat,MELAWI,kabkota,2009,12.62,23.5
Kalimantan Barat,MELAWI,kabkota,2010,13.76,24.8
Kalimantan Barat,MELAWI,kabkota,2011,12.93,23.3
Kalimantan Barat,MELAWI,kabkota,2012,12.09,22.6
Kalimantan Barat,MELAWI,kabkota,2013,13.7,26.0
Kalimantan Barat,MELAWI,kabkota,2014,12.4,24.0
Kalimantan Barat,MELAWI,kabkota,2015,12.57,24.56
Kalimantan Barat,MELAWI,kabkota,2016,12.63,25.05
Kalimantan Barat,MELAWI,kabkota,2017,12.54,25.28
Kalimantan Barat,MELAWI,kabkota,2018,12.83,26.24
Kalimantan Barat,MELAWI,kabkota,2019,12.38,25.71
Kalimantan Barat,MELAWI,kabkota,2020,12.04,25.34
Kalimantan Barat,MELAWI,kabkota,2021,12.01,25.47
Kalimantan Barat,MELAWI,kabkota,2022,11.44,24.57
Kalimantan Barat,MELAWI,kabkota,2023,11.12,24.18
Kalimantan Barat,MELAWI,kabkota,2024,10.62,23.36
Kalimantan Barat,MELAWI,kabkota,2025,10.51,23.36
Kalimantan Barat,MEMPAWAH,kabkota,2004,11.45,79.7
Kalimantan Barat,MEMPAWAH,kabkota,2005,9.82,75.6
Kalimantan Barat,MEMPAWAH,kabkota,2006,10.95,75.5
Kalimantan Barat,MEMPAWAH,kabkota,2007,8.26,62.7
Kalimantan Barat,MEMPAWAH,kabkota,2008,7.81,17.4
Kalimantan Barat,MEMPAWAH,kabkota,2009,5.46,13.1
Kalimantan Barat,MEMPAWAH,kabkota,2010,6.41,15.0
Kalimantan Barat,MEMPAWAH,kabkota,2011,5.97,14.1
Kalimantan Barat,MEMPAWAH,kabkota,2012,5.64,13.7
Kalimantan Barat,MEMPAWAH,kabkota,2013,6.3,15.6
Kalimantan Barat,MEMPAWAH,kabkota,2014,6.0,15.0
Kalimantan Barat,MEMPAWAH,kabkota,2015,5.52,13.88
Kalimantan Barat,MEMPAWAH,kabkota,2016,5.75,14.61
Kalimantan Barat,MEMPAWAH,kabkota,2017,5.94,15.3
Kalimantan Barat,MEMPAWAH,kabkota,2018,5.61,14.61
Kalimantan Barat,MEMPAWAH,kabkota,2019,5.32,14.02
Kalimantan Barat,MEMPAWAH,kabkota,2020,4.95,13.18
Kalimantan Barat,MEMPAWAH,kabkota,2021,5.18,13.82
Kalimantan Barat,MEMPAWAH,kabkota,2022,5.32,14.3
Kalimantan Barat,MEMPAWAH,kabkota,2023,5.21,14.15
Kalimantan Barat,MEMPAWAH,kabkota,2024,4.83,13.22
Kalimantan Barat,MEMPAWAH,kabkota,2025,4.49,12.38
Kalimantan Barat,SAMBAS,kabkota,2004,14.46,68.8
Kalimantan Barat,SAMBAS,kabkota,2005,15.1,78.9
Kalimantan Barat,SAMBAS,kabkota,2006,16.77,80.6
Kalimantan Barat,SAMBAS,kabkota,2007,14.0,73.6
Kalimantan Barat,SAMBAS,kabkota,2008,11.51,61.5
Kalimantan Barat,SAMBAS,kabkota,2009,9.96,53.8
Kalimantan Barat,SAMBAS,kabkota,2010,10.08,50.0
Kalimantan Barat,SAMBAS,kabkota,2011,9.38,47.0
Kalimantan Barat,SAMBAS,kabkota,2012,8.87,45.3
Kalimantan Barat,SAMBAS,kabkota,2013,9.9,51.2
Kalimantan Barat,SAMBAS,kabkota,2014,9.46,49.3
Kalimantan Barat,SAMBAS,kabkota,2015,9.42,49.29
Kalimantan Barat,SAMBAS,kabkota,2016,8.54,44.88
Kalimantan Barat,SAMBAS,kabkota,2017,8.59,45.41
Kalimantan Barat,SAMBAS,kabkota,2018,8.55,45.48
Kalimantan Barat,SAMBAS,kabkota,2019,8.19,43.84
Kalimantan Barat,SAMBAS,kabkota,2020,7.7,41.41
Kalimantan Barat,SAMBAS,kabkota,2021,7.66,41.49
Kalimantan Barat,SAMBAS,kabkota,2022,6.92,37.65
Kalimantan Barat,SAMBAS,kabkota,2023,7.08,38.71
Kalimantan Barat,SAMBAS,kabkota,2024,6.53,35.87
Kalimantan Barat,SAMBAS,kabkota,2025,6.37,35.07
Kalimantan Barat,SANGGAU,kabkota,2004,10.93,58.4
Kalimantan Barat,SANGGAU,kabkota,2005,9.84,39.8
Kalimantan Barat,SANGGAU,kabkota,2006,10.55,39.8
Kalimantan Barat,SANGGAU,kabkota,2007,7.97,33.0
Kalimantan Barat,SANGGAU,kabkota,2008,6.25,26.5
Kalimantan Barat,SANGGAU,kabkota,2009,4.62,19.9
Kalimantan Barat,SANGGAU,kabkota,2010,5.02,20.5
Kalimantan Barat,SANGGAU,kabkota,2011,4.67,19.3
Kalimantan Barat,SANGGAU,kabkota,2012,4.4,18.7
Kalimantan Barat,SANGGAU,kabkota,2013,4.71,20.4
Kalimantan Barat,SANGGAU,kabkota,2014,4.47,19.7
Kalimantan Barat,SANGGAU,kabkota,2015,4.57,20.26
Kalimantan Barat,SANGGAU,kabkota,2016,4.51,20.27
Kalimantan Barat,SANGGAU,kabkota,2017,4.52,20.62
Kalimantan Barat,SANGGAU,kabkota,2018,4.67,21.59
Kalimantan Barat,SANGGAU,kabkota,2019,4.57,21.41
Kalimantan Barat,SANGGAU,kabkota,2020,4.46,21.16
Kalimantan Barat,SANGGAU,kabkota,2021,4.55,21.7
Kalimantan Barat,SANGGAU,kabkota,2022,4.51,21.74
Kalimantan Barat,SANGGAU,kabkota,2023,4.79,23.34
Kalimantan Barat,SANGGAU,kabkota,2024,4.67,23.02
Kalimantan Barat,SANGGAU,kabkota,2025,4.61,22.93
Kalimantan Barat,SEKADAU,kabkota,2004,,
Kalimantan Barat,SEKADAU,kabkota,2005,11.76,21.8
Kalimantan Barat,SEKADAU,kabkota,2006,12.57,21.8
Kalimantan Barat,SEKADAU,kabkota,2007,10.25,19.3
Kalimantan Barat,SEKADAU,kabkota,2008,7.66,14.8
Kalimantan Barat,SEKADAU,kabkota,2009,6.42,12.6
Kalimantan Barat,SEKADAU,kabkota,2010,6.77,12.3
Kalimantan Barat,SEKADAU,kabkota,2011,6.3,11.6
Kalimantan Barat,SEKADAU,kabkota,2012,5.93,11.1
Kalimantan Barat,SEKADAU,kabkota,2013,6.93,13.2
Kalimantan Barat,SEKADAU,kabkota,2014,6.31,12.1
Kalimantan Barat,SEKADAU,kabkota,2015,6.5,12.56
Kalimantan Barat,SEKADAU,kabkota,2016,6.14,11.97
Kalimantan Barat,SEKADAU,kabkota,2017,6.46,12.74
Kalimantan Barat,SEKADAU,kabkota,2018,6.17,12.29
Kalimantan Barat,SEKADAU,kabkota,2019,6.11,12.28
Kalimantan Barat,SEKADAU,kabkota,2020,5.87,11.92
Kalimantan Barat,SEKADAU,kabkota,2021,6.26,12.69
Kalimantan Barat,SEKADAU,kabkota,2022,5.85,11.91
Kalimantan Barat,SEKADAU,kabkota,2023,5.9,12.09
Kalimantan Barat,SEKADAU,kabkota,2024,5.66,11.69
Kalimantan Barat,SEKADAU,kabkota,2025,5.61,11.64
Kalimantan Barat,SINTANG,kabkota,2004,16.61,80.9
Kalimantan Barat,SINTANG,kabkota,2005,19.09,69.4
Kalimantan Barat,SINTANG,kabkota,2006,19.8,69.3
Kalimantan Barat,SINTANG,kabkota,2007,17.1,66.2
Kalimantan Barat,SINTANG,kabkota,2008,13.61,54.1
Kalimantan Barat,SINTANG,kabkota,2009,11.55,46.9
Kalimantan Barat,SINTANG,kabkota,2010,9.76,35.5
Kalimantan Barat,SINTANG,kabkota,2011,9.07,33.4
Kalimantan Barat,SINTANG,kabkota,2012,8.55,32.5
Kalimantan Barat,SINTANG,kabkota,2013,10.09,39.0
Kalimantan Barat,SINTANG,kabkota,2014,9.11,35.7
Kalimantan Barat,SINTANG,kabkota,2015,9.33,36.83
Kalimantan Barat,SINTANG,kabkota,2016,10.07,40.36
Kalimantan Barat,SINTANG,kabkota,2017,10.2,41.46
Kalimantan Barat,SINTANG,kabkota,2018,10.35,42.65
Kalimantan Barat,SINTANG,kabkota,2019,9.65,40.3
Kalimantan Barat,SINTANG,kabkota,2020,9.27,39.19
Kalimantan Barat,SINTANG,kabkota,2021,9.28,39.4
Kalimantan Barat,SINTANG,kabkota,2022,8.57,36.76
Kalimantan Barat,SINTANG,kabkota,2023,8.18,35.49
Kalimantan Barat,SINTANG,kabkota,2024,8.03,35.18
Kalimantan Barat,SINTANG,kabkota,2025,7.93,35.02
Kalimantan Selatan,BALANGAN,kabkota,2004,11.15,10.8
Kalimantan Selatan,BALANGAN,kabkota,2005,11.47,11.3
Kalimantan Selatan,BALANGAN,kabkota,2006,13.65,13.8
Kalimantan Selatan,BALANGAN,kabkota,2007,11.35,11.5
Kalimantan Selatan,BALANGAN,kabkota,2008,7.75,7.8
Kalimantan Selatan,BALANGAN,kabkota,2009,7.22,7.3
Kalimantan Selatan,BALANGAN,kabkota,2010,7.74,8.7
Kalimantan Selatan,BALANGAN,kabkota,2011,7.31,8.4
Kalimantan Selatan,BALANGAN,kabkota,2012,6.85,8.1
Kalimantan Selatan,BALANGAN,kabkota,2013,6.17,7.4
Kalimantan Selatan,BALANGAN,kabkota,2014,6.29,7.7
Kalimantan Selatan,BALANGAN,kabkota,2015,5.87,7.28
Kalimantan Selatan,BALANGAN,kabkota,2016,5.67,7.09
Kalimantan Selatan,BALANGAN,kabkota,2017,5.68,7.21
Kalimantan Selatan,BALANGAN,kabkota,2018,5.59,7.21
Kalimantan Selatan,BALANGAN,kabkota,2019,5.55,7.27
Kalimantan Selatan,BALANGAN,kabkota,2020,5.32,7.06
Kalimantan Selatan,BALANGAN,kabkota,2021,6.07,8.06
Kalimantan Selatan,BALANGAN,kabkota,2022,5.83,7.83
Kalimantan Selatan,BALANGAN,kabkota,2023,5.22,7.07
Kalimantan Selatan,BALANGAN,kabkota,2024,4.87,6.68
Kalimantan Selatan,BALANGAN,kabkota,2025,4.64,6.42
Kalimantan Selatan,BANJAR,kabkota,2004,6.9,31.4
Kalimantan Selatan,BANJAR,kabkota,2005,5.18,23.8
Kalimantan Selatan,BANJAR,kabkota,2006,4.82,22.7
Kalimantan Selatan,BANJAR,kabkota,2007,4.24,20.0
Kalimantan Selatan,BANJAR,kabkota,2008,3.68,17.8
Kalimantan Selatan,BANJAR,kabkota,2009,3.69,18.2
Kalimantan Selatan,BANJAR,kabkota,2010,3.34,17.0
Kalimantan Selatan,BANJAR,kabkota,2011,3.17,16.4
Kalimantan Selatan,BANJAR,kabkota,2012,2.97,15.7
Kalimantan Selatan,BANJAR,kabkota,2013,2.84,15.3
Kalimantan Selatan,BANJAR,kabkota,2014,2.87,15.7
Kalimantan Selatan,BANJAR,kabkota,2015,3.26,18.05
Kalimantan Selatan,BANJAR,kabkota,2016,3.1,17.36
Kalimantan Selatan,BANJAR,kabkota,2017,2.96,16.85
Kalimantan Selatan,BANJAR,kabkota,2018,2.7,15.62
Kalimantan Selatan,BANJAR,kabkota,2019,2.72,15.91
Kalimantan Selatan,BANJAR,kabkota,2020,2.55,15.12
Kalimantan Selatan,BANJAR,kabkota,2021,3.04,18.07
Kalimantan Selatan,BANJAR,kabkota,2022,2.79,16.71
Kalimantan Selatan,BANJAR,kabkota,2023,2.44,14.77
Kalimantan Selatan,BANJAR,kabkota,2024,2.36,14.46
Kalimantan Selatan,BANJAR,kabkota,2025,2.74,16.92
Kalimantan Selatan,BARITO KUALA,kabkota,2004,6.85,18.0
Kalimantan Selatan,BARITO KUALA,kabkota,2005,7.1,18.8
Kalimantan Selatan,BARITO KUALA,kabkota,2006,9.07,24.1
Kalimantan Selatan,BARITO KUALA,kabkota,2007,8.17,21.5
Kalimantan Selatan,BARITO KUALA,kabkota,2008,7.18,19.3
Kalimantan Selatan,BARITO KUALA,kabkota,2009,5.61,15.3
Kalimantan Selatan,BARITO KUALA,kabkota,2010,5.72,15.8
Kalimantan Selatan,BARITO KUALA,kabkota,2011,5.41,15.3
Kalimantan Selatan,BARITO KUALA,kabkota,2012,5.12,14.7
Kalimantan Selatan,BARITO KUALA,kabkota,2013,5.12,14.9
Kalimantan Selatan,BARITO KUALA,kabkota,2014,5.19,15.3
Kalimantan Selatan,BARITO KUALA,kabkota,2015,5.37,15.96
Kalimantan Selatan,BARITO KUALA,kabkota,2016,5.22,15.71
Kalimantan Selatan,BARITO KUALA,kabkota,2017,5.13,15.64
Kalimantan Selatan,BARITO KUALA,kabkota,2018,4.56,14.09
Kalimantan Selatan,BARITO KUALA,kabkota,2019,4.63,14.49
Kalimantan Selatan,BARITO KUALA,kabkota,2020,4.51,14.25
Kalimantan Selatan,BARITO KUALA,kabkota,2021,5.11,16.1
Kalimantan Selatan,BARITO KUALA,kabkota,2022,4.75,15.06
Kalimantan Selatan,BARITO KUALA,kabkota,2023,4.6,14.71
Kalimantan Selatan,BARITO KUALA,kabkota,2024,4.36,14.04
Kalimantan Selatan,BARITO KUALA,kabkota,2025,4.31,13.97
Kalimantan Selatan,HULU SUNGAI SELATAN,kabkota,2004,10.62,21.2
Kalimantan Selatan,HULU SUNGAI SELATAN,kabkota,2005,8.86,17.9
Kalimantan Selatan,HULU SUNGAI SELATAN,kabkota,2006,10.97,22.6
Kalimantan Selatan,HULU SUNGAI SELATAN,kabkota,2007,9.68,19.6
Kalimantan Selatan,HULU SUNGAI SELATAN,kabkota,2008,9.32,19.2
Kalimantan Selatan,HULU SUNGAI SELATAN,kabkota,2009,7.32,15.2
Kalimantan Selatan,HULU SUNGAI SELATAN,kabkota,2010,7.66,16.3
Kalimantan Selatan,HULU SUNGAI SELATAN,kabkota,2011,7.25,15.8
Kalimantan Selatan,HULU SUNGAI SELATAN,kabkota,2012,6.9,15.1
Kalimantan Selatan,HULU SUNGAI SELATAN,kabkota,2013,6.67,14.8
Kalimantan Selatan,HULU SUNGAI SELATAN,kabkota,2014,6.77,15.2
Kalimantan Selatan,HULU SUNGAI SELATAN,kabkota,2015,6.45,14.59
Kalimantan Selatan,HULU SUNGAI SELATAN,kabkota,2016,6.29,14.42
Kalimantan Selatan,HULU SUNGAI SELATAN,kabkota,2017,5.8,13.45
Kalimantan Selatan,HULU SUNGAI SELATAN,kabkota,2018,5.21,12.22
Kalimantan Selatan,HULU SUNGAI SELATAN,kabkota,2019,5.33,12.64
Kalimantan Selatan,HULU SUNGAI SELATAN,kabkota,2020,5.17,12.39
Kalimantan Selatan,HULU SUNGAI SELATAN,kabkota,2021,4.84,11.47
Kalimantan Selatan,HULU SUNGAI SELATAN,kabkota,2022,4.54,10.8
Kalimantan Selatan,HULU SUNGAI SELATAN,kabkota,2023,4.01,9.61
Kalimantan Selatan,HULU SUNGAI SELATAN,kabkota,2024,3.38,8.14
Kalimantan Selatan,HULU SUNGAI SELATAN,kabkota,2025,3.12,7.55
Kalimantan Selatan,HULU SUNGAI TENGAH,kabkota,2004,9.94,23.1
Kalimantan Selatan,HULU SUNGAI TENGAH,kabkota,2005,9.09,21.3
Kalimantan Selatan,HULU SUNGAI TENGAH,kabkota,2006,10.39,24.9
Kalimantan Selatan,HULU SUNGAI TENGAH,kabkota,2007,8.14,19.3
Kalimantan Selatan,HULU SUNGAI TENGAH,kabkota,2008,7.12,17.2
Kalimantan Selatan,HULU SUNGAI TENGAH,kabkota,2009,5.73,13.9
Kalimantan Selatan,HULU SUNGAI TENGAH,kabkota,2010,6.31,15.4
Kalimantan Selatan,HULU SUNGAI TENGAH,kabkota,2011,5.98,14.9
Kalimantan Selatan,HULU SUNGAI TENGAH,kabkota,2012,5.68,14.3
Kalimantan Selatan,HULU SUNGAI TENGAH,kabkota,2013,5.57,14.2
Kalimantan Selatan,HULU SUNGAI TENGAH,kabkota,2014,5.65,14.6
Kalimantan Selatan,HULU SUNGAI TENGAH,kabkota,2015,5.81,15.08
Kalimantan Selatan,HULU SUNGAI TENGAH,kabkota,2016,6.18,16.22
Kalimantan Selatan,HULU SUNGAI TENGAH,kabkota,2017,6.09,16.17
Kalimantan Selatan,HULU SUNGAI TENGAH,kabkota,2018,6.01,16.14
Kalimantan Selatan,HULU SUNGAI TENGAH,kabkota,2019,5.93,16.1
Kalimantan Selatan,HULU SUNGAI TENGAH,kabkota,2020,5.64,15.47
Kalimantan Selatan,HULU SUNGAI TENGAH,kabkota,2021,6.18,16.77
Kalimantan Selatan,HULU SUNGAI TENGAH,kabkota,2022,5.92,16.14
Kalimantan Selatan,HULU SUNGAI TENGAH,kabkota,2023,5.84,16.01
Kalimantan Selatan,HULU SUNGAI TENGAH,kabkota,2024,5.81,16.03
Kalimantan Selatan,HULU SUNGAI TENGAH,kabkota,2025,5.03,13.94
Kalimantan Selatan,HULU SUNGAI UTARA,kabkota,2004,10.7,22.1
Kalimantan Selatan,HULU SUNGAI UTARA,kabkota,2005,11.91,25.0
Kalimantan Selatan,HULU SUNGAI UTARA,kabkota,2006,13.38,28.3
Kalimantan Selatan,HULU SUNGAI UTARA,kabkota,2007,11.16,23.3
Kalimantan Selatan,HULU SUNGAI UTARA,kabkota,2008,8.53,18.2
Kalimantan Selatan,HULU SUNGAI UTARA,kabkota,2009,7.29,15.7
Kalimantan Selatan,HULU SUNGAI UTARA,kabkota,2010,7.76,16.2
Kalimantan Selatan,HULU SUNGAI UTARA,kabkota,2011,7.31,15.7
Kalimantan Selatan,HULU SUNGAI UTARA,kabkota,2012,6.94,15.0
Kalimantan Selatan,HULU SUNGAI UTARA,kabkota,2013,6.92,15.2
Kalimantan Selatan,HULU SUNGAI UTARA,kabkota,2014,7.0,15.6
Kalimantan Selatan,HULU SUNGAI UTARA,kabkota,2015,7.07,15.94
Kalimantan Selatan,HULU SUNGAI UTARA,kabkota,2016,6.76,15.38
Kalimantan Selatan,HULU SUNGAI UTARA,kabkota,2017,6.65,15.35
Kalimantan Selatan,HULU SUNGAI UTARA,kabkota,2018,6.38,14.92
Kalimantan Selatan,HULU SUNGAI UTARA,kabkota,2019,6.5,15.4
Kalimantan Selatan,HULU SUNGAI UTARA,kabkota,2020,6.14,14.72
Kalimantan Selatan,HULU SUNGAI UTARA,kabkota,2021,6.83,16.19
Kalimantan Selatan,HULU SUNGAI UTARA,kabkota,2022,6.49,15.5
Kalimantan Selatan,HULU SUNGAI UTARA,kabkota,2023,6.25,15.02
Kalimantan Selatan,HULU SUNGAI UTARA,kabkota,2024,5.75,13.93
Kalimantan Selatan,HULU SUNGAI UTARA,kabkota,2025,4.81,11.71
Kalimantan Selatan,KOTA BANJAR BARU,kabkota,2004,4.62,6.6
Kalimantan Selatan,KOTA BANJAR BARU,kabkota,2005,4.53,6.6
Kalimantan Selatan,KOTA BANJAR BARU,kabkota,2006,6.11,10.0
Kalimantan Selatan,KOTA BANJAR BARU,kabkota,2007,4.08,6.6
Kalimantan Selatan,KOTA BANJAR BARU,kabkota,2008,6.07,10.1
Kalimantan Selatan,KOTA BANJAR BARU,kabkota,2009,5.2,8.8
Kalimantan Selatan,KOTA BANJAR BARU,kabkota,2010,5.98,12.0
Kalimantan Selatan,KOTA BANJAR BARU,kabkota,2011,5.68,11.6
Kalimantan Selatan,KOTA BANJAR BARU,kabkota,2012,5.16,11.1
Kalimantan Selatan,KOTA BANJAR BARU,kabkota,2013,4.5,10.0
Kalimantan Selatan,KOTA BANJAR BARU,kabkota,2014,4.35,10.0
Kalimantan Selatan,KOTA BANJAR BARU,kabkota,2015,4.9,11.46
Kalimantan Selatan,KOTA BANJAR BARU,kabkota,2016,4.62,11.06
Kalimantan Selatan,KOTA BANJAR BARU,kabkota,2017,4.68,11.54
Kalimantan Selatan,KOTA BANJAR BARU,kabkota,2018,4.19,10.64
Kalimantan Selatan,KOTA BANJAR BARU,kabkota,2019,4.3,11.22
Kalimantan Selatan,KOTA BANJAR BARU,kabkota,2020,4.01,10.75
Kalimantan Selatan,KOTA BANJAR BARU,kabkota,2021,4.4,11.95
Kalimantan Selatan,KOTA BANJAR BARU,kabkota,2022,4.17,11.61
Kalimantan Selatan,KOTA BANJAR BARU,kabkota,2023,3.92,11.18
Kalimantan Selatan,KOTA BANJAR BARU,kabkota,2024,3.79,11.07
Kalimantan Selatan,KOTA BANJAR BARU,kabkota,2025,3.44,10.27
Kalimantan Selatan,KOTA BANJARMASIN,kabkota,2004,3.2,18.3
Kalimantan Selatan,KOTA BANJARMASIN,kabkota,2005,2.92,16.9
Kalimantan Selatan,KOTA BANJARMASIN,kabkota,2006,3.21,19.3
Kalimantan Selatan,KOTA BANJARMASIN,kabkota,2007,2.9,17.6
Kalimantan Selatan,KOTA BANJARMASIN,kabkota,2008,4.77,29.5
Kalimantan Selatan,KOTA BANJARMASIN,kabkota,2009,4.8,30.3
Kalimantan Selatan,KOTA BANJARMASIN,kabkota,2010,5.04,31.6
Kalimantan Selatan,KOTA BANJARMASIN,kabkota,2011,4.77,30.6
Kalimantan Selatan,KOTA BANJARMASIN,kabkota,2012,4.51,29.3
Kalimantan Selatan,KOTA BANJARMASIN,kabkota,2013,4.21,27.8
Kalimantan Selatan,KOTA BANJARMASIN,kabkota,2014,4.27,28.5
Kalimantan Selatan,KOTA BANJARMASIN,kabkota,2015,4.44,29.95
Kalimantan Selatan,KOTA BANJARMASIN,kabkota,2016,4.22,28.75
Kalimantan Selatan,KOTA BANJARMASIN,kabkota,2017,4.19,28.93
Kalimantan Selatan,KOTA BANJARMASIN,kabkota,2018,4.18,29.24
Kalimantan Selatan,KOTA BANJARMASIN,kabkota,2019,4.2,29.65
Kalimantan Selatan,KOTA BANJARMASIN,kabkota,2020,4.39,31.31
Kalimantan Selatan,KOTA BANJARMASIN,kabkota,2021,4.89,34.84
Kalimantan Selatan,KOTA BANJARMASIN,kabkota,2022,4.74,34.01
Kalimantan Selatan,KOTA BANJARMASIN,kabkota,2023,4.63,33.47
Kalimantan Selatan,KOTA BANJARMASIN,kabkota,2024,4.58,33.38
Kalimantan Selatan,KOTA BANJARMASIN,kabkota,2025,4.52,33.16
Kalimantan Selatan,KOTA BARU,kabkota,2004,6.04,15.6
Kalimantan Selatan,KOTA BARU,kabkota,2005,8.09,21.3
Kalimantan Selatan,KOTA BARU,kabkota,2006,10.0,26.9
Kalimantan Selatan,KOTA BARU,kabkota,2007,8.61,22.9
Kalimantan Selatan,KOTA BARU,kabkota,2008,6.75,18.4
Kalimantan Selatan,KOTA BARU,kabkota,2009,5.55,15.4
Kalimantan Selatan,KOTA BARU,kabkota,2010,5.45,15.9
Kalimantan Selatan,KOTA BARU,kabkota,2011,5.18,15.4
Kalimantan Selatan,KOTA BARU,kabkota,2012,4.85,14.8
Kalimantan Selatan,KOTA BARU,kabkota,2013,4.73,14.7
Kalimantan Selatan,KOTA BARU,kabkota,2014,4.76,15.1
Kalimantan Selatan,KOTA BARU,kabkota,2015,4.62,14.72
Kalimantan Selatan,KOTA BARU,kabkota,2016,4.56,14.78
Kalimantan Selatan,KOTA BARU,kabkota,2017,4.38,14.44
Kalimantan Selatan,KOTA BARU,kabkota,2018,4.52,15.17
Kalimantan Selatan,KOTA BARU,kabkota,2019,4.49,15.29
Kalimantan Selatan,KOTA BARU,kabkota,2020,4.22,14.6
Kalimantan Selatan,KOTA BARU,kabkota,2021,4.86,16.83
Kalimantan Selatan,KOTA BARU,kabkota,2022,4.3,15.07
Kalimantan Selatan,KOTA BARU,kabkota,2023,4.32,15.32
Kalimantan Selatan,KOTA BARU,kabkota,2024,4.45,15.98
Kalimantan Selatan,KOTA BARU,kabkota,2025,4.39,15.89
Kalimantan Selatan,Kalimantan Selatan,provinsi,2004,7.19,231.0
Kalimantan Selatan,Kalimantan Selatan,provinsi,2005,7.23,235.7
Kalimantan Selatan,Kalimantan Selatan,provinsi,2006,8.32,278.5
Kalimantan Selatan,Kalimantan Selatan,provinsi,2007,7.01,233.5
Kalimantan Selatan,Kalimantan Selatan,provinsi,2008,6.21,211.1
Kalimantan Selatan,Kalimantan Selatan,provinsi,2009,5.44,188.0
Kalimantan Selatan,Kalimantan Selatan,provinsi,2010,5.65,205.4
Kalimantan Selatan,Kalimantan Selatan,provinsi,2011,5.35,198.6
Kalimantan Selatan,Kalimantan Selatan,provinsi,2012,5.01,190.6
Kalimantan Selatan,Kalimantan Selatan,provinsi,2013,4.76,184.3
Kalimantan Selatan,Kalimantan Selatan,provinsi,2014,4.81,189.5
Kalimantan Selatan,Kalimantan Selatan,provinsi,2015,4.99,198.44
Kalimantan Selatan,Kalimantan Selatan,provinsi,2016,4.85,195.7
Kalimantan Selatan,Kalimantan Selatan,provinsi,2017,4.73,193.92
Kalimantan Selatan,Kalimantan Selatan,provinsi,2018,4.54,189.03
Kalimantan Selatan,Kalimantan Selatan,provinsi,2019,4.55,192.48
Kalimantan Selatan,Kalimantan Selatan,provinsi,2020,4.38,187.87
Kalimantan Selatan,Kalimantan Selatan,provinsi,2021,4.83,208.11
Kalimantan Selatan,Kalimantan Selatan,provinsi,2022,4.49,195.7
Kalimantan Selatan,Kalimantan Selatan,provinsi,2023,4.29,188.93
Kalimantan Selatan,Kalimantan Selatan,provinsi,2024,4.11,183.31
Kalimantan Selatan,Kalimantan Selatan,provinsi,2025,3.84,172.72
Kalimantan Selatan,TABALONG,kabkota,2004,10.24,18.7
Kalimantan Selatan,TABALONG,kabkota,2005,10.57,19.7
Kalimantan Selatan,TABALONG,kabkota,2006,13.04,24.7
Kalimantan Selatan,TABALONG,kabkota,2007,11.25,21.1
Kalimantan Selatan,TABALONG,kabkota,2008,8.13,15.5
Kalimantan Selatan,TABALONG,kabkota,2009,6.83,13.2
Kalimantan Selatan,TABALONG,kabkota,2010,6.53,14.4
Kalimantan Selatan,TABALONG,kabkota,2011,6.22,13.9
Kalimantan Selatan,TABALONG,kabkota,2012,5.83,13.3
Kalimantan Selatan,TABALONG,kabkota,2013,6.15,14.3
Kalimantan Selatan,TABALONG,kabkota,2014,6.21,14.7
Kalimantan Selatan,TABALONG,kabkota,2015,6.59,15.71
Kalimantan Selatan,TABALONG,kabkota,2016,6.35,15.4
Kalimantan Selatan,TABALONG,kabkota,2017,6.09,15.0
Kalimantan Selatan,TABALONG,kabkota,2018,5.95,14.87
Kalimantan Selatan,TABALONG,kabkota,2019,6.01,15.22
Kalimantan Selatan,TABALONG,kabkota,2020,5.72,14.7
Kalimantan Selatan,TABALONG,kabkota,2021,6.27,16.13
Kalimantan Selatan,TABALONG,kabkota,2022,5.87,15.24
Kalimantan Selatan,TABALONG,kabkota,2023,5.77,15.15
Kalimantan Selatan,TABALONG,kabkota,2024,5.64,14.97
Kalimantan Selatan,TABALONG,kabkota,2025,4.67,12.5
Kalimantan Selatan,TANAH BUMBU,kabkota,2004,6.51,13.5
Kalimantan Selatan,TANAH BUMBU,kabkota,2005,8.26,17.5
Kalimantan Selatan,TANAH BUMBU,kabkota,2006,10.21,22.1
Kalimantan Selatan,TANAH BUMBU,kabkota,2007,8.22,17.8
Kalimantan Selatan,TANAH BUMBU,kabkota,2008,5.79,12.9
Kalimantan Selatan,TANAH BUMBU,kabkota,2009,5.89,13.5
Kalimantan Selatan,TANAH BUMBU,kabkota,2010,6.48,17.5
Kalimantan Selatan,TANAH BUMBU,kabkota,2011,6.17,16.9
Kalimantan Selatan,TANAH BUMBU,kabkota,2012,5.47,16.3
Kalimantan Selatan,TANAH BUMBU,kabkota,2013,5.2,16.0
Kalimantan Selatan,TANAH BUMBU,kabkota,2014,5.21,16.6
Kalimantan Selatan,TANAH BUMBU,kabkota,2015,5.55,17.91
Kalimantan Selatan,TANAH BUMBU,kabkota,2016,5.27,17.48
Kalimantan Selatan,TANAH BUMBU,kabkota,2017,4.99,17.02
Kalimantan Selatan,TANAH BUMBU,kabkota,2018,4.88,17.06
Kalimantan Selatan,TANAH BUMBU,kabkota,2019,4.85,17.35
Kalimantan Selatan,TANAH BUMBU,kabkota,2020,4.6,16.83
Kalimantan Selatan,TANAH BUMBU,kabkota,2021,4.82,18.92
Kalimantan Selatan,TANAH BUMBU,kabkota,2022,4.26,17.22
Kalimantan Selatan,TANAH BUMBU,kabkota,2023,4.12,17.17
Kalimantan Selatan,TANAH BUMBU,kabkota,2024,3.41,14.68
Kalimantan Selatan,TANAH BUMBU,kabkota,2025,3.13,13.81
Kalimantan Selatan,TANAH LAUT,kabkota,2004,7.97,20.0
Kalimantan Selatan,TANAH LAUT,kabkota,2005,9.19,23.5
Kalimantan Selatan,TANAH LAUT,kabkota,2006,9.18,23.9
Kalimantan Selatan,TANAH LAUT,kabkota,2007,7.62,19.8
Kalimantan Selatan,TANAH LAUT,kabkota,2008,6.06,16.1
Kalimantan Selatan,TANAH LAUT,kabkota,2009,5.11,13.9
Kalimantan Selatan,TANAH LAUT,kabkota,2010,5.12,15.2
Kalimantan Selatan,TANAH LAUT,kabkota,2011,4.85,14.7
Kalimantan Selatan,TANAH LAUT,kabkota,2012,4.55,14.1
Kalimantan Selatan,TANAH LAUT,kabkota,2013,4.33,13.7
Kalimantan Selatan,TANAH LAUT,kabkota,2014,4.38,14.0
Kalimantan Selatan,TANAH LAUT,kabkota,2015,4.58,14.79
Kalimantan Selatan,TANAH LAUT,kabkota,2016,4.65,15.24
Kalimantan Selatan,TANAH LAUT,kabkota,2017,4.6,15.31
Kalimantan Selatan,TANAH LAUT,kabkota,2018,4.4,14.87
Kalimantan Selatan,TANAH LAUT,kabkota,2019,4.51,15.45
Kalimantan Selatan,TANAH LAUT,kabkota,2020,4.26,14.79
Kalimantan Selatan,TANAH LAUT,kabkota,2021,4.57,15.86
Kalimantan Selatan,TANAH LAUT,kabkota,2022,3.86,13.54
Kalimantan Selatan,TANAH LAUT,kabkota,2023,3.73,13.22
Kalimantan Selatan,TANAH LAUT,kabkota,2024,3.74,13.4
Kalimantan Selatan,TANAH LAUT,kabkota,2025,3.0,10.83
Kalimantan Selatan,TAPIN,kabkota,2004,7.96,11.6
Kalimantan Selatan,TAPIN,kabkota,2005,8.12,12.1
Kalimantan Selatan,TAPIN,kabkota,2006,10.14,15.3
Kalimantan Selatan,TAPIN,kabkota,2007,8.42,12.5
Kalimantan Selatan,TAPIN,kabkota,2008,6.1,9.2
Kalimantan Selatan,TAPIN,kabkota,2009,4.93,7.5
Kalimantan Selatan,TAPIN,kabkota,2010,5.57,9.4
Kalimantan Selatan,TAPIN,kabkota,2011,5.29,9.1
Kalimantan Selatan,TAPIN,kabkota,2012,4.99,8.7
Kalimantan Selatan,TAPIN,kabkota,2013,3.41,6.0
Kalimantan Selatan,TAPIN,kabkota,2014,3.63,6.5
Kalimantan Selatan,TAPIN,kabkota,2015,3.88,7.01
Kalimantan Selatan,TAPIN,kabkota,2016,3.7,6.81
Kalimantan Selatan,TAPIN,kabkota,2017,3.77,7.01
Kalimantan Selatan,TAPIN,kabkota,2018,3.7,6.98
Kalimantan Selatan,TAPIN,kabkota,2019,3.41,6.51
Kalimantan Selatan,TAPIN,kabkota,2020,3.06,5.9
Kalimantan Selatan,TAPIN,kabkota,2021,3.6,6.93
Kalimantan Selatan,TAPIN,kabkota,2022,3.6,6.98
Kalimantan Selatan,TAPIN,kabkota,2023,3.19,6.22
Kalimantan Selatan,TAPIN,kabkota,2024,3.33,6.55
Kalimantan Selatan,TAPIN,kabkota,2025,2.91,5.77
Kalimantan Tengah,BARITO SELATAN,kabkota,2004,12.06,13.9
Kalimantan Tengah,BARITO SELATAN,kabkota,2005,12.15,16.1
Kalimantan Tengah,BARITO SELATAN,kabkota,2006,12.43,14.7
Kalimantan Tengah,BARITO SELATAN,kabkota,2007,10.43,14.3
Kalimantan Tengah,BARITO SELATAN,kabkota,2008,9.25,13.3
Kalimantan Tengah,BARITO SELATAN,kabkota,2009,8.14,12.0
Kalimantan Tengah,BARITO SELATAN,kabkota,2010,8.56,10.6
Kalimantan Tengah,BARITO SELATAN,kabkota,2011,7.56,9.6
Kalimantan Tengah,BARITO SELATAN,kabkota,2012,7.25,9.3
Kalimantan Tengah,BARITO SELATAN,kabkota,2013,6.26,8.1
Kalimantan Tengah,BARITO SELATAN,kabkota,2014,6.13,8.0
Kalimantan Tengah,BARITO SELATAN,kabkota,2015,5.07,6.66
Kalimantan Tengah,BARITO SELATAN,kabkota,2016,4.58,6.09
Kalimantan Tengah,BARITO SELATAN,kabkota,2017,4.44,5.95
Kalimantan Tengah,BARITO SELATAN,kabkota,2018,4.55,6.16
Kalimantan Tengah,BARITO SELATAN,kabkota,2019,4.39,5.99
Kalimantan Tengah,BARITO SELATAN,kabkota,2020,4.45,6.12
Kalimantan Tengah,BARITO SELATAN,kabkota,2021,4.62,6.42
Kalimantan Tengah,BARITO SELATAN,kabkota,2022,4.88,6.83
Kalimantan Tengah,BARITO SELATAN,kabkota,2023,4.72,6.66
Kalimantan Tengah,BARITO SELATAN,kabkota,2024,4.83,6.87
Kalimantan Tengah,BARITO SELATAN,kabkota,2025,4.94,7.09
Kalimantan Tengah,BARITO TIMUR,kabkota,2004,13.14,10.1
Kalimantan Tengah,BARITO TIMUR,kabkota,2005,13.54,12.0
Kalimantan Tengah,BARITO TIMUR,kabkota,2006,14.05,10.9
Kalimantan Tengah,BARITO TIMUR,kabkota,2007,12.34,11.6
Kalimantan Tengah,BARITO TIMUR,kabkota,2008,11.09,11.0
Kalimantan Tengah,BARITO TIMUR,kabkota,2009,9.24,9.4
Kalimantan Tengah,BARITO TIMUR,kabkota,2010,10.5,10.2
Kalimantan Tengah,BARITO TIMUR,kabkota,2011,9.27,9.2
Kalimantan Tengah,BARITO TIMUR,kabkota,2012,8.52,8.9
Kalimantan Tengah,BARITO TIMUR,kabkota,2013,8.83,9.5
Kalimantan Tengah,BARITO TIMUR,kabkota,2014,8.55,9.5
Kalimantan Tengah,BARITO TIMUR,kabkota,2015,8.41,9.51
Kalimantan Tengah,BARITO TIMUR,kabkota,2016,7.64,8.88
Kalimantan Tengah,BARITO TIMUR,kabkota,2017,7.17,8.56
Kalimantan Tengah,BARITO TIMUR,kabkota,2018,6.56,8.05
Kalimantan Tengah,BARITO TIMUR,kabkota,2019,6.32,7.97
Kalimantan Tengah,BARITO TIMUR,kabkota,2020,6.09,7.88
Kalimantan Tengah,BARITO TIMUR,kabkota,2021,6.38,8.02
Kalimantan Tengah,BARITO TIMUR,kabkota,2022,6.59,8.42
Kalimantan Tengah,BARITO TIMUR,kabkota,2023,6.63,8.59
Kalimantan Tengah,BARITO TIMUR,kabkota,2024,6.66,8.74
Kalimantan Tengah,BARITO TIMUR,kabkota,2025,6.1,8.12
Kalimantan Tengah,BARITO UTARA,kabkota,2004,9.62,10.4
Kalimantan Tengah,BARITO UTARA,kabkota,2005,9.95,12.5
Kalimantan Tengah,BARITO UTARA,kabkota,2006,9.9,11.4
Kalimantan Tengah,BARITO UTARA,kabkota,2007,8.61,11.1
Kalimantan Tengah,BARITO UTARA,kabkota,2008,7.56,9.9
Kalimantan Tengah,BARITO UTARA,kabkota,2009,6.43,8.7
Kalimantan Tengah,BARITO UTARA,kabkota,2010,7.18,8.7
Kalimantan Tengah,BARITO UTARA,kabkota,2011,6.33,7.9
Kalimantan Tengah,BARITO UTARA,kabkota,2012,6.1,7.6
Kalimantan Tengah,BARITO UTARA,kabkota,2013,5.98,7.5
Kalimantan Tengah,BARITO UTARA,kabkota,2014,5.88,7.5
Kalimantan Tengah,BARITO UTARA,kabkota,2015,5.93,7.53
Kalimantan Tengah,BARITO UTARA,kabkota,2016,5.38,6.9
Kalimantan Tengah,BARITO UTARA,kabkota,2017,5.21,6.72
Kalimantan Tengah,BARITO UTARA,kabkota,2018,5.0,6.5
Kalimantan Tengah,BARITO UTARA,kabkota,2019,4.95,6.46
Kalimantan Tengah,BARITO UTARA,kabkota,2020,5.17,6.78
Kalimantan Tengah,BARITO UTARA,kabkota,2021,5.61,7.4
Kalimantan Tengah,BARITO UTARA,kabkota,2022,5.8,7.7
Kalimantan Tengah,BARITO UTARA,kabkota,2023,5.35,7.14
Kalimantan Tengah,BARITO UTARA,kabkota,2024,5.67,7.6
Kalimantan Tengah,BARITO UTARA,kabkota,2025,5.52,7.44
Kalimantan Tengah,GUNUNG MAS,kabkota,2004,10.17,8.5
Kalimantan Tengah,GUNUNG MAS,kabkota,2005,10.54,10.2
Kalimantan Tengah,GUNUNG MAS,kabkota,2006,11.41,9.3
Kalimantan Tengah,GUNUNG MAS,kabkota,2007,9.29,9.0
Kalimantan Tengah,GUNUNG MAS,kabkota,2008,8.32,8.7
Kalimantan Tengah,GUNUNG MAS,kabkota,2009,7.43,7.9
Kalimantan Tengah,GUNUNG MAS,kabkota,2010,8.06,7.8
Kalimantan Tengah,GUNUNG MAS,kabkota,2011,7.12,7.0
Kalimantan Tengah,GUNUNG MAS,kabkota,2012,6.56,6.8
Kalimantan Tengah,GUNUNG MAS,kabkota,2013,6.9,7.3
Kalimantan Tengah,GUNUNG MAS,kabkota,2014,6.7,7.2
Kalimantan Tengah,GUNUNG MAS,kabkota,2015,6.17,6.75
Kalimantan Tengah,GUNUNG MAS,kabkota,2016,5.85,6.55
Kalimantan Tengah,GUNUNG MAS,kabkota,2017,5.83,6.67
Kalimantan Tengah,GUNUNG MAS,kabkota,2018,5.1,5.96
Kalimantan Tengah,GUNUNG MAS,kabkota,2019,4.91,5.86
Kalimantan Tengah,GUNUNG MAS,kabkota,2020,4.75,5.78
Kalimantan Tengah,GUNUNG MAS,kabkota,2021,5.35,6.3
Kalimantan Tengah,GUNUNG MAS,kabkota,2022,5.64,6.7
Kalimantan Tengah,GUNUNG MAS,kabkota,2023,5.47,6.55
Kalimantan Tengah,GUNUNG MAS,kabkota,2024,5.68,6.86
Kalimantan Tengah,GUNUNG MAS,kabkota,2025,5.48,6.67
Kalimantan Tengah,KAPUAS,kabkota,2004,10.61,34.8
Kalimantan Tengah,KAPUAS,kabkota,2005,10.98,41.5
Kalimantan Tengah,KAPUAS,kabkota,2006,10.68,37.8
Kalimantan Tengah,KAPUAS,kabkota,2007,9.3,36.8
Kalimantan Tengah,KAPUAS,kabkota,2008,8.25,31.7
Kalimantan Tengah,KAPUAS,kabkota,2009,6.34,25.0
Kalimantan Tengah,KAPUAS,kabkota,2010,7.11,23.4
Kalimantan Tengah,KAPUAS,kabkota,2011,6.28,21.1
Kalimantan Tengah,KAPUAS,kabkota,2012,6.1,20.7
Kalimantan Tengah,KAPUAS,kabkota,2013,6.19,21.2
Kalimantan Tengah,KAPUAS,kabkota,2014,6.12,21.2
Kalimantan Tengah,KAPUAS,kabkota,2015,6.03,20.9
Kalimantan Tengah,KAPUAS,kabkota,2016,5.7,19.96
Kalimantan Tengah,KAPUAS,kabkota,2017,5.32,18.8
Kalimantan Tengah,KAPUAS,kabkota,2018,5.2,18.52
Kalimantan Tengah,KAPUAS,kabkota,2019,5.09,18.23
Kalimantan Tengah,KAPUAS,kabkota,2020,5.04,18.17
Kalimantan Tengah,KAPUAS,kabkota,2021,5.35,19.45
Kalimantan Tengah,KAPUAS,kabkota,2022,5.52,20.18
Kalimantan Tengah,KAPUAS,kabkota,2023,5.21,19.19
Kalimantan Tengah,KAPUAS,kabkota,2024,5.25,19.47
Kalimantan Tengah,KAPUAS,kabkota,2025,5.48,20.43
Kalimantan Tengah,KATINGAN,kabkota,2004,11.84,14.9
Kalimantan Tengah,KATINGAN,kabkota,2005,11.91,17.4
Kalimantan Tengah,KATINGAN,kabkota,2006,10.18,13.4
Kalimantan Tengah,KATINGAN,kabkota,2007,8.68,13.0
Kalimantan Tengah,KATINGAN,kabkota,2008,7.74,11.9
Kalimantan Tengah,KATINGAN,kabkota,2009,7.0,11.1
Kalimantan Tengah,KATINGAN,kabkota,2010,7.56,10.7
Kalimantan Tengah,KATINGAN,kabkota,2011,6.47,9.7
Kalimantan Tengah,KATINGAN,kabkota,2012,6.1,9.3
Kalimantan Tengah,KATINGAN,kabkota,2013,6.55,10.2
Kalimantan Tengah,KATINGAN,kabkota,2014,6.42,10.2
Kalimantan Tengah,KATINGAN,kabkota,2015,6.53,10.41
Kalimantan Tengah,KATINGAN,kabkota,2016,6.23,10.1
Kalimantan Tengah,KATINGAN,kabkota,2017,5.78,9.51
Kalimantan Tengah,KATINGAN,kabkota,2018,5.22,8.73
Kalimantan Tengah,KATINGAN,kabkota,2019,5.02,8.51
Kalimantan Tengah,KATINGAN,kabkota,2020,4.79,8.23
Kalimantan Tengah,KATINGAN,kabkota,2021,5.25,9.15
Kalimantan Tengah,KATINGAN,kabkota,2022,5.5,9.71
Kalimantan Tengah,KATINGAN,kabkota,2023,4.99,8.95
Kalimantan Tengah,KATINGAN,kabkota,2024,5.26,9.55
Kalimantan Tengah,KATINGAN,kabkota,2025,5.3,9.75
Kalimantan Tengah,KOTA PALANGKA RAYA,kabkota,2004,6.45,11.0
Kalimantan Tengah,KOTA PALANGKA RAYA,kabkota,2005,6.63,13.2
Kalimantan Tengah,KOTA PALANGKA RAYA,kabkota,2006,6.98,12.0
Kalimantan Tengah,KOTA PALANGKA RAYA,kabkota,2007,5.75,11.7
Kalimantan Tengah,KOTA PALANGKA RAYA,kabkota,2008,4.64,9.9
Kalimantan Tengah,KOTA PALANGKA RAYA,kabkota,2009,4.76,10.4
Kalimantan Tengah,KOTA PALANGKA RAYA,kabkota,2010,5.31,11.7
Kalimantan Tengah,KOTA PALANGKA RAYA,kabkota,2011,4.69,10.6
Kalimantan Tengah,KOTA PALANGKA RAYA,kabkota,2012,4.24,10.1
Kalimantan Tengah,KOTA PALANGKA RAYA,kabkota,2013,3.94,9.7
Kalimantan Tengah,KOTA PALANGKA RAYA,kabkota,2014,3.81,9.7
Kalimantan Tengah,KOTA PALANGKA RAYA,kabkota,2015,3.91,10.25
Kalimantan Tengah,KOTA PALANGKA RAYA,kabkota,2016,3.75,9.96
Kalimantan Tengah,KOTA PALANGKA RAYA,kabkota,2017,3.62,9.91
Kalimantan Tengah,KOTA PALANGKA RAYA,kabkota,2018,3.47,9.78
Kalimantan Tengah,KOTA PALANGKA RAYA,kabkota,2019,3.35,9.69
Kalimantan Tengah,KOTA PALANGKA RAYA,kabkota,2020,3.44,10.23
Kalimantan Tengah,KOTA PALANGKA RAYA,kabkota,2021,3.75,10.86
Kalimantan Tengah,KOTA PALANGKA RAYA,kabkota,2022,3.61,10.62
Kalimantan Tengah,KOTA PALANGKA RAYA,kabkota,2023,3.44,10.31
Kalimantan Tengah,KOTA PALANGKA RAYA,kabkota,2024,3.52,10.7
Kalimantan Tengah,KOTA PALANGKA RAYA,kabkota,2025,3.62,11.16
Kalimantan Tengah,KOTAWARINGIN BARAT,kabkota,2004,8.58,16.6
Kalimantan Tengah,KOTAWARINGIN BARAT,kabkota,2005,8.79,19.9
Kalimantan Tengah,KOTAWARINGIN BARAT,kabkota,2006,8.88,18.1
Kalimantan Tengah,KOTAWARINGIN BARAT,kabkota,2007,8.66,20.0
Kalimantan Tengah,KOTAWARINGIN BARAT,kabkota,2008,7.76,19.6
Kalimantan Tengah,KOTAWARINGIN BARAT,kabkota,2009,6.87,17.8
Kalimantan Tengah,KOTAWARINGIN BARAT,kabkota,2010,6.97,16.5
Kalimantan Tengah,KOTAWARINGIN BARAT,kabkota,2011,6.19,14.9
Kalimantan Tengah,KOTAWARINGIN BARAT,kabkota,2012,5.63,14.4
Kalimantan Tengah,KOTAWARINGIN BARAT,kabkota,2013,5.44,14.3
Kalimantan Tengah,KOTAWARINGIN BARAT,kabkota,2014,5.27,14.3
Kalimantan Tengah,KOTAWARINGIN BARAT,kabkota,2015,5.07,14.01
Kalimantan Tengah,KOTAWARINGIN BARAT,kabkota,2016,4.96,14.11
Kalimantan Tengah,KOTAWARINGIN BARAT,kabkota,2017,4.52,13.27
Kalimantan Tengah,KOTAWARINGIN BARAT,kabkota,2018,4.27,12.9
Kalimantan Tengah,KOTAWARINGIN BARAT,kabkota,2019,4.11,12.76
Kalimantan Tengah,KOTAWARINGIN BARAT,kabkota,2020,3.59,11.46
Kalimantan Tengah,KOTAWARINGIN BARAT,kabkota,2021,3.95,12.29
Kalimantan Tengah,KOTAWARINGIN BARAT,kabkota,2022,3.93,12.44
Kalimantan Tengah,KOTAWARINGIN BARAT,kabkota,2023,4.18,13.44
Kalimantan Tengah,KOTAWARINGIN BARAT,kabkota,2024,4.11,13.43
Kalimantan Tengah,KOTAWARINGIN BARAT,kabkota,2025,4.27,14.18
Kalimantan Tengah,KOTAWARINGIN TIMUR,kabkota,2004,12.02,34.3
Kalimantan Tengah,KOTAWARINGIN TIMUR,kabkota,2005,12.41,40.9
Kalimantan Tengah,KOTAWARINGIN TIMUR,kabkota,2006,13.74,42.1
Kalimantan Tengah,KOTAWARINGIN TIMUR,kabkota,2007,11.33,40.4
Kalimantan Tengah,KOTAWARINGIN TIMUR,kabkota,2008,10.4,38.0
Kalimantan Tengah,KOTAWARINGIN TIMUR,kabkota,2009,8.21,30.8
Kalimantan Tengah,KOTAWARINGIN TIMUR,kabkota,2010,8.36,31.4
Kalimantan Tengah,KOTAWARINGIN TIMUR,kabkota,2011,7.43,28.4
Kalimantan Tengah,KOTAWARINGIN TIMUR,kabkota,2012,6.9,27.5
Kalimantan Tengah,KOTAWARINGIN TIMUR,kabkota,2013,6.85,28.0
Kalimantan Tengah,KOTAWARINGIN TIMUR,kabkota,2014,6.67,27.9
Kalimantan Tengah,KOTAWARINGIN TIMUR,kabkota,2015,6.42,27.26
Kalimantan Tengah,KOTAWARINGIN TIMUR,kabkota,2016,6.32,27.39
Kalimantan Tengah,KOTAWARINGIN TIMUR,kabkota,2017,6.24,27.7
Kalimantan Tengah,KOTAWARINGIN TIMUR,kabkota,2018,6.21,28.2
Kalimantan Tengah,KOTAWARINGIN TIMUR,kabkota,2019,5.9,27.38
Kalimantan Tengah,KOTAWARINGIN TIMUR,kabkota,2020,5.62,26.64
Kalimantan Tengah,KOTAWARINGIN TIMUR,kabkota,2021,5.91,27.06
Kalimantan Tengah,KOTAWARINGIN TIMUR,kabkota,2022,5.95,27.56
Kalimantan Tengah,KOTAWARINGIN TIMUR,kabkota,2023,5.69,26.57
Kalimantan Tengah,KOTAWARINGIN TIMUR,kabkota,2024,5.66,26.69
Kalimantan Tengah,KOTAWARINGIN TIMUR,kabkota,2025,5.83,27.7
Kalimantan Tengah,Kalimantan Tengah,provinsi,2004,10.44,194.1
Kalimantan Tengah,Kalimantan Tengah,provinsi,2005,10.73,230.9
Kalimantan Tengah,Kalimantan Tengah,provinsi,2006,11.0,212.8
Kalimantan Tengah,Kalimantan Tengah,provinsi,2007,9.38,210.3
Kalimantan Tengah,Kalimantan Tengah,provinsi,2008,8.36,194.3
Kalimantan Tengah,Kalimantan Tengah,provinsi,2009,7.01,166.9
Kalimantan Tengah,Kalimantan Tengah,provinsi,2010,7.52,166.0
Kalimantan Tengah,Kalimantan Tengah,provinsi,2011,6.64,150.0
Kalimantan Tengah,Kalimantan Tengah,provinsi,2012,6.19,145.1
Kalimantan Tengah,Kalimantan Tengah,provinsi,2013,6.23,149.4
Kalimantan Tengah,Kalimantan Tengah,provinsi,2014,6.07,148.8
Kalimantan Tengah,Kalimantan Tengah,provinsi,2015,5.94,147.7
Kalimantan Tengah,Kalimantan Tengah,provinsi,2016,5.66,143.49
Kalimantan Tengah,Kalimantan Tengah,provinsi,2017,5.37,139.16
Kalimantan Tengah,Kalimantan Tengah,provinsi,2018,5.17,136.93
Kalimantan Tengah,Kalimantan Tengah,provinsi,2019,4.98,134.59
Kalimantan Tengah,Kalimantan Tengah,provinsi,2020,4.82,132.94
Kalimantan Tengah,Kalimantan Tengah,provinsi,2021,5.16,140.04
Kalimantan Tengah,Kalimantan Tengah,provinsi,2022,5.28,145.1
Kalimantan Tengah,Kalimantan Tengah,provinsi,2023,5.11,142.17
Kalimantan Tengah,Kalimantan Tengah,provinsi,2024,5.17,145.63
Kalimantan Tengah,Kalimantan Tengah,provinsi,2025,5.19,147.8
Kalimantan Tengah,LAMANDAU,kabkota,2004,9.33,4.5
Kalimantan Tengah,LAMANDAU,kabkota,2005,9.6,5.4
Kalimantan Tengah,LAMANDAU,kabkota,2006,10.08,4.9
Kalimantan Tengah,LAMANDAU,kabkota,2007,7.76,4.8
Kalimantan Tengah,LAMANDAU,kabkota,2008,6.97,4.6
Kalimantan Tengah,LAMANDAU,kabkota,2009,5.57,3.8
Kalimantan Tengah,LAMANDAU,kabkota,2010,5.81,3.7
Kalimantan Tengah,LAMANDAU,kabkota,2011,5.18,3.3
Kalimantan Tengah,LAMANDAU,kabkota,2012,4.66,3.2
Kalimantan Tengah,LAMANDAU,kabkota,2013,4.87,3.4
Kalimantan Tengah,LAMANDAU,kabkota,2014,4.66,3.4
Kalimantan Tengah,LAMANDAU,kabkota,2015,3.95,2.9
Kalimantan Tengah,LAMANDAU,kabkota,2016,3.8,2.88
Kalimantan Tengah,LAMANDAU,kabkota,2017,3.52,2.74
Kalimantan Tengah,LAMANDAU,kabkota,2018,3.15,2.52
Kalimantan Tengah,LAMANDAU,kabkota,2019,3.01,2.47
Kalimantan Tengah,LAMANDAU,kabkota,2020,3.09,2.61
Kalimantan Tengah,LAMANDAU,kabkota,2021,3.56,2.92
Kalimantan Tengah,LAMANDAU,kabkota,2022,3.34,2.78
Kalimantan Tengah,LAMANDAU,kabkota,2023,3.12,2.63
Kalimantan Tengah,LAMANDAU,kabkota,2024,3.25,2.79
Kalimantan Tengah,LAMANDAU,kabkota,2025,3.33,2.89
Kalimantan Tengah,MURUNG RAYA,kabkota,2004,9.87,8.2
Kalimantan Tengah,MURUNG RAYA,kabkota,2005,10.24,9.8
Kalimantan Tengah,MURUNG RAYA,kabkota,2006,11.04,8.9
Kalimantan Tengah,MURUNG RAYA,kabkota,2007,8.91,8.7
Kalimantan Tengah,MURUNG RAYA,kabkota,2008,7.95,8.0
Kalimantan Tengah,MURUNG RAYA,kabkota,2009,6.94,7.2
Kalimantan Tengah,MURUNG RAYA,kabkota,2010,7.05,6.9
Kalimantan Tengah,MURUNG RAYA,kabkota,2011,6.3,6.2
Kalimantan Tengah,MURUNG RAYA,kabkota,2012,5.78,6.0
Kalimantan Tengah,MURUNG RAYA,kabkota,2013,6.44,6.8
Kalimantan Tengah,MURUNG RAYA,kabkota,2014,6.24,6.8
Kalimantan Tengah,MURUNG RAYA,kabkota,2015,6.57,7.2
Kalimantan Tengah,MURUNG RAYA,kabkota,2016,6.32,7.1
Kalimantan Tengah,MURUNG RAYA,kabkota,2017,5.88,6.75
Kalimantan Tengah,MURUNG RAYA,kabkota,2018,6.28,7.39
Kalimantan Tengah,MURUNG RAYA,kabkota,2019,6.0,7.21
Kalimantan Tengah,MURUNG RAYA,kabkota,2020,5.85,7.18
Kalimantan Tengah,MURUNG RAYA,kabkota,2021,6.15,7.31
Kalimantan Tengah,MURUNG RAYA,kabkota,2022,6.4,7.69
Kalimantan Tengah,MURUNG RAYA,kabkota,2023,6.44,7.81
Kalimantan Tengah,MURUNG RAYA,kabkota,2024,6.58,8.05
Kalimantan Tengah,MURUNG RAYA,kabkota,2025,6.19,7.64
Kalimantan Tengah,PULANG PISAU,kabkota,2004,10.04,11.5
Kalimantan Tengah,PULANG PISAU,kabkota,2005,10.41,13.8
Kalimantan Tengah,PULANG PISAU,kabkota,2006,10.86,12.6
Kalimantan Tengah,PULANG PISAU,kabkota,2007,9.18,12.0
Kalimantan Tengah,PULANG PISAU,kabkota,2008,8.2,11.1
Kalimantan Tengah,PULANG PISAU,kabkota,2009,6.23,8.7
Kalimantan Tengah,PULANG PISAU,kabkota,2010,6.18,7.4
Kalimantan Tengah,PULANG PISAU,kabkota,2011,5.45,6.7
Kalimantan Tengah,PULANG PISAU,kabkota,2012,5.24,6.4
Kalimantan Tengah,PULANG PISAU,kabkota,2013,5.45,6.7
Kalimantan Tengah,PULANG PISAU,kabkota,2014,5.35,6.7
Kalimantan Tengah,PULANG PISAU,kabkota,2015,5.65,7.04
Kalimantan Tengah,PULANG PISAU,kabkota,2016,5.49,6.88
Kalimantan Tengah,PULANG PISAU,kabkota,2017,5.19,6.54
Kalimantan Tengah,PULANG PISAU,kabkota,2018,4.51,5.71
Kalimantan Tengah,PULANG PISAU,kabkota,2019,4.24,5.39
Kalimantan Tengah,PULANG PISAU,kabkota,2020,4.09,5.21
Kalimantan Tengah,PULANG PISAU,kabkota,2021,4.24,5.43
Kalimantan Tengah,PULANG PISAU,kabkota,2022,4.7,6.04
Kalimantan Tengah,PULANG PISAU,kabkota,2023,4.58,5.92
Kalimantan Tengah,PULANG PISAU,kabkota,2024,4.56,5.91
Kalimantan Tengah,PULANG PISAU,kabkota,2025,4.79,6.23
Kalimantan Tengah,SERUYAN,kabkota,2004,12.85,11.7
Kalimantan Tengah,SERUYAN,kabkota,2005,13.28,14.0
Kalimantan Tengah,SERUYAN,kabkota,2006,13.47,12.8
Kalimantan Tengah,SERUYAN,kabkota,2007,11.25,13.4
Kalimantan Tengah,SERUYAN,kabkota,2008,10.21,13.0
Kalimantan Tengah,SERUYAN,kabkota,2009,8.84,11.5
Kalimantan Tengah,SERUYAN,kabkota,2010,9.98,14.0
Kalimantan Tengah,SERUYAN,kabkota,2011,8.82,12.7
Kalimantan Tengah,SERUYAN,kabkota,2012,7.91,12.3
Kalimantan Tengah,SERUYAN,kabkota,2013,8.77,14.2
Kalimantan Tengah,SERUYAN,kabkota,2014,8.39,14.2
Kalimantan Tengah,SERUYAN,kabkota,2015,8.5,14.92
Kalimantan Tengah,SERUYAN,kabkota,2016,8.08,14.57
Kalimantan Tengah,SERUYAN,kabkota,2017,7.46,14.04
Kalimantan Tengah,SERUYAN,kabkota,2018,7.43,14.56
Kalimantan Tengah,SERUYAN,kabkota,2019,7.19,14.66
Kalimantan Tengah,SERUYAN,kabkota,2020,6.85,14.53
Kalimantan Tengah,SERUYAN,kabkota,2021,7.22,15.07
Kalimantan Tengah,SERUYAN,kabkota,2022,7.43,15.96
Kalimantan Tengah,SERUYAN,kabkota,2023,7.12,15.71
Kalimantan Tengah,SERUYAN,kabkota,2024,7.08,16.06
Kalimantan Tengah,SERUYAN,kabkota,2025,6.72,15.64
Kalimantan Tengah,SUKAMARA,kabkota,2004,10.42,3.5
Kalimantan Tengah,SUKAMARA,kabkota,2005,10.49,4.2
Kalimantan Tengah,SUKAMARA,kabkota,2006,11.28,3.8
Kalimantan Tengah,SUKAMARA,kabkota,2007,9.0,3.7
Kalimantan Tengah,SUKAMARA,kabkota,2008,7.92,3.4
Kalimantan Tengah,SUKAMARA,kabkota,2009,5.91,2.6
Kalimantan Tengah,SUKAMARA,kabkota,2010,6.63,3.0
Kalimantan Tengah,SUKAMARA,kabkota,2011,5.9,2.7
Kalimantan Tengah,SUKAMARA,kabkota,2012,5.36,2.7
Kalimantan Tengah,SUKAMARA,kabkota,2013,4.56,2.4
Kalimantan Tengah,SUKAMARA,kabkota,2014,4.29,2.3
Kalimantan Tengah,SUKAMARA,kabkota,2015,4.32,2.37
Kalimantan Tengah,SUKAMARA,kabkota,2016,3.73,2.12
Kalimantan Tengah,SUKAMARA,kabkota,2017,3.36,1.99
Kalimantan Tengah,SUKAMARA,kabkota,2018,3.19,1.96
Kalimantan Tengah,SUKAMARA,kabkota,2019,3.16,2.01
Kalimantan Tengah,SUKAMARA,kabkota,2020,3.23,2.13
Kalimantan Tengah,SUKAMARA,kabkota,2021,3.66,2.38
Kalimantan Tengah,SUKAMARA,kabkota,2022,3.72,2.48
Kalimantan Tengah,SUKAMARA,kabkota,2023,3.96,2.71
Kalimantan Tengah,SUKAMARA,kabkota,2024,4.14,2.9
Kalimantan Tengah,SUKAMARA,kabkota,2025,4.02,2.87
Kalimantan Timur,BERAU,kabkota,2004,8.41,11.9
Kalimantan Timur,BERAU,kabkota,2005,7.44,11.3
Kalimantan Timur,BERAU,kabkota,2006,9.33,14.6
Kalimantan Timur,BERAU,kabkota,2007,9.27,14.6
Kalimantan Timur,BERAU,kabkota,2008,5.81,9.6
Kalimantan Timur,BERAU,kabkota,2009,5.9,10.1
Kalimantan Timur,BERAU,kabkota,2010,6.6,11.9
Kalimantan Timur,BERAU,kabkota,2011,5.46,10.3
Kalimantan Timur,BERAU,kabkota,2012,5.25,10.2
Kalimantan Timur,BERAU,kabkota,2013,4.83,9.7
Kalimantan Timur,BERAU,kabkota,2014,4.76,9.8
Kalimantan Timur,BERAU,kabkota,2015,5.33,11.21
Kalimantan Timur,BERAU,kabkota,2016,5.37,11.47
Kalimantan Timur,BERAU,kabkota,2017,5.41,11.86
Kalimantan Timur,BERAU,kabkota,2018,5.04,11.33
Kalimantan Timur,BERAU,kabkota,2019,5.04,11.62
Kalimantan Timur,BERAU,kabkota,2020,5.19,12.3
Kalimantan Timur,BERAU,kabkota,2021,5.88,13.62
Kalimantan Timur,BERAU,kabkota,2022,5.65,13.31
Kalimantan Timur,BERAU,kabkota,2023,5.54,13.26
Kalimantan Timur,BERAU,kabkota,2024,5.08,12.35
Kalimantan Timur,BERAU,kabkota,2025,4.44,10.96
Kalimantan Timur,KOTA BALIKPAPAN,kabkota,2004,3.97,17.1
Kalimantan Timur,KOTA BALIKPAPAN,kabkota,2005,3.96,17.3
Kalimantan Timur,KOTA BALIKPAPAN,kabkota,2006,3.69,18.0
Kalimantan Timur,KOTA BALIKPAPAN,kabkota,2007,3.74,18.3
Kalimantan Timur,KOTA BALIKPAPAN,kabkota,2008,3.49,17.6
Kalimantan Timur,KOTA BALIKPAPAN,kabkota,2009,3.58,18.4
Kalimantan Timur,KOTA BALIKPAPAN,kabkota,2010,4.07,22.9
Kalimantan Timur,KOTA BALIKPAPAN,kabkota,2011,3.39,19.8
Kalimantan Timur,KOTA BALIKPAPAN,kabkota,2012,3.31,19.5
Kalimantan Timur,KOTA BALIKPAPAN,kabkota,2013,2.48,14.9
Kalimantan Timur,KOTA BALIKPAPAN,kabkota,2014,2.46,15.0
Kalimantan Timur,KOTA BALIKPAPAN,kabkota,2015,2.91,17.89
Kalimantan Timur,KOTA BALIKPAPAN,kabkota,2016,2.81,17.55
Kalimantan Timur,KOTA BALIKPAPAN,kabkota,2017,2.82,17.86
Kalimantan Timur,KOTA BALIKPAPAN,kabkota,2018,2.64,17.01
Kalimantan Timur,KOTA BALIKPAPAN,kabkota,2019,2.42,15.78
Kalimantan Timur,KOTA BALIKPAPAN,kabkota,2020,2.57,17.02
Kalimantan Timur,KOTA BALIKPAPAN,kabkota,2021,2.89,18.53
Kalimantan Timur,KOTA BALIKPAPAN,kabkota,2022,2.45,15.83
Kalimantan Timur,KOTA BALIKPAPAN,kabkota,2023,2.31,14.99
Kalimantan Timur,KOTA BALIKPAPAN,kabkota,2024,2.23,14.53
Kalimantan Timur,KOTA BALIKPAPAN,kabkota,2025,1.97,12.88
Kalimantan Timur,KOTA BONTANG,kabkota,2004,6.81,7.9
Kalimantan Timur,KOTA BONTANG,kabkota,2005,6.23,7.6
Kalimantan Timur,KOTA BONTANG,kabkota,2006,7.86,9.9
Kalimantan Timur,KOTA BONTANG,kabkota,2007,7.87,9.8
Kalimantan Timur,KOTA BONTANG,kabkota,2008,7.26,9.5
Kalimantan Timur,KOTA BONTANG,kabkota,2009,6.66,9.0
Kalimantan Timur,KOTA BONTANG,kabkota,2010,6.67,9.4
Kalimantan Timur,KOTA BONTANG,kabkota,2011,5.4,8.1
Kalimantan Timur,KOTA BONTANG,kabkota,2012,5.21,8.0
Kalimantan Timur,KOTA BONTANG,kabkota,2013,5.16,8.2
Kalimantan Timur,KOTA BONTANG,kabkota,2014,5.1,8.2
Kalimantan Timur,KOTA BONTANG,kabkota,2015,5.06,8.02
Kalimantan Timur,KOTA BONTANG,kabkota,2016,5.18,8.6
Kalimantan Timur,KOTA BONTANG,kabkota,2017,5.16,8.75
Kalimantan Timur,KOTA BONTANG,kabkota,2018,4.67,8.1
Kalimantan Timur,KOTA BONTANG,kabkota,2019,4.22,7.47
Kalimantan Timur,KOTA BONTANG,kabkota,2020,4.38,7.91
Kalimantan Timur,KOTA BONTANG,kabkota,2021,4.62,8.41
Kalimantan Timur,KOTA BONTANG,kabkota,2022,4.54,8.39
Kalimantan Timur,KOTA BONTANG,kabkota,2023,4.11,7.71
Kalimantan Timur,KOTA BONTANG,kabkota,2024,3.74,7.11
Kalimantan Timur,KOTA BONTANG,kabkota,2025,3.21,6.18
Kalimantan Timur,KOTA SAMARINDA,kabkota,2004,7.9,44.9
Kalimantan Timur,KOTA SAMARINDA,kabkota,2005,5.78,33.6
Kalimantan Timur,KOTA SAMARINDA,kabkota,2006,6.05,35.6
Kalimantan Timur,KOTA SAMARINDA,kabkota,2007,6.6,38.2
Kalimantan Timur,KOTA SAMARINDA,kabkota,2008,4.67,27.7
Kalimantan Timur,KOTA SAMARINDA,kabkota,2009,4.84,29.0
Kalimantan Timur,KOTA SAMARINDA,kabkota,2010,5.21,38.0
Kalimantan Timur,KOTA SAMARINDA,kabkota,2011,4.31,32.9
Kalimantan Timur,KOTA SAMARINDA,kabkota,2012,4.19,32.4
Kalimantan Timur,KOTA SAMARINDA,kabkota,2013,4.63,36.6
Kalimantan Timur,KOTA SAMARINDA,kabkota,2014,4.56,36.6
Kalimantan Timur,KOTA SAMARINDA,kabkota,2015,4.82,39.25
Kalimantan Timur,KOTA SAMARINDA,kabkota,2016,4.72,38.95
Kalimantan Timur,KOTA SAMARINDA,kabkota,2017,4.77,40.01
Kalimantan Timur,KOTA SAMARINDA,kabkota,2018,4.59,39.23
Kalimantan Timur,KOTA SAMARINDA,kabkota,2019,4.59,39.8
Kalimantan Timur,KOTA SAMARINDA,kabkota,2020,4.76,41.92
Kalimantan Timur,KOTA SAMARINDA,kabkota,2021,4.99,42.84
Kalimantan Timur,KOTA SAMARINDA,kabkota,2022,4.85,41.95
Kalimantan Timur,KOTA SAMARINDA,kabkota,2023,4.81,41.89
Kalimantan Timur,KOTA SAMARINDA,kabkota,2024,4.3,37.8
Kalimantan Timur,KOTA SAMARINDA,kabkota,2025,3.45,30.45
Kalimantan Timur,KUTAI BARAT,kabkota,2004,13.63,19.9
Kalimantan Timur,KUTAI BARAT,kabkota,2005,13.25,20.1
Kalimantan Timur,KUTAI BARAT,kabkota,2006,14.81,22.9
Kalimantan Timur,KUTAI BARAT,kabkota,2007,14.04,21.5
Kalimantan Timur,KUTAI BARAT,kabkota,2008,10.6,16.7
Kalimantan Timur,KUTAI BARAT,kabkota,2009,8.97,14.3
Kalimantan Timur,KUTAI BARAT,kabkota,2010,9.9,16.5
Kalimantan Timur,KUTAI BARAT,kabkota,2011,8.25,14.3
Kalimantan Timur,KUTAI BARAT,kabkota,2012,8.3,14.1
Kalimantan Timur,KUTAI BARAT,kabkota,2013,7.7,13.2
Kalimantan Timur,KUTAI BARAT,kabkota,2014,7.53,12.9
Kalimantan Timur,KUTAI BARAT,kabkota,2015,8.33,12.12
Kalimantan Timur,KUTAI BARAT,kabkota,2016,8.65,12.65
Kalimantan Timur,KUTAI BARAT,kabkota,2017,8.72,12.8
Kalimantan Timur,KUTAI BARAT,kabkota,2018,9.15,13.49
Kalimantan Timur,KUTAI BARAT,kabkota,2019,9.09,13.45
Kalimantan Timur,KUTAI BARAT,kabkota,2020,9.29,13.78
Kalimantan Timur,KUTAI BARAT,kabkota,2021,10.24,15.38
Kalimantan Timur,KUTAI BARAT,kabkota,2022,10.2,15.38
Kalimantan Timur,KUTAI BARAT,kabkota,2023,9.72,14.69
Kalimantan Timur,KUTAI BARAT,kabkota,2024,9.56,14.49
Kalimantan Timur,KUTAI BARAT,kabkota,2025,8.72,13.24
Kalimantan Timur,KUTAI KARTANEGARA,kabkota,2004,15.07,73.3
Kalimantan Timur,KUTAI KARTANEGARA,kabkota,2005,14.72,73.0
Kalimantan Timur,KUTAI KARTANEGARA,kabkota,2006,14.44,73.0
Kalimantan Timur,KUTAI KARTANEGARA,kabkota,2007,12.59,63.5
Kalimantan Timur,KUTAI KARTANEGARA,kabkota,2008,9.29,48.2
Kalimantan Timur,KUTAI KARTANEGARA,kabkota,2009,8.03,42.5
Kalimantan Timur,KUTAI KARTANEGARA,kabkota,2010,8.68,54.7
Kalimantan Timur,KUTAI KARTANEGARA,kabkota,2011,7.21,47.3
Kalimantan Timur,KUTAI KARTANEGARA,kabkota,2012,6.95,46.8
Kalimantan Timur,KUTAI KARTANEGARA,kabkota,2013,7.52,52.1
Kalimantan Timur,KUTAI KARTANEGARA,kabkota,2014,7.43,52.5
Kalimantan Timur,KUTAI KARTANEGARA,kabkota,2015,7.99,56.99
Kalimantan Timur,KUTAI KARTANEGARA,kabkota,2016,7.63,55.82
Kalimantan Timur,KUTAI KARTANEGARA,kabkota,2017,7.57,56.57
Kalimantan Timur,KUTAI KARTANEGARA,kabkota,2018,7.41,56.56
Kalimantan Timur,KUTAI KARTANEGARA,kabkota,2019,7.2,56.34
Kalimantan Timur,KUTAI KARTANEGARA,kabkota,2020,7.31,58.42
Kalimantan Timur,KUTAI KARTANEGARA,kabkota,2021,7.99,62.36
Kalimantan Timur,KUTAI KARTANEGARA,kabkota,2022,7.96,62.87
Kalimantan Timur,KUTAI KARTANEGARA,kabkota,2023,7.61,60.86
Kalimantan Timur,KUTAI KARTANEGARA,kabkota,2024,7.28,59.0
Kalimantan Timur,KUTAI KARTANEGARA,kabkota,2025,6.72,54.99
Kalimantan Timur,KUTAI TIMUR,kabkota,2004,16.52,27.9
Kalimantan Timur,KUTAI TIMUR,kabkota,2005,15.08,26.6
Kalimantan Timur,KUTAI TIMUR,kabkota,2006,17.66,31.8
Kalimantan Timur,KUTAI TIMUR,kabkota,2007,17.51,31.7
Kalimantan Timur,KUTAI TIMUR,kabkota,2008,13.2,24.8
Kalimantan Timur,KUTAI TIMUR,kabkota,2009,11.88,22.9
Kalimantan Timur,KUTAI TIMUR,kabkota,2010,11.38,29.2
Kalimantan Timur,KUTAI TIMUR,kabkota,2011,9.43,25.3
Kalimantan Timur,KUTAI TIMUR,kabkota,2012,8.79,25.2
Kalimantan Timur,KUTAI TIMUR,kabkota,2013,9.06,27.2
Kalimantan Timur,KUTAI TIMUR,kabkota,2014,9.1,28.3
Kalimantan Timur,KUTAI TIMUR,kabkota,2015,9.31,29.57
Kalimantan Timur,KUTAI TIMUR,kabkota,2016,9.16,30.17
Kalimantan Timur,KUTAI TIMUR,kabkota,2017,9.29,31.95
Kalimantan Timur,KUTAI TIMUR,kabkota,2018,9.22,33.02
Kalimantan Timur,KUTAI TIMUR,kabkota,2019,9.48,35.31
Kalimantan Timur,KUTAI TIMUR,kabkota,2020,9.55,36.98
Kalimantan Timur,KUTAI TIMUR,kabkota,2021,9.81,37.78
Kalimantan Timur,KUTAI TIMUR,kabkota,2022,9.28,36.84
Kalimantan Timur,KUTAI TIMUR,kabkota,2023,9.06,37.04
Kalimantan Timur,KUTAI TIMUR,kabkota,2024,8.81,37.11
Kalimantan Timur,KUTAI TIMUR,kabkota,2025,8.07,34.91
Kalimantan Timur,Kalimantan Timur,provinsi,2004,11.57,249.1
Kalimantan Timur,Kalimantan Timur,provinsi,2005,10.57,233.5
Kalimantan Timur,Kalimantan Timur,provinsi,2006,11.41,256.4
Kalimantan Timur,Kalimantan Timur,provinsi,2007,11.04,247.0
Kalimantan Timur,Kalimantan Timur,provinsi,2008,8.53,189.9
Kalimantan Timur,Kalimantan Timur,provinsi,2009,7.86,178.9
Kalimantan Timur,Kalimantan Timur,provinsi,2010,8.0,219.7
Kalimantan Timur,Kalimantan Timur,provinsi,2011,6.63,190.1
Kalimantan Timur,Kalimantan Timur,provinsi,2012,6.38,187.9
Kalimantan Timur,Kalimantan Timur,provinsi,2013,6.38,193.7
Kalimantan Timur,Kalimantan Timur,provinsi,2014,6.31,195.3
Kalimantan Timur,Kalimantan Timur,provinsi,2015,6.23,212.89
Kalimantan Timur,Kalimantan Timur,provinsi,2016,6.11,212.92
Kalimantan Timur,Kalimantan Timur,provinsi,2017,6.19,220.17
Kalimantan Timur,Kalimantan Timur,provinsi,2018,6.03,218.9
Kalimantan Timur,Kalimantan Timur,provinsi,2019,5.94,219.92
Kalimantan Timur,Kalimantan Timur,provinsi,2020,6.1,230.27
Kalimantan Timur,Kalimantan Timur,provinsi,2021,6.54,241.77
Kalimantan Timur,Kalimantan Timur,provinsi,2022,6.31,236.25
Kalimantan Timur,Kalimantan Timur,provinsi,2023,6.11,231.08
Kalimantan Timur,Kalimantan Timur,provinsi,2024,5.78,221.34
Kalimantan Timur,Kalimantan Timur,provinsi,2025,5.17,199.71
Kalimantan Timur,MAHAKAM ULU,kabkota,2004,,
Kalimantan Timur,MAHAKAM ULU,kabkota,2005,,
Kalimantan Timur,MAHAKAM ULU,kabkota,2006,,
Kalimantan Timur,MAHAKAM ULU,kabkota,2007,,
Kalimantan Timur,MAHAKAM ULU,kabkota,2008,,
Kalimantan Timur,MAHAKAM ULU,kabkota,2009,,
Kalimantan Timur,MAHAKAM ULU,kabkota,2010,,
Kalimantan Timur,MAHAKAM ULU,kabkota,2011,,
Kalimantan Timur,MAHAKAM ULU,kabkota,2012,,
Kalimantan Timur,MAHAKAM ULU,kabkota,2013,,
Kalimantan Timur,MAHAKAM ULU,kabkota,2014,,
Kalimantan Timur,MAHAKAM ULU,kabkota,2015,10.5,2.83
Kalimantan Timur,MAHAKAM ULU,kabkota,2016,10.65,2.88
Kalimantan Timur,MAHAKAM ULU,kabkota,2017,11.29,3.07
Kalimantan Timur,MAHAKAM ULU,kabkota,2018,11.62,3.25
Kalimantan Timur,MAHAKAM ULU,kabkota,2019,11.25,3.19
Kalimantan Timur,MAHAKAM ULU,kabkota,2020,11.44,3.26
Kalimantan Timur,MAHAKAM ULU,kabkota,2021,11.9,3.18
Kalimantan Timur,MAHAKAM ULU,kabkota,2022,11.55,3.1
Kalimantan Timur,MAHAKAM ULU,kabkota,2023,11.38,3.06
Kalimantan Timur,MAHAKAM ULU,kabkota,2024,10.75,2.9
Kalimantan Timur,MAHAKAM ULU,kabkota,2025,10.09,2.73
Kalimantan Timur,PASER,kabkota,2004,15.79,27.2
Kalimantan Timur,PASER,kabkota,2005,14.74,25.9
Kalimantan Timur,PASER,kabkota,2006,16.39,29.2
Kalimantan Timur,PASER,kabkota,2007,16.0,28.0
Kalimantan Timur,PASER,kabkota,2008,10.97,19.7
Kalimantan Timur,PASER,kabkota,2009,10.11,18.4
Kalimantan Timur,PASER,kabkota,2010,9.48,22.1
Kalimantan Timur,PASER,kabkota,2011,7.91,19.1
Kalimantan Timur,PASER,kabkota,2012,7.65,18.9
Kalimantan Timur,PASER,kabkota,2013,7.94,20.1
Kalimantan Timur,PASER,kabkota,2014,7.87,20.3
Kalimantan Timur,PASER,kabkota,2015,8.76,22.82
Kalimantan Timur,PASER,kabkota,2016,8.68,23.17
Kalimantan Timur,PASER,kabkota,2017,9.28,25.3
Kalimantan Timur,PASER,kabkota,2018,9.03,25.14
Kalimantan Timur,PASER,kabkota,2019,8.95,25.45
Kalimantan Timur,PASER,kabkota,2020,9.23,26.77
Kalimantan Timur,PASER,kabkota,2021,9.73,27.56
Kalimantan Timur,PASER,kabkota,2022,9.43,27.02
Kalimantan Timur,PASER,kabkota,2023,9.11,26.39
Kalimantan Timur,PASER,kabkota,2024,8.63,25.28
Kalimantan Timur,PASER,kabkota,2025,8.13,24.05
Kalimantan Timur,PENAJAM PASER UTARA,kabkota,2004,16.09,19.0
Kalimantan Timur,PENAJAM PASER UTARA,kabkota,2005,14.96,18.1
Kalimantan Timur,PENAJAM PASER UTARA,kabkota,2006,17.47,21.4
Kalimantan Timur,PENAJAM PASER UTARA,kabkota,2007,17.59,21.4
Kalimantan Timur,PENAJAM PASER UTARA,kabkota,2008,12.99,16.1
Kalimantan Timur,PENAJAM PASER UTARA,kabkota,2009,11.38,14.3
Kalimantan Timur,PENAJAM PASER UTARA,kabkota,2010,10.46,15.0
Kalimantan Timur,PENAJAM PASER UTARA,kabkota,2011,8.67,13.0
Kalimantan Timur,PENAJAM PASER UTARA,kabkota,2012,8.59,12.8
Kalimantan Timur,PENAJAM PASER UTARA,kabkota,2013,7.7,11.7
Kalimantan Timur,PENAJAM PASER UTARA,kabkota,2014,7.56,11.6
Kalimantan Timur,PENAJAM PASER UTARA,kabkota,2015,7.92,12.17
Kalimantan Timur,PENAJAM PASER UTARA,kabkota,2016,7.49,11.66
Kalimantan Timur,PENAJAM PASER UTARA,kabkota,2017,7.63,12.0
Kalimantan Timur,PENAJAM PASER UTARA,kabkota,2018,7.4,11.76
Kalimantan Timur,PENAJAM PASER UTARA,kabkota,2019,7.18,11.52
Kalimantan Timur,PENAJAM PASER UTARA,kabkota,2020,7.36,11.93
Kalimantan Timur,PENAJAM PASER UTARA,kabkota,2021,7.61,12.13
Kalimantan Timur,PENAJAM PASER UTARA,kabkota,2022,7.25,11.59
Kalimantan Timur,PENAJAM PASER UTARA,kabkota,2023,6.97,11.19
Kalimantan Timur,PENAJAM PASER UTARA,kabkota,2024,6.69,10.78
Kalimantan Timur,PENAJAM PASER UTARA,kabkota,2025,5.78,9.34
Kalimantan Utara,BULUNGAN,kabkota,2004,22.19,21.3
Kalimantan Utara,BULUNGAN,kabkota,2005,20.52,20.3
Kalimantan Utara,BULUNGAN,kabkota,2006,22.76,24.0
Kalimantan Utara,BULUNGAN,kabkota,2007,22.31,24.0
Kalimantan Utara,BULUNGAN,kabkota,2008,17.14,19.3
Kalimantan Utara,BULUNGAN,kabkota,2009,15.96,16.5
Kalimantan Utara,BULUNGAN,kabkota,2010,14.57,16.6
Kalimantan Utara,BULUNGAN,kabkota,2011,12.14,14.4
Kalimantan Utara,BULUNGAN,kabkota,2012,11.76,13.7
Kalimantan Utara,BULUNGAN,kabkota,2013,12.04,14.2
Kalimantan Utara,BULUNGAN,kabkota,2014,11.87,15.1
Kalimantan Utara,BULUNGAN,kabkota,2015,8.5,10.93
Kalimantan Utara,BULUNGAN,kabkota,2016,8.99,11.85
Kalimantan Utara,BULUNGAN,kabkota,2017,9.93,13.4
Kalimantan Utara,BULUNGAN,kabkota,2018,9.44,13.03
Kalimantan Utara,BULUNGAN,kabkota,2019,8.78,12.4
Kalimantan Utara,BULUNGAN,kabkota,2020,9.06,13.08
Kalimantan Utara,BULUNGAN,kabkota,2021,10.03,13.48
Kalimantan Utara,BULUNGAN,kabkota,2022,9.32,12.58
Kalimantan Utara,BULUNGAN,kabkota,2023,8.99,12.19
Kalimantan Utara,BULUNGAN,kabkota,2024,8.76,11.95
Kalimantan Utara,BULUNGAN,kabkota,2025,7.26,9.92
Kalimantan Utara,KOTA TARAKAN,kabkota,2004,9.11,13.9
Kalimantan Utara,KOTA TARAKAN,kabkota,2005,8.33,13.2
Kalimantan Utara,KOTA TARAKAN,kabkota,2006,10.07,16.8
Kalimantan Utara,KOTA TARAKAN,kabkota,2007,9.54,16.3
Kalimantan Utara,KOTA TARAKAN,kabkota,2008,10.99,19.9
Kalimantan Utara,KOTA TARAKAN,kabkota,2009,9.65,18.4
Kalimantan Utara,KOTA TARAKAN,kabkota,2010,10.23,19.9
Kalimantan Utara,KOTA TARAKAN,kabkota,2011,8.41,17.2
Kalimantan Utara,KOTA TARAKAN,kabkota,2012,7.97,16.4
Kalimantan Utara,KOTA TARAKAN,kabkota,2013,7.9,16.7
Kalimantan Utara,KOTA TARAKAN,kabkota,2014,7.68,17.7
Kalimantan Utara,KOTA TARAKAN,kabkota,2015,5.11,11.91
Kalimantan Utara,KOTA TARAKAN,kabkota,2016,5.17,12.52
Kalimantan Utara,KOTA TARAKAN,kabkota,2017,6.32,15.84
Kalimantan Utara,KOTA TARAKAN,kabkota,2018,6.15,15.97
Kalimantan Utara,KOTA TARAKAN,kabkota,2019,6.0,16.11
Kalimantan Utara,KOTA TARAKAN,kabkota,2020,6.24,17.33
Kalimantan Utara,KOTA TARAKAN,kabkota,2021,6.71,17.57
Kalimantan Utara,KOTA TARAKAN,kabkota,2022,6.3,16.75
Kalimantan Utara,KOTA TARAKAN,kabkota,2023,6.1,16.49
Kalimantan Utara,KOTA TARAKAN,kabkota,2024,5.56,15.32
Kalimantan Utara,KOTA TARAKAN,kabkota,2025,5.03,14.01
Kalimantan Utara,Kalimantan Utara,provinsi,2004,11.57,69.2
Kalimantan Utara,Kalimantan Utara,provinsi,2005,10.57,65.6
Kalimantan Utara,Kalimantan Utara,provinsi,2006,11.41,79.1
Kalimantan Utara,Kalimantan Utara,provinsi,2007,11.04,77.8
Kalimantan Utara,Kalimantan Utara,provinsi,2008,8.53,69.6
Kalimantan Utara,Kalimantan Utara,provinsi,2009,7.86,66.1
Kalimantan Utara,Kalimantan Utara,provinsi,2010,8.0,65.9
Kalimantan Utara,Kalimantan Utara,provinsi,2011,6.63,57.0
Kalimantan Utara,Kalimantan Utara,provinsi,2012,6.38,54.4
Kalimantan Utara,Kalimantan Utara,provinsi,2013,6.38,55.0
Kalimantan Utara,Kalimantan Utara,provinsi,2014,6.31,57.4
Kalimantan Utara,Kalimantan Utara,provinsi,2015,6.24,39.69
Kalimantan Utara,Kalimantan Utara,provinsi,2016,6.23,41.12
Kalimantan Utara,Kalimantan Utara,provinsi,2017,7.22,49.47
Kalimantan Utara,Kalimantan Utara,provinsi,2018,7.09,50.35
Kalimantan Utara,Kalimantan Utara,provinsi,2019,6.63,48.78
Kalimantan Utara,Kalimantan Utara,provinsi,2020,6.8,51.79
Kalimantan Utara,Kalimantan Utara,provinsi,2021,7.36,52.86
Kalimantan Utara,Kalimantan Utara,provinsi,2022,6.77,49.46
Kalimantan Utara,Kalimantan Utara,provinsi,2023,6.45,47.97
Kalimantan Utara,Kalimantan Utara,provinsi,2024,6.32,47.83
Kalimantan Utara,Kalimantan Utara,provinsi,2025,5.54,42.57
Kalimantan Utara,MALINAU,kabkota,2004,23.88,11.3
Kalimantan Utara,MALINAU,kabkota,2005,22.54,10.8
Kalimantan Utara,MALINAU,kabkota,2006,24.57,12.9
Kalimantan Utara,MALINAU,kabkota,2007,23.6,12.9
Kalimantan Utara,MALINAU,kabkota,2008,18.24,10.7
Kalimantan Utara,MALINAU,kabkota,2009,16.55,10.3
Kalimantan Utara,MALINAU,kabkota,2010,15.29,9.6
Kalimantan Utara,MALINAU,kabkota,2011,12.67,8.3
Kalimantan Utara,MALINAU,kabkota,2012,11.71,7.9
Kalimantan Utara,MALINAU,kabkota,2013,10.48,7.2
Kalimantan Utara,MALINAU,kabkota,2014,10.12,7.6
Kalimantan Utara,MALINAU,kabkota,2015,7.26,5.63
Kalimantan Utara,MALINAU,kabkota,2016,7.15,5.71
Kalimantan Utara,MALINAU,kabkota,2017,8.06,6.69
Kalimantan Utara,MALINAU,kabkota,2018,7.68,6.63
Kalimantan Utara,MALINAU,kabkota,2019,6.96,6.23
Kalimantan Utara,MALINAU,kabkota,2020,6.63,6.16
Kalimantan Utara,MALINAU,kabkota,2021,7.3,6.39
Kalimantan Utara,MALINAU,kabkota,2022,6.64,5.93
Kalimantan Utara,MALINAU,kabkota,2023,6.54,5.95
Kalimantan Utara,MALINAU,kabkota,2024,6.94,6.45
Kalimantan Utara,MALINAU,kabkota,2025,5.56,5.24
Kalimantan Utara,NUNUKAN,kabkota,2004,21.18,22.7
Kalimantan Utara,NUNUKAN,kabkota,2005,19.13,21.3
Kalimantan Utara,NUNUKAN,kabkota,2006,21.66,25.3
Kalimantan Utara,NUNUKAN,kabkota,2007,20.02,24.6
Kalimantan Utara,NUNUKAN,kabkota,2008,14.96,19.7
Kalimantan Utara,NUNUKAN,kabkota,2009,13.47,18.8
Kalimantan Utara,NUNUKAN,kabkota,2010,12.45,17.7
Kalimantan Utara,NUNUKAN,kabkota,2011,10.38,15.3
Kalimantan Utara,NUNUKAN,kabkota,2012,9.62,14.7
Kalimantan Utara,NUNUKAN,kabkota,2013,9.51,14.9
Kalimantan Utara,NUNUKAN,kabkota,2014,8.69,15.0
Kalimantan Utara,NUNUKAN,kabkota,2015,5.61,9.84
Kalimantan Utara,NUNUKAN,kabkota,2016,5.25,9.63
Kalimantan Utara,NUNUKAN,kabkota,2017,6.22,11.91
Kalimantan Utara,NUNUKAN,kabkota,2018,6.71,13.38
Kalimantan Utara,NUNUKAN,kabkota,2019,6.11,12.69
Kalimantan Utara,NUNUKAN,kabkota,2020,6.36,13.76
Kalimantan Utara,NUNUKAN,kabkota,2021,6.79,13.94
Kalimantan Utara,NUNUKAN,kabkota,2022,6.13,12.86
Kalimantan Utara,NUNUKAN,kabkota,2023,5.53,11.88
Kalimantan Utara,NUNUKAN,kabkota,2024,5.73,12.61
Kalimantan Utara,NUNUKAN,kabkota,2025,5.27,11.81
Kalimantan Utara,TANA TIDUNG,kabkota,2004,,
Kalimantan Utara,TANA TIDUNG,kabkota,2005,,
Kalimantan Utara,TANA TIDUNG,kabkota,2006,,
Kalimantan Utara,TANA TIDUNG,kabkota,2007,,
Kalimantan Utara,TANA TIDUNG,kabkota,2008,,
Kalimantan Utara,TANA TIDUNG,kabkota,2009,15.42,2.0
Kalimantan Utara,TANA TIDUNG,kabkota,2010,13.89,2.1
Kalimantan Utara,TANA TIDUNG,kabkota,2011,11.41,1.8
Kalimantan Utara,TANA TIDUNG,kabkota,2012,9.83,1.7
Kalimantan Utara,TANA TIDUNG,kabkota,2013,10.21,1.9
Kalimantan Utara,TANA TIDUNG,kabkota,2014,9.5,2.0
Kalimantan Utara,TANA TIDUNG,kabkota,2015,6.35,1.38
Kalimantan Utara,TANA TIDUNG,kabkota,2016,6.11,1.41
Kalimantan Utara,TANA TIDUNG,kabkota,2017,6.63,1.64
Kalimantan Utara,TANA TIDUNG,kabkota,2018,5.08,1.34
Kalimantan Utara,TANA TIDUNG,kabkota,2019,4.72,1.34
Kalimantan Utara,TANA TIDUNG,kabkota,2020,4.81,1.46
Kalimantan Utara,TANA TIDUNG,kabkota,2021,5.15,1.49
Kalimantan Utara,TANA TIDUNG,kabkota,2022,4.45,1.35
Kalimantan Utara,TANA TIDUNG,kabkota,2023,4.62,1.47
Kalimantan Utara,TANA TIDUNG,kabkota,2024,4.47,1.5
Kalimantan Utara,TANA TIDUNG,kabkota,2025,4.56,1.59
Kepulauan Bangka Belitung,BANGKA,kabkota,2004,8.94,20.7
Kepulauan Bangka Belitung,BANGKA,kabkota,2005,10.33,23.0
Kepulauan Bangka Belitung,BANGKA,kabkota,2006,11.78,30.2
Kepulauan Bangka Belitung,BANGKA,kabkota,2007,10.53,25.2
Kepulauan Bangka Belitung,BANGKA,kabkota,2008,8.79,21.6
Kepulauan Bangka Belitung,BANGKA,kabkota,2009,7.61,19.0
Kepulauan Bangka Belitung,BANGKA,kabkota,2010,7.81,21.7
Kepulauan Bangka Belitung,BANGKA,kabkota,2011,5.36,15.4
Kepulauan Bangka Belitung,BANGKA,kabkota,2012,5.58,16.4
Kepulauan Bangka Belitung,BANGKA,kabkota,2013,5.4,16.2
Kepulauan Bangka Belitung,BANGKA,kabkota,2014,5.2,16.0
Kepulauan Bangka Belitung,BANGKA,kabkota,2015,5.63,17.39
Kepulauan Bangka Belitung,BANGKA,kabkota,2016,5.52,17.29
Kepulauan Bangka Belitung,BANGKA,kabkota,2017,5.1,16.45
Kepulauan Bangka Belitung,BANGKA,kabkota,2018,5.47,18.02
Kepulauan Bangka Belitung,BANGKA,kabkota,2019,4.92,16.52
Kepulauan Bangka Belitung,BANGKA,kabkota,2020,4.51,15.41
Kepulauan Bangka Belitung,BANGKA,kabkota,2021,4.81,16.19
Kepulauan Bangka Belitung,BANGKA,kabkota,2022,4.26,14.5
Kepulauan Bangka Belitung,BANGKA,kabkota,2023,4.32,14.87
Kepulauan Bangka Belitung,BANGKA,kabkota,2024,4.24,14.76
Kepulauan Bangka Belitung,BANGKA,kabkota,2025,4.71,16.58
Kepulauan Bangka Belitung,BANGKA BARAT,kabkota,2004,7.83,11.5
Kepulauan Bangka Belitung,BANGKA BARAT,kabkota,2005,8.22,11.7
Kepulauan Bangka Belitung,BANGKA BARAT,kabkota,2006,9.17,14.1
Kepulauan Bangka Belitung,BANGKA BARAT,kabkota,2007,7.41,10.5
Kepulauan Bangka Belitung,BANGKA BARAT,kabkota,2008,5.18,7.4
Kepulauan Bangka Belitung,BANGKA BARAT,kabkota,2009,5.22,7.6
Kepulauan Bangka Belitung,BANGKA BARAT,kabkota,2010,5.25,9.2
Kepulauan Bangka Belitung,BANGKA BARAT,kabkota,2011,3.59,6.5
Kepulauan Bangka Belitung,BANGKA BARAT,kabkota,2012,3.72,6.9
Kepulauan Bangka Belitung,BANGKA BARAT,kabkota,2013,3.26,6.2
Kepulauan Bangka Belitung,BANGKA BARAT,kabkota,2014,3.15,6.1
Kepulauan Bangka Belitung,BANGKA BARAT,kabkota,2015,3.08,6.01
Kepulauan Bangka Belitung,BANGKA BARAT,kabkota,2016,2.74,5.46
Kepulauan Bangka Belitung,BANGKA BARAT,kabkota,2017,2.98,6.06
Kepulauan Bangka Belitung,BANGKA BARAT,kabkota,2018,3.05,6.35
Kepulauan Bangka Belitung,BANGKA BARAT,kabkota,2019,2.67,5.65
Kepulauan Bangka Belitung,BANGKA BARAT,kabkota,2020,2.7,5.83
Kepulauan Bangka Belitung,BANGKA BARAT,kabkota,2021,2.75,5.85
Kepulauan Bangka Belitung,BANGKA BARAT,kabkota,2022,2.46,5.3
Kepulauan Bangka Belitung,BANGKA BARAT,kabkota,2023,2.71,5.91
Kepulauan Bangka Belitung,BANGKA BARAT,kabkota,2024,2.59,5.71
Kepulauan Bangka Belitung,BANGKA BARAT,kabkota,2025,2.92,6.51
Kepulauan Bangka Belitung,BANGKA SELATAN,kabkota,2004,8.92,12.5
Kepulauan Bangka Belitung,BANGKA SELATAN,kabkota,2005,8.34,11.2
Kepulauan Bangka Belitung,BANGKA SELATAN,kabkota,2006,8.86,13.5
Kepulauan Bangka Belitung,BANGKA SELATAN,kabkota,2007,6.71,9.6
Kepulauan Bangka Belitung,BANGKA SELATAN,kabkota,2008,5.6,8.2
Kepulauan Bangka Belitung,BANGKA SELATAN,kabkota,2009,6.04,8.9
Kepulauan Bangka Belitung,BANGKA SELATAN,kabkota,2010,6.18,10.7
Kepulauan Bangka Belitung,BANGKA SELATAN,kabkota,2011,4.23,7.6
Kepulauan Bangka Belitung,BANGKA SELATAN,kabkota,2012,4.41,8.0
Kepulauan Bangka Belitung,BANGKA SELATAN,kabkota,2013,4.01,7.5
Kepulauan Bangka Belitung,BANGKA SELATAN,kabkota,2014,3.87,7.4
Kepulauan Bangka Belitung,BANGKA SELATAN,kabkota,2015,3.74,7.2
Kepulauan Bangka Belitung,BANGKA SELATAN,kabkota,2016,3.62,7.11
Kepulauan Bangka Belitung,BANGKA SELATAN,kabkota,2017,3.92,7.88
Kepulauan Bangka Belitung,BANGKA SELATAN,kabkota,2018,3.7,7.58
Kepulauan Bangka Belitung,BANGKA SELATAN,kabkota,2019,3.36,7.02
Kepulauan Bangka Belitung,BANGKA SELATAN,kabkota,2020,3.52,7.49
Kepulauan Bangka Belitung,BANGKA SELATAN,kabkota,2021,3.69,7.72
Kepulauan Bangka Belitung,BANGKA SELATAN,kabkota,2022,3.22,6.81
Kepulauan Bangka Belitung,BANGKA SELATAN,kabkota,2023,3.11,6.66
Kepulauan Bangka Belitung,BANGKA SELATAN,kabkota,2024,3.74,8.1
Kepulauan Bangka Belitung,BANGKA SELATAN,kabkota,2025,4.17,9.13
Kepulauan Bangka Belitung,BANGKA TENGAH,kabkota,2004,9.05,11.7
Kepulauan Bangka Belitung,BANGKA TENGAH,kabkota,2005,10.74,13.3
Kepulauan Bangka Belitung,BANGKA TENGAH,kabkota,2006,11.61,16.0
Kepulauan Bangka Belitung,BANGKA TENGAH,kabkota,2007,10.36,13.4
Kepulauan Bangka Belitung,BANGKA TENGAH,kabkota,2008,8.52,11.2
Kepulauan Bangka Belitung,BANGKA TENGAH,kabkota,2009,7.84,10.4
Kepulauan Bangka Belitung,BANGKA TENGAH,kabkota,2010,8.07,13.1
Kepulauan Bangka Belitung,BANGKA TENGAH,kabkota,2011,5.56,9.3
Kepulauan Bangka Belitung,BANGKA TENGAH,kabkota,2012,5.78,9.9
Kepulauan Bangka Belitung,BANGKA TENGAH,kabkota,2013,5.46,9.5
Kepulauan Bangka Belitung,BANGKA TENGAH,kabkota,2014,5.27,9.4
Kepulauan Bangka Belitung,BANGKA TENGAH,kabkota,2015,5.67,10.19
Kepulauan Bangka Belitung,BANGKA TENGAH,kabkota,2016,5.64,10.36
Kepulauan Bangka Belitung,BANGKA TENGAH,kabkota,2017,6.07,11.39
Kepulauan Bangka Belitung,BANGKA TENGAH,kabkota,2018,5.81,11.12
Kepulauan Bangka Belitung,BANGKA TENGAH,kabkota,2019,5.02,9.8
Kepulauan Bangka Belitung,BANGKA TENGAH,kabkota,2020,4.85,9.64
Kepulauan Bangka Belitung,BANGKA TENGAH,kabkota,2021,5.13,10.03
Kepulauan Bangka Belitung,BANGKA TENGAH,kabkota,2022,4.86,9.61
Kepulauan Bangka Belitung,BANGKA TENGAH,kabkota,2023,5.29,10.58
Kepulauan Bangka Belitung,BANGKA TENGAH,kabkota,2024,5.94,12.04
Kepulauan Bangka Belitung,BANGKA TENGAH,kabkota,2025,6.7,13.71
Kepulauan Bangka Belitung,BELITUNG,kabkota,2004,11.83,15.9
Kepulauan Bangka Belitung,BELITUNG,kabkota,2005,11.01,14.1
Kepulauan Bangka Belitung,BELITUNG,kabkota,2006,12.59,17.0
Kepulauan Bangka Belitung,BELITUNG,kabkota,2007,11.59,14.2
Kepulauan Bangka Belitung,BELITUNG,kabkota,2008,10.62,13.3
Kepulauan Bangka Belitung,BELITUNG,kabkota,2009,9.78,12.4
Kepulauan Bangka Belitung,BELITUNG,kabkota,2010,10.13,15.9
Kepulauan Bangka Belitung,BELITUNG,kabkota,2011,6.97,11.3
Kepulauan Bangka Belitung,BELITUNG,kabkota,2012,7.27,12.0
Kepulauan Bangka Belitung,BELITUNG,kabkota,2013,8.48,14.3
Kepulauan Bangka Belitung,BELITUNG,kabkota,2014,7.36,12.7
Kepulauan Bangka Belitung,BELITUNG,kabkota,2015,8.38,14.58
Kepulauan Bangka Belitung,BELITUNG,kabkota,2016,7.85,13.94
Kepulauan Bangka Belitung,BELITUNG,kabkota,2017,7.77,14.11
Kepulauan Bangka Belitung,BELITUNG,kabkota,2018,7.56,14.0
Kepulauan Bangka Belitung,BELITUNG,kabkota,2019,6.29,11.88
Kepulauan Bangka Belitung,BELITUNG,kabkota,2020,6.27,12.07
Kepulauan Bangka Belitung,BELITUNG,kabkota,2021,7.15,13.53
Kepulauan Bangka Belitung,BELITUNG,kabkota,2022,6.45,12.34
Kepulauan Bangka Belitung,BELITUNG,kabkota,2023,6.46,12.51
Kepulauan Bangka Belitung,BELITUNG,kabkota,2024,6.11,11.97
Kepulauan Bangka Belitung,BELITUNG,kabkota,2025,6.44,12.76
Kepulauan Bangka Belitung,BELITUNG TIMUR,kabkota,2004,12.52,11.0
Kepulauan Bangka Belitung,BELITUNG TIMUR,kabkota,2005,14.87,12.5
Kepulauan Bangka Belitung,BELITUNG TIMUR,kabkota,2006,16.94,15.1
Kepulauan Bangka Belitung,BELITUNG TIMUR,kabkota,2007,15.58,12.6
Kepulauan Bangka Belitung,BELITUNG TIMUR,kabkota,2008,12.61,10.4
Kepulauan Bangka Belitung,BELITUNG TIMUR,kabkota,2009,11.07,9.3
Kepulauan Bangka Belitung,BELITUNG TIMUR,kabkota,2010,10.36,11.1
Kepulauan Bangka Belitung,BELITUNG TIMUR,kabkota,2011,7.13,7.9
Kepulauan Bangka Belitung,BELITUNG TIMUR,kabkota,2012,7.44,8.4
Kepulauan Bangka Belitung,BELITUNG TIMUR,kabkota,2013,6.9,7.9
Kepulauan Bangka Belitung,BELITUNG TIMUR,kabkota,2014,6.68,7.9
Kepulauan Bangka Belitung,BELITUNG TIMUR,kabkota,2015,7.33,8.71
Kepulauan Bangka Belitung,BELITUNG TIMUR,kabkota,2016,6.99,8.48
Kepulauan Bangka Belitung,BELITUNG TIMUR,kabkota,2017,6.81,8.44
Kepulauan Bangka Belitung,BELITUNG TIMUR,kabkota,2018,7.06,8.93
Kepulauan Bangka Belitung,BELITUNG TIMUR,kabkota,2019,6.6,8.51
Kepulauan Bangka Belitung,BELITUNG TIMUR,kabkota,2020,6.52,8.56
Kepulauan Bangka Belitung,BELITUNG TIMUR,kabkota,2021,7.2,9.29
Kepulauan Bangka Belitung,BELITUNG TIMUR,kabkota,2022,6.49,8.47
Kepulauan Bangka Belitung,BELITUNG TIMUR,kabkota,2023,6.73,8.89
Kepulauan Bangka Belitung,BELITUNG TIMUR,kabkota,2024,6.36,8.5
Kepulauan Bangka Belitung,BELITUNG TIMUR,kabkota,2025,6.69,9.04
Kepulauan Bangka Belitung,KOTA PANGKAL PINANG,kabkota,2004,5.95,8.3
Kepulauan Bangka Belitung,KOTA PANGKAL PINANG,kabkota,2005,6.63,9.5
Kepulauan Bangka Belitung,KOTA PANGKAL PINANG,kabkota,2006,7.6,11.5
Kepulauan Bangka Belitung,KOTA PANGKAL PINANG,kabkota,2007,6.85,9.6
Kepulauan Bangka Belitung,KOTA PANGKAL PINANG,kabkota,2008,5.74,8.2
Kepulauan Bangka Belitung,KOTA PANGKAL PINANG,kabkota,2009,5.79,8.4
Kepulauan Bangka Belitung,KOTA PANGKAL PINANG,kabkota,2010,6.02,10.6
Kepulauan Bangka Belitung,KOTA PANGKAL PINANG,kabkota,2011,4.15,7.5
Kepulauan Bangka Belitung,KOTA PANGKAL PINANG,kabkota,2012,4.29,7.9
Kepulauan Bangka Belitung,KOTA PANGKAL PINANG,kabkota,2013,4.15,7.8
Kepulauan Bangka Belitung,KOTA PANGKAL PINANG,kabkota,2014,4.04,7.8
Kepulauan Bangka Belitung,KOTA PANGKAL PINANG,kabkota,2015,4.97,10.02
Kepulauan Bangka Belitung,KOTA PANGKAL PINANG,kabkota,2016,5.02,10.12
Kepulauan Bangka Belitung,KOTA PANGKAL PINANG,kabkota,2017,4.8,9.76
Kepulauan Bangka Belitung,KOTA PANGKAL PINANG,kabkota,2018,4.95,10.27
Kepulauan Bangka Belitung,KOTA PANGKAL PINANG,kabkota,2019,4.25,9.0
Kepulauan Bangka Belitung,KOTA PANGKAL PINANG,kabkota,2020,4.36,9.4
Kepulauan Bangka Belitung,KOTA PANGKAL PINANG,kabkota,2021,4.76,10.1
Kepulauan Bangka Belitung,KOTA PANGKAL PINANG,kabkota,2022,4.55,9.76
Kepulauan Bangka Belitung,KOTA PANGKAL PINANG,kabkota,2023,4.27,9.27
Kepulauan Bangka Belitung,KOTA PANGKAL PINANG,kabkota,2024,4.04,8.87
Kepulauan Bangka Belitung,KOTA PANGKAL PINANG,kabkota,2025,4.5,9.99
Kepulauan Bangka Belitung,Kepulauan Bangka Belitung,provinsi,2004,9.07,91.8
Kepulauan Bangka Belitung,Kepulauan Bangka Belitung,provinsi,2005,9.74,95.3
Kepulauan Bangka Belitung,Kepulauan Bangka Belitung,provinsi,2006,10.91,117.4
Kepulauan Bangka Belitung,Kepulauan Bangka Belitung,provinsi,2007,9.54,95.1
Kepulauan Bangka Belitung,Kepulauan Bangka Belitung,provinsi,2008,7.89,80.3
Kepulauan Bangka Belitung,Kepulauan Bangka Belitung,provinsi,2009,7.37,76.0
Kepulauan Bangka Belitung,Kepulauan Bangka Belitung,provinsi,2010,7.51,92.3
Kepulauan Bangka Belitung,Kepulauan Bangka Belitung,provinsi,2011,5.16,65.6
Kepulauan Bangka Belitung,Kepulauan Bangka Belitung,provinsi,2012,5.37,69.4
Kepulauan Bangka Belitung,Kepulauan Bangka Belitung,provinsi,2013,5.25,69.4
Kepulauan Bangka Belitung,Kepulauan Bangka Belitung,provinsi,2014,4.97,67.2
Kepulauan Bangka Belitung,Kepulauan Bangka Belitung,provinsi,2015,5.4,74.09
Kepulauan Bangka Belitung,Kepulauan Bangka Belitung,provinsi,2016,5.22,72.76
Kepulauan Bangka Belitung,Kepulauan Bangka Belitung,provinsi,2017,5.2,74.09
Kepulauan Bangka Belitung,Kepulauan Bangka Belitung,provinsi,2018,5.25,76.26
Kepulauan Bangka Belitung,Kepulauan Bangka Belitung,provinsi,2019,4.62,68.38
Kepulauan Bangka Belitung,Kepulauan Bangka Belitung,provinsi,2020,4.53,68.4
Kepulauan Bangka Belitung,Kepulauan Bangka Belitung,provinsi,2021,4.9,72.71
Kepulauan Bangka Belitung,Kepulauan Bangka Belitung,provinsi,2022,4.45,66.78
Kepulauan Bangka Belitung,Kepulauan Bangka Belitung,provinsi,2023,4.52,68.69
Kepulauan Bangka Belitung,Kepulauan Bangka Belitung,provinsi,2024,4.55,69.95
Kepulauan Bangka Belitung,Kepulauan Bangka Belitung,provinsi,2025,5.0,77.71
Kepulauan Riau,BINTAN,kabkota,2004,12.53,24.6
Kepulauan Riau,BINTAN,kabkota,2005,14.51,18.0
Kepulauan Riau,BINTAN,kabkota,2006,13.59,16.6
Kepulauan Riau,BINTAN,kabkota,2007,11.73,14.7
Kepulauan Riau,BINTAN,kabkota,2008,7.61,13.6
Kepulauan Riau,BINTAN,kabkota,2009,7.01,9.2
Kepulauan Riau,BINTAN,kabkota,2010,7.33,10.5
Kepulauan Riau,BINTAN,kabkota,2011,6.04,9.3
Kepulauan Riau,BINTAN,kabkota,2012,6.29,9.3
Kepulauan Riau,BINTAN,kabkota,2013,6.23,9.3
Kepulauan Riau,BINTAN,kabkota,2014,6.09,9.3
Kepulauan Riau,BINTAN,kabkota,2015,6.07,9.25
Kepulauan Riau,BINTAN,kabkota,2016,6.43,9.91
Kepulauan Riau,BINTAN,kabkota,2017,6.01,9.37
Kepulauan Riau,BINTAN,kabkota,2018,6.61,10.42
Kepulauan Riau,BINTAN,kabkota,2019,6.37,10.14
Kepulauan Riau,BINTAN,kabkota,2020,6.36,10.21
Kepulauan Riau,BINTAN,kabkota,2021,6.42,10.54
Kepulauan Riau,BINTAN,kabkota,2022,6.44,10.67
Kepulauan Riau,BINTAN,kabkota,2023,5.9,9.86
Kepulauan Riau,BINTAN,kabkota,2024,5.44,9.17
Kepulauan Riau,BINTAN,kabkota,2025,4.77,8.11
Kepulauan Riau,KARIMUN,kabkota,2004,6.16,11.5
Kepulauan Riau,KARIMUN,kabkota,2005,9.49,20.1
Kepulauan Riau,KARIMUN,kabkota,2006,8.35,17.6
Kepulauan Riau,KARIMUN,kabkota,2007,8.69,19.4
Kepulauan Riau,KARIMUN,kabkota,2008,7.29,20.9
Kepulauan Riau,KARIMUN,kabkota,2009,6.48,15.5
Kepulauan Riau,KARIMUN,kabkota,2010,7.21,15.4
Kepulauan Riau,KARIMUN,kabkota,2011,5.93,13.7
Kepulauan Riau,KARIMUN,kabkota,2012,6.37,13.9
Kepulauan Riau,KARIMUN,kabkota,2013,6.69,14.8
Kepulauan Riau,KARIMUN,kabkota,2014,6.85,15.4
Kepulauan Riau,KARIMUN,kabkota,2015,6.6,14.82
Kepulauan Riau,KARIMUN,kabkota,2016,6.77,15.35
Kepulauan Riau,KARIMUN,kabkota,2017,7.41,16.94
Kepulauan Riau,KARIMUN,kabkota,2018,6.9,15.93
Kepulauan Riau,KARIMUN,kabkota,2019,6.61,15.36
Kepulauan Riau,KARIMUN,kabkota,2020,6.83,15.99
Kepulauan Riau,KARIMUN,kabkota,2021,6.85,16.28
Kepulauan Riau,KARIMUN,kabkota,2022,6.87,16.44
Kepulauan Riau,KARIMUN,kabkota,2023,5.95,14.33
Kepulauan Riau,KARIMUN,kabkota,2024,5.78,13.99
Kepulauan Riau,KARIMUN,kabkota,2025,5.16,12.56
Kepulauan Riau,KEPULAUAN ANAMBAS,kabkota,2004,,
Kepulauan Riau,KEPULAUAN ANAMBAS,kabkota,2005,,
Kepulauan Riau,KEPULAUAN ANAMBAS,kabkota,2006,,
Kepulauan Riau,KEPULAUAN ANAMBAS,kabkota,2007,,
Kepulauan Riau,KEPULAUAN ANAMBAS,kabkota,2008,,
Kepulauan Riau,KEPULAUAN ANAMBAS,kabkota,2009,,
Kepulauan Riau,KEPULAUAN ANAMBAS,kabkota,2010,4.8,1.8
Kepulauan Riau,KEPULAUAN ANAMBAS,kabkota,2011,3.95,1.6
Kepulauan Riau,KEPULAUAN ANAMBAS,kabkota,2012,4.17,1.6
Kepulauan Riau,KEPULAUAN ANAMBAS,kabkota,2013,4.47,1.8
Kepulauan Riau,KEPULAUAN ANAMBAS,kabkota,2014,4.91,2.0
Kepulauan Riau,KEPULAUAN ANAMBAS,kabkota,2015,6.58,2.65
Kepulauan Riau,KEPULAUAN ANAMBAS,kabkota,2016,6.73,2.74
Kepulauan Riau,KEPULAUAN ANAMBAS,kabkota,2017,6.87,2.84
Kepulauan Riau,KEPULAUAN ANAMBAS,kabkota,2018,6.93,2.9
Kepulauan Riau,KEPULAUAN ANAMBAS,kabkota,2019,6.44,2.72
Kepulauan Riau,KEPULAUAN ANAMBAS,kabkota,2020,6.56,2.8
Kepulauan Riau,KEPULAUAN ANAMBAS,kabkota,2021,7.09,3.08
Kepulauan Riau,KEPULAUAN ANAMBAS,kabkota,2022,7.51,3.29
Kepulauan Riau,KEPULAUAN ANAMBAS,kabkota,2023,6.95,3.08
Kepulauan Riau,KEPULAUAN ANAMBAS,kabkota,2024,6.67,2.98
Kepulauan Riau,KEPULAUAN ANAMBAS,kabkota,2025,6.35,2.86
Kepulauan Riau,KOTA BATAM,kabkota,2004,5.1,28.1
Kepulauan Riau,KOTA BATAM,kabkota,2005,7.7,50.3
Kepulauan Riau,KOTA BATAM,kabkota,2006,10.0,65.6
Kepulauan Riau,KOTA BATAM,kabkota,2007,7.65,55.3
Kepulauan Riau,KOTA BATAM,kabkota,2008,7.22,41.4
Kepulauan Riau,KOTA BATAM,kabkota,2009,6.76,54.8
Kepulauan Riau,KOTA BATAM,kabkota,2010,7.26,69.7
Kepulauan Riau,KOTA BATAM,kabkota,2011,6.11,61.8
Kepulauan Riau,KOTA BATAM,kabkota,2012,5.89,62.4
Kepulauan Riau,KOTA BATAM,kabkota,2013,5.2,57.5
Kepulauan Riau,KOTA BATAM,kabkota,2014,5.3,61.4
Kepulauan Riau,KOTA BATAM,kabkota,2015,5.08,59.94
Kepulauan Riau,KOTA BATAM,kabkota,2016,4.68,57.34
Kepulauan Riau,KOTA BATAM,kabkota,2017,4.81,61.16
Kepulauan Riau,KOTA BATAM,kabkota,2018,5.11,67.41
Kepulauan Riau,KOTA BATAM,kabkota,2019,4.85,66.21
Kepulauan Riau,KOTA BATAM,kabkota,2020,4.75,67.06
Kepulauan Riau,KOTA BATAM,kabkota,2021,5.05,77.17
Kepulauan Riau,KOTA BATAM,kabkota,2022,5.19,82.59
Kepulauan Riau,KOTA BATAM,kabkota,2023,5.02,83.09
Kepulauan Riau,KOTA BATAM,kabkota,2024,4.85,83.57
Kepulauan Riau,KOTA BATAM,kabkota,2025,3.81,68.04
Kepulauan Riau,KOTA TANJUNG PINANG,kabkota,2004,10.4,17.0
Kepulauan Riau,KOTA TANJUNG PINANG,kabkota,2005,13.24,23.5
Kepulauan Riau,KOTA TANJUNG PINANG,kabkota,2006,14.85,25.8
Kepulauan Riau,KOTA TANJUNG PINANG,kabkota,2007,12.92,23.7
Kepulauan Riau,KOTA TANJUNG PINANG,kabkota,2008,14.3,18.1
Kepulauan Riau,KOTA TANJUNG PINANG,kabkota,2009,13.42,26.0
Kepulauan Riau,KOTA TANJUNG PINANG,kabkota,2010,12.6,23.8
Kepulauan Riau,KOTA TANJUNG PINANG,kabkota,2011,10.52,21.1
Kepulauan Riau,KOTA TANJUNG PINANG,kabkota,2012,11.03,21.5
Kepulauan Riau,KOTA TANJUNG PINANG,kabkota,2013,10.4,20.6
Kepulauan Riau,KOTA TANJUNG PINANG,kabkota,2014,9.94,20.0
Kepulauan Riau,KOTA TANJUNG PINANG,kabkota,2015,9.56,19.3
Kepulauan Riau,KOTA TANJUNG PINANG,kabkota,2016,9.34,19.06
Kepulauan Riau,KOTA TANJUNG PINANG,kabkota,2017,9.29,19.18
Kepulauan Riau,KOTA TANJUNG PINANG,kabkota,2018,9.24,19.3
Kepulauan Riau,KOTA TANJUNG PINANG,kabkota,2019,9.03,19.05
Kepulauan Riau,KOTA TANJUNG PINANG,kabkota,2020,9.37,19.98
Kepulauan Riau,KOTA TANJUNG PINANG,kabkota,2021,9.57,20.85
Kepulauan Riau,KOTA TANJUNG PINANG,kabkota,2022,9.85,21.67
Kepulauan Riau,KOTA TANJUNG PINANG,kabkota,2023,7.95,17.67
Kepulauan Riau,KOTA TANJUNG PINANG,kabkota,2024,6.86,15.39
Kepulauan Riau,KOTA TANJUNG PINANG,kabkota,2025,5.96,13.47
Kepulauan Riau,Kepulauan Riau,provinsi,2004,,85.7
Kepulauan Riau,Kepulauan Riau,provinsi,2005,10.97,148.0
Kepulauan Riau,Kepulauan Riau,provinsi,2006,12.16,163.0
Kepulauan Riau,Kepulauan Riau,provinsi,2007,10.3,148.4
Kepulauan Riau,Kepulauan Riau,provinsi,2008,8.73,131.8
Kepulauan Riau,Kepulauan Riau,provinsi,2009,7.98,125.3
Kepulauan Riau,Kepulauan Riau,provinsi,2010,8.13,138.2
Kepulauan Riau,Kepulauan Riau,provinsi,2011,6.79,122.5
Kepulauan Riau,Kepulauan Riau,provinsi,2012,6.83,124.2
Kepulauan Riau,Kepulauan Riau,provinsi,2013,6.35,119.1
Kepulauan Riau,Kepulauan Riau,provinsi,2014,6.4,124.2
Kepulauan Riau,Kepulauan Riau,provinsi,2015,6.24,122.4
Kepulauan Riau,Kepulauan Riau,provinsi,2016,5.98,120.41
Kepulauan Riau,Kepulauan Riau,provinsi,2017,6.06,125.37
Kepulauan Riau,Kepulauan Riau,provinsi,2018,6.2,131.68
Kepulauan Riau,Kepulauan Riau,provinsi,2019,5.9,128.46
Kepulauan Riau,Kepulauan Riau,provinsi,2020,5.92,131.97
Kepulauan Riau,Kepulauan Riau,provinsi,2021,6.12,144.46
Kepulauan Riau,Kepulauan Riau,provinsi,2022,6.24,151.68
Kepulauan Riau,Kepulauan Riau,provinsi,2023,5.69,142.5
Kepulauan Riau,Kepulauan Riau,provinsi,2024,5.37,138.3
Kepulauan Riau,Kepulauan Riau,provinsi,2025,4.44,117.28
Kepulauan Riau,LINGGA,kabkota,2004,,
Kepulauan Riau,LINGGA,kabkota,2005,31.0,27.3
Kepulauan Riau,LINGGA,kabkota,2006,32.27,27.7
Kepulauan Riau,LINGGA,kabkota,2007,30.06,26.9
Kepulauan Riau,LINGGA,kabkota,2008,18.19,28.8
Kepulauan Riau,LINGGA,kabkota,2009,16.56,15.4
Kepulauan Riau,LINGGA,kabkota,2010,15.81,13.6
Kepulauan Riau,LINGGA,kabkota,2011,12.98,12.1
Kepulauan Riau,LINGGA,kabkota,2012,14.15,12.4
Kepulauan Riau,LINGGA,kabkota,2013,14.03,12.3
Kepulauan Riau,LINGGA,kabkota,2014,14.75,13.1
Kepulauan Riau,LINGGA,kabkota,2015,14.95,13.22
Kepulauan Riau,LINGGA,kabkota,2016,14.36,12.76
Kepulauan Riau,LINGGA,kabkota,2017,13.84,12.35
Kepulauan Riau,LINGGA,kabkota,2018,13.55,12.13
Kepulauan Riau,LINGGA,kabkota,2019,12.88,11.56
Kepulauan Riau,LINGGA,kabkota,2020,13.85,12.45
Kepulauan Riau,LINGGA,kabkota,2021,13.93,12.58
Kepulauan Riau,LINGGA,kabkota,2022,14.05,12.7
Kepulauan Riau,LINGGA,kabkota,2023,11.26,10.18
Kepulauan Riau,LINGGA,kabkota,2024,9.99,9.02
Kepulauan Riau,LINGGA,kabkota,2025,9.12,8.24
Kepulauan Riau,NATUNA,kabkota,2004,5.19,4.5
Kepulauan Riau,NATUNA,kabkota,2005,9.35,8.8
Kepulauan Riau,NATUNA,kabkota,2006,10.57,9.7
Kepulauan Riau,NATUNA,kabkota,2007,8.74,8.4
Kepulauan Riau,NATUNA,kabkota,2008,4.83,9.0
Kepulauan Riau,NATUNA,kabkota,2009,4.35,4.4
Kepulauan Riau,NATUNA,kabkota,2010,4.83,3.4
Kepulauan Riau,NATUNA,kabkota,2011,4.06,3.0
Kepulauan Riau,NATUNA,kabkota,2012,4.25,3.1
Kepulauan Riau,NATUNA,kabkota,2013,3.78,2.7
Kepulauan Riau,NATUNA,kabkota,2014,4.11,3.0
Kepulauan Riau,NATUNA,kabkota,2015,4.34,3.23
Kepulauan Riau,NATUNA,kabkota,2016,4.33,3.25
Kepulauan Riau,NATUNA,kabkota,2017,4.64,3.53
Kepulauan Riau,NATUNA,kabkota,2018,4.68,3.6
Kepulauan Riau,NATUNA,kabkota,2019,4.42,3.43
Kepulauan Riau,NATUNA,kabkota,2020,4.43,3.47
Kepulauan Riau,NATUNA,kabkota,2021,4.95,3.98
Kepulauan Riau,NATUNA,kabkota,2022,5.32,4.32
Kepulauan Riau,NATUNA,kabkota,2023,5.25,4.3
Kepulauan Riau,NATUNA,kabkota,2024,5.04,4.17
Kepulauan Riau,NATUNA,kabkota,2025,4.81,4.01
Lampung,KOTA BANDAR LAMPUNG,kabkota,2004,7.38,58.9
Lampung,KOTA BANDAR LAMPUNG,kabkota,2005,9.63,81.2
Lampung,KOTA BANDAR LAMPUNG,kabkota,2006,11.22,89.9
Lampung,KOTA BANDAR LAMPUNG,kabkota,2007,9.44,78.8
Lampung,KOTA BANDAR LAMPUNG,kabkota,2008,15.41,130.9
Lampung,KOTA BANDAR LAMPUNG,kabkota,2009,14.39,123.9
Lampung,KOTA BANDAR LAMPUNG,kabkota,2010,14.58,128.6
Lampung,KOTA BANDAR LAMPUNG,kabkota,2011,13.61,121.6
Lampung,KOTA BANDAR LAMPUNG,kabkota,2012,12.65,117.3
Lampung,KOTA BANDAR LAMPUNG,kabkota,2013,10.85,102.7
Lampung,KOTA BANDAR LAMPUNG,kabkota,2014,10.6,102.3
Lampung,KOTA BANDAR LAMPUNG,kabkota,2015,10.33,100.76
Lampung,KOTA BANDAR LAMPUNG,kabkota,2016,10.15,100.54
Lampung,KOTA BANDAR LAMPUNG,kabkota,2017,9.94,100.5
Lampung,KOTA BANDAR LAMPUNG,kabkota,2018,9.04,93.04
Lampung,KOTA BANDAR LAMPUNG,kabkota,2019,8.71,91.24
Lampung,KOTA BANDAR LAMPUNG,kabkota,2020,8.81,93.74
Lampung,KOTA BANDAR LAMPUNG,kabkota,2021,9.11,98.76
Lampung,KOTA BANDAR LAMPUNG,kabkota,2022,8.21,90.51
Lampung,KOTA BANDAR LAMPUNG,kabkota,2023,7.77,87.08
Lampung,KOTA BANDAR LAMPUNG,kabkota,2024,7.37,83.88
Lampung,KOTA BANDAR LAMPUNG,kabkota,2025,6.95,80.19
Lampung,KOTA METRO,kabkota,2004,8.16,10.7
Lampung,KOTA METRO,kabkota,2005,9.86,8.6
Lampung,KOTA METRO,kabkota,2006,11.92,15.5
Lampung,KOTA METRO,kabkota,2007,11.53,15.5
Lampung,KOTA METRO,kabkota,2008,15.91,22.1
Lampung,KOTA METRO,kabkota,2009,15.07,21.2
Lampung,KOTA METRO,kabkota,2010,13.77,20.1
Lampung,KOTA METRO,kabkota,2011,12.9,19.0
Lampung,KOTA METRO,kabkota,2012,12.09,18.3
Lampung,KOTA METRO,kabkota,2013,11.08,17.1
Lampung,KOTA METRO,kabkota,2014,10.82,16.9
Lampung,KOTA METRO,kabkota,2015,10.29,16.24
Lampung,KOTA METRO,kabkota,2016,10.15,16.26
Lampung,KOTA METRO,kabkota,2017,9.89,16.06
Lampung,KOTA METRO,kabkota,2018,9.14,15.06
Lampung,KOTA METRO,kabkota,2019,8.68,14.49
Lampung,KOTA METRO,kabkota,2020,8.47,14.31
Lampung,KOTA METRO,kabkota,2021,8.93,15.32
Lampung,KOTA METRO,kabkota,2022,7.87,13.68
Lampung,KOTA METRO,kabkota,2023,7.28,12.8
Lampung,KOTA METRO,kabkota,2024,6.78,12.07
Lampung,KOTA METRO,kabkota,2025,6.44,11.58
Lampung,LAMPUNG BARAT,kabkota,2004,21.66,82.7
Lampung,LAMPUNG BARAT,kabkota,2005,23.97,96.8
Lampung,LAMPUNG BARAT,kabkota,2006,25.36,96.2
Lampung,LAMPUNG BARAT,kabkota,2007,24.77,96.7
Lampung,LAMPUNG BARAT,kabkota,2008,21.74,86.1
Lampung,LAMPUNG BARAT,kabkota,2009,19.13,79.5
Lampung,LAMPUNG BARAT,kabkota,2010,17.12,71.8
Lampung,LAMPUNG BARAT,kabkota,2011,15.99,67.9
Lampung,LAMPUNG BARAT,kabkota,2012,15.13,65.2
Lampung,LAMPUNG BARAT,kabkota,2013,13.96,60.8
Lampung,LAMPUNG BARAT,kabkota,2014,13.7,60.3
Lampung,LAMPUNG BARAT,kabkota,2015,14.18,42.24
Lampung,LAMPUNG BARAT,kabkota,2016,15.06,44.9
Lampung,LAMPUNG BARAT,kabkota,2017,14.32,42.71
Lampung,LAMPUNG BARAT,kabkota,2018,13.54,40.62
Lampung,LAMPUNG BARAT,kabkota,2019,12.92,39.05
Lampung,LAMPUNG BARAT,kabkota,2020,12.52,38.12
Lampung,LAMPUNG BARAT,kabkota,2021,12.82,39.36
Lampung,LAMPUNG BARAT,kabkota,2022,11.71,36.2
Lampung,LAMPUNG BARAT,kabkota,2023,11.17,34.73
Lampung,LAMPUNG BARAT,kabkota,2024,10.68,33.43
Lampung,LAMPUNG BARAT,kabkota,2025,9.93,31.23
Lampung,LAMPUNG SELATAN,kabkota,2004,28.49,340.9
Lampung,LAMPUNG SELATAN,kabkota,2005,26.28,329.2
Lampung,LAMPUNG SELATAN,kabkota,2006,27.84,364.5
Lampung,LAMPUNG SELATAN,kabkota,2007,26.94,371.8
Lampung,LAMPUNG SELATAN,kabkota,2008,24.72,351.2
Lampung,LAMPUNG SELATAN,kabkota,2009,22.83,222.5
Lampung,LAMPUNG SELATAN,kabkota,2010,20.61,188.0
Lampung,LAMPUNG SELATAN,kabkota,2011,19.23,177.7
Lampung,LAMPUNG SELATAN,kabkota,2012,18.19,171.4
Lampung,LAMPUNG SELATAN,kabkota,2013,17.09,163.0
Lampung,LAMPUNG SELATAN,kabkota,2014,16.77,161.8
Lampung,LAMPUNG SELATAN,kabkota,2015,16.27,157.71
Lampung,LAMPUNG SELATAN,kabkota,2016,16.16,158.38
Lampung,LAMPUNG SELATAN,kabkota,2017,15.16,150.11
Lampung,LAMPUNG SELATAN,kabkota,2018,14.86,148.54
Lampung,LAMPUNG SELATAN,kabkota,2019,14.31,144.44
Lampung,LAMPUNG SELATAN,kabkota,2020,14.08,143.33
Lampung,LAMPUNG SELATAN,kabkota,2021,14.19,145.85
Lampung,LAMPUNG SELATAN,kabkota,2022,13.14,136.21
Lampung,LAMPUNG SELATAN,kabkota,2023,12.79,133.67
Lampung,LAMPUNG SELATAN,kabkota,2024,12.57,132.38
Lampung,LAMPUNG SELATAN,kabkota,2025,12.05,127.74
Lampung,LAMPUNG TENGAH,kabkota,2004,18.97,210.6
Lampung,LAMPUNG TENGAH,kabkota,2005,19.63,228.2
Lampung,LAMPUNG TENGAH,kabkota,2006,22.09,252.7
Lampung,LAMPUNG TENGAH,kabkota,2007,22.06,263.0
Lampung,LAMPUNG TENGAH,kabkota,2008,19.89,242.0
Lampung,LAMPUNG TENGAH,kabkota,2009,18.67,230.7
Lampung,LAMPUNG TENGAH,kabkota,2010,16.88,197.8
Lampung,LAMPUNG TENGAH,kabkota,2011,15.76,187.0
Lampung,LAMPUNG TENGAH,kabkota,2012,14.96,180.2
Lampung,LAMPUNG TENGAH,kabkota,2013,13.37,162.8
Lampung,LAMPUNG TENGAH,kabkota,2014,13.13,161.6
Lampung,LAMPUNG TENGAH,kabkota,2015,13.3,164.44
Lampung,LAMPUNG TENGAH,kabkota,2016,13.28,165.67
Lampung,LAMPUNG TENGAH,kabkota,2017,12.9,162.38
Lampung,LAMPUNG TENGAH,kabkota,2018,12.62,160.12
Lampung,LAMPUNG TENGAH,kabkota,2019,12.03,153.84
Lampung,LAMPUNG TENGAH,kabkota,2020,11.82,152.28
Lampung,LAMPUNG TENGAH,kabkota,2021,11.99,155.77
Lampung,LAMPUNG TENGAH,kabkota,2022,10.96,143.34
Lampung,LAMPUNG TENGAH,kabkota,2023,10.65,140.29
Lampung,LAMPUNG TENGAH,kabkota,2024,10.37,137.41
Lampung,LAMPUNG TENGAH,kabkota,2025,9.59,127.83
Lampung,LAMPUNG TIMUR,kabkota,2004,28.31,257.2
Lampung,LAMPUNG TIMUR,kabkota,2005,26.2,248.4
Lampung,LAMPUNG TIMUR,kabkota,2006,27.63,256.2
Lampung,LAMPUNG TIMUR,kabkota,2007,27.21,261.9
Lampung,LAMPUNG TIMUR,kabkota,2008,23.35,228.4
Lampung,LAMPUNG TIMUR,kabkota,2009,20.86,206.3
Lampung,LAMPUNG TIMUR,kabkota,2010,21.06,200.4
Lampung,LAMPUNG TIMUR,kabkota,2011,19.66,189.5
Lampung,LAMPUNG TIMUR,kabkota,2012,18.59,182.2
Lampung,LAMPUNG TIMUR,kabkota,2013,17.38,172.2
Lampung,LAMPUNG TIMUR,kabkota,2014,17.05,170.7
Lampung,LAMPUNG TIMUR,kabkota,2015,16.91,170.11
Lampung,LAMPUNG TIMUR,kabkota,2016,16.98,172.61
Lampung,LAMPUNG TIMUR,kabkota,2017,16.35,167.64
Lampung,LAMPUNG TIMUR,kabkota,2018,15.76,162.94
Lampung,LAMPUNG TIMUR,kabkota,2019,15.24,158.9
Lampung,LAMPUNG TIMUR,kabkota,2020,14.62,153.57
Lampung,LAMPUNG TIMUR,kabkota,2021,15.08,159.79
Lampung,LAMPUNG TIMUR,kabkota,2022,13.98,149.12
Lampung,LAMPUNG TIMUR,kabkota,2023,13.8,148.26
Lampung,LAMPUNG TIMUR,kabkota,2024,13.19,142.7
Lampung,LAMPUNG TIMUR,kabkota,2025,12.15,132.17
Lampung,LAMPUNG UTARA,kabkota,2004,33.81,189.0
Lampung,LAMPUNG UTARA,kabkota,2005,31.4,182.5
Lampung,LAMPUNG UTARA,kabkota,2006,32.5,181.2
Lampung,LAMPUNG UTARA,kabkota,2007,32.16,185.3
Lampung,LAMPUNG UTARA,kabkota,2008,31.24,182.9
Lampung,LAMPUNG UTARA,kabkota,2009,28.96,171.0
Lampung,LAMPUNG UTARA,kabkota,2010,28.19,164.8
Lampung,LAMPUNG UTARA,kabkota,2011,26.33,155.8
Lampung,LAMPUNG UTARA,kabkota,2012,25.16,149.9
Lampung,LAMPUNG UTARA,kabkota,2013,23.67,142.0
Lampung,LAMPUNG UTARA,kabkota,2014,23.32,140.7
Lampung,LAMPUNG UTARA,kabkota,2015,23.2,140.41
Lampung,LAMPUNG UTARA,kabkota,2016,22.92,139.5
Lampung,LAMPUNG UTARA,kabkota,2017,21.55,131.78
Lampung,LAMPUNG UTARA,kabkota,2018,20.85,128.02
Lampung,LAMPUNG UTARA,kabkota,2019,19.9,122.65
Lampung,LAMPUNG UTARA,kabkota,2020,19.3,119.35
Lampung,LAMPUNG UTARA,kabkota,2021,19.63,121.91
Lampung,LAMPUNG UTARA,kabkota,2022,18.41,114.67
Lampung,LAMPUNG UTARA,kabkota,2023,17.17,107.21
Lampung,LAMPUNG UTARA,kabkota,2024,16.92,105.91
Lampung,LAMPUNG UTARA,kabkota,2025,15.78,98.99
Lampung,Lampung,provinsi,2004,22.22,
Lampung,Lampung,provinsi,2005,21.42,
Lampung,Lampung,provinsi,2006,22.77,
Lampung,Lampung,provinsi,2007,22.19,
Lampung,Lampung,provinsi,2008,20.93,
Lampung,Lampung,provinsi,2009,19.34,
Lampung,Lampung,provinsi,2010,17.76,
Lampung,Lampung,provinsi,2011,16.58,
Lampung,Lampung,provinsi,2012,15.65,
Lampung,Lampung,provinsi,2013,14.39,
Lampung,Lampung,provinsi,2014,14.21,
Lampung,Lampung,provinsi,2015,14.35,
Lampung,Lampung,provinsi,2016,14.29,
Lampung,Lampung,provinsi,2017,13.69,1131.73
Lampung,Lampung,provinsi,2018,13.14,1097.05
Lampung,Lampung,provinsi,2019,12.62,1063.66
Lampung,Lampung,provinsi,2020,12.34,1049.32
Lampung,Lampung,provinsi,2021,12.62,1083.93
Lampung,Lampung,provinsi,2022,11.57,1002.41
Lampung,Lampung,provinsi,2023,11.11,970.67
Lampung,Lampung,provinsi,2024,10.69,941.23
Lampung,Lampung,provinsi,2025,10.0,887.02
Lampung,MESUJI,kabkota,2004,,
Lampung,MESUJI,kabkota,2005,,
Lampung,MESUJI,kabkota,2006,,
Lampung,MESUJI,kabkota,2007,,
Lampung,MESUJI,kabkota,2008,,
Lampung,MESUJI,kabkota,2009,,
Lampung,MESUJI,kabkota,2010,8.65,16.2
Lampung,MESUJI,kabkota,2011,8.07,15.3
Lampung,MESUJI,kabkota,2012,7.69,14.7
Lampung,MESUJI,kabkota,2013,5.81,11.2
Lampung,MESUJI,kabkota,2014,6.57,12.8
Lampung,MESUJI,kabkota,2015,8.2,16.02
Lampung,MESUJI,kabkota,2016,8.0,15.74
Lampung,MESUJI,kabkota,2017,7.66,15.16
Lampung,MESUJI,kabkota,2018,7.55,15.01
Lampung,MESUJI,kabkota,2019,7.47,14.94
Lampung,MESUJI,kabkota,2020,7.33,14.72
Lampung,MESUJI,kabkota,2021,7.54,15.24
Lampung,MESUJI,kabkota,2022,6.84,13.88
Lampung,MESUJI,kabkota,2023,6.73,13.71
Lampung,MESUJI,kabkota,2024,6.31,12.91
Lampung,MESUJI,kabkota,2025,5.92,12.14
Lampung,PESAWARAN,kabkota,2004,,
Lampung,PESAWARAN,kabkota,2005,,
Lampung,PESAWARAN,kabkota,2006,,
Lampung,PESAWARAN,kabkota,2007,,
Lampung,PESAWARAN,kabkota,2008,,
Lampung,PESAWARAN,kabkota,2009,22.73,100.9
Lampung,PESAWARAN,kabkota,2010,20.48,81.5
Lampung,PESAWARAN,kabkota,2011,19.06,77.1
Lampung,PESAWARAN,kabkota,2012,18.01,74.3
Lampung,PESAWARAN,kabkota,2013,17.86,74.6
Lampung,PESAWARAN,kabkota,2014,17.51,74.0
Lampung,PESAWARAN,kabkota,2015,17.61,75.37
Lampung,PESAWARAN,kabkota,2016,17.31,74.45
Lampung,PESAWARAN,kabkota,2017,16.48,71.64
Lampung,PESAWARAN,kabkota,2018,15.97,70.14
Lampung,PESAWARAN,kabkota,2019,15.19,67.36
Lampung,PESAWARAN,kabkota,2020,14.76,66.04
Lampung,PESAWARAN,kabkota,2021,15.11,68.31
Lampung,PESAWARAN,kabkota,2022,13.85,63.17
Lampung,PESAWARAN,kabkota,2023,12.89,59.29
Lampung,PESAWARAN,kabkota,2024,11.86,55.01
Lampung,PESAWARAN,kabkota,2025,10.93,51.09
Lampung,PESISIR BARAT,kabkota,2004,,
Lampung,PESISIR BARAT,kabkota,2005,,
Lampung,PESISIR BARAT,kabkota,2006,,
Lampung,PESISIR BARAT,kabkota,2007,,
Lampung,PESISIR BARAT,kabkota,2008,,
Lampung,PESISIR BARAT,kabkota,2009,,
Lampung,PESISIR BARAT,kabkota,2010,,
Lampung,PESISIR BARAT,kabkota,2011,,
Lampung,PESISIR BARAT,kabkota,2012,,
Lampung,PESISIR BARAT,kabkota,2013,,
Lampung,PESISIR BARAT,kabkota,2014,,
Lampung,PESISIR BARAT,kabkota,2015,15.81,24.03
Lampung,PESISIR BARAT,kabkota,2016,15.91,24.2
Lampung,PESISIR BARAT,kabkota,2017,15.61,23.76
Lampung,PESISIR BARAT,kabkota,2018,14.98,22.98
Lampung,PESISIR BARAT,kabkota,2019,14.48,22.38
Lampung,PESISIR BARAT,kabkota,2020,14.29,22.24
Lampung,PESISIR BARAT,kabkota,2021,14.81,23.23
Lampung,PESISIR BARAT,kabkota,2022,13.84,21.85
Lampung,PESISIR BARAT,kabkota,2023,13.49,21.45
Lampung,PESISIR BARAT,kabkota,2024,12.64,20.22
Lampung,PESISIR BARAT,kabkota,2025,12.13,19.51
Lampung,PRINGSEWU,kabkota,2004,,
Lampung,PRINGSEWU,kabkota,2005,,
Lampung,PRINGSEWU,kabkota,2006,,
Lampung,PRINGSEWU,kabkota,2007,,
Lampung,PRINGSEWU,kabkota,2008,,
Lampung,PRINGSEWU,kabkota,2009,,
Lampung,PRINGSEWU,kabkota,2010,12.45,45.5
Lampung,PRINGSEWU,kabkota,2011,11.62,43.0
Lampung,PRINGSEWU,kabkota,2012,11.01,41.4
Lampung,PRINGSEWU,kabkota,2013,9.81,37.3
Lampung,PRINGSEWU,kabkota,2014,9.83,37.8
Lampung,PRINGSEWU,kabkota,2015,11.8,45.58
Lampung,PRINGSEWU,kabkota,2016,11.73,45.72
Lampung,PRINGSEWU,kabkota,2017,11.3,44.41
Lampung,PRINGSEWU,kabkota,2018,10.5,41.64
Lampung,PRINGSEWU,kabkota,2019,10.15,40.55
Lampung,PRINGSEWU,kabkota,2020,9.97,40.12
Lampung,PRINGSEWU,kabkota,2021,10.11,41.04
Lampung,PRINGSEWU,kabkota,2022,9.34,38.18
Lampung,PRINGSEWU,kabkota,2023,9.14,37.6
Lampung,PRINGSEWU,kabkota,2024,8.32,34.42
Lampung,PRINGSEWU,kabkota,2025,7.6,31.66
Lampung,TANGGAMUS,kabkota,2004,20.97,173.2
Lampung,TANGGAMUS,kabkota,2005,19.5,167.3
Lampung,TANGGAMUS,kabkota,2006,22.0,181.0
Lampung,TANGGAMUS,kabkota,2007,22.17,188.2
Lampung,TANGGAMUS,kabkota,2008,20.91,179.3
Lampung,TANGGAMUS,kabkota,2009,19.79,174.9
Lampung,TANGGAMUS,kabkota,2010,18.3,98.1
Lampung,TANGGAMUS,kabkota,2011,17.06,92.7
Lampung,TANGGAMUS,kabkota,2012,16.1,89.4
Lampung,TANGGAMUS,kabkota,2013,15.24,85.6
Lampung,TANGGAMUS,kabkota,2014,14.95,85.0
Lampung,TANGGAMUS,kabkota,2015,14.26,81.56
Lampung,TANGGAMUS,kabkota,2016,14.05,81.34
Lampung,TANGGAMUS,kabkota,2017,13.25,77.53
Lampung,TANGGAMUS,kabkota,2018,12.48,73.77
Lampung,TANGGAMUS,kabkota,2019,12.05,71.9
Lampung,TANGGAMUS,kabkota,2020,11.68,70.37
Lampung,TANGGAMUS,kabkota,2021,11.81,71.89
Lampung,TANGGAMUS,kabkota,2022,10.98,67.43
Lampung,TANGGAMUS,kabkota,2023,10.52,65.18
Lampung,TANGGAMUS,kabkota,2024,10.28,64.22
Lampung,TANGGAMUS,kabkota,2025,10.1,63.56
Lampung,TULANG BAWANG BARAT,kabkota,2004,,
Lampung,TULANG BAWANG BARAT,kabkota,2005,,
Lampung,TULANG BAWANG BARAT,kabkota,2006,,
Lampung,TULANG BAWANG BARAT,kabkota,2007,,
Lampung,TULANG BAWANG BARAT,kabkota,2008,,
Lampung,TULANG BAWANG BARAT,kabkota,2009,,
Lampung,TULANG BAWANG BARAT,kabkota,2010,7.63,19.1
Lampung,TULANG BAWANG BARAT,kabkota,2011,7.11,18.1
Lampung,TULANG BAWANG BARAT,kabkota,2012,6.73,17.3
Lampung,TULANG BAWANG BARAT,kabkota,2013,6.31,16.4
Lampung,TULANG BAWANG BARAT,kabkota,2014,7.12,18.7
Lampung,TULANG BAWANG BARAT,kabkota,2015,8.23,21.79
Lampung,TULANG BAWANG BARAT,kabkota,2016,8.4,22.39
Lampung,TULANG BAWANG BARAT,kabkota,2017,8.11,21.77
Lampung,TULANG BAWANG BARAT,kabkota,2018,8.1,21.93
Lampung,TULANG BAWANG BARAT,kabkota,2019,7.75,21.14
Lampung,TULANG BAWANG BARAT,kabkota,2020,7.39,20.29
Lampung,TULANG BAWANG BARAT,kabkota,2021,8.32,23.03
Lampung,TULANG BAWANG BARAT,kabkota,2022,7.44,20.72
Lampung,TULANG BAWANG BARAT,kabkota,2023,7.25,20.32
Lampung,TULANG BAWANG BARAT,kabkota,2024,7.22,20.35
Lampung,TULANG BAWANG BARAT,kabkota,2025,6.72,19.04
Lampung,TULANGBAWANG,kabkota,2004,16.98,126.3
Lampung,TULANGBAWANG,kabkota,2005,15.03,122.0
Lampung,TULANGBAWANG,kabkota,2006,13.94,106.1
Lampung,TULANGBAWANG,kabkota,2007,13.03,103.6
Lampung,TULANGBAWANG,kabkota,2008,11.17,90.9
Lampung,TULANGBAWANG,kabkota,2009,10.48,86.8
Lampung,TULANGBAWANG,kabkota,2010,10.8,43.1
Lampung,TULANGBAWANG,kabkota,2011,10.11,40.7
Lampung,TULANGBAWANG,kabkota,2012,9.43,38.9
Lampung,TULANGBAWANG,kabkota,2013,8.04,33.7
Lampung,TULANGBAWANG,kabkota,2014,8.66,36.8
Lampung,TULANGBAWANG,kabkota,2015,10.25,44.15
Lampung,TULANGBAWANG,kabkota,2016,10.2,44.26
Lampung,TULANGBAWANG,kabkota,2017,10.09,44.31
Lampung,TULANGBAWANG,kabkota,2018,9.7,43.1
Lampung,TULANGBAWANG,kabkota,2019,9.35,42.06
Lampung,TULANGBAWANG,kabkota,2020,9.33,42.43
Lampung,TULANGBAWANG,kabkota,2021,9.67,44.53
Lampung,TULANGBAWANG,kabkota,2022,8.42,39.19
Lampung,TULANGBAWANG,kabkota,2023,8.04,37.83
Lampung,TULANGBAWANG,kabkota,2024,7.88,37.46
Lampung,TULANGBAWANG,kabkota,2025,7.54,36.14
Lampung,WAY KANAN,kabkota,2004,30.06,112.3
Lampung,WAY KANAN,kabkota,2005,27.57,108.4
Lampung,WAY KANAN,kabkota,2006,26.18,94.6
Lampung,WAY KANAN,kabkota,2007,25.96,96.8
Lampung,WAY KANAN,kabkota,2008,22.34,84.1
Lampung,WAY KANAN,kabkota,2009,20.92,79.2
Lampung,WAY KANAN,kabkota,2010,18.81,76.7
Lampung,WAY KANAN,kabkota,2011,17.63,72.5
Lampung,WAY KANAN,kabkota,2012,16.54,69.4
Lampung,WAY KANAN,kabkota,2013,15.36,65.2
Lampung,WAY KANAN,kabkota,2014,15.03,64.5
Lampung,WAY KANAN,kabkota,2015,14.61,63.09
Lampung,WAY KANAN,kabkota,2016,14.58,63.64
Lampung,WAY KANAN,kabkota,2017,14.06,62.0
Lampung,WAY KANAN,kabkota,2018,13.52,60.16
Lampung,WAY KANAN,kabkota,2019,13.07,58.72
Lampung,WAY KANAN,kabkota,2020,12.9,58.41
Lampung,WAY KANAN,kabkota,2021,13.09,59.89
Lampung,WAY KANAN,kabkota,2022,11.76,54.28
Lampung,WAY KANAN,kabkota,2023,11.02,51.26
Lampung,WAY KANAN,kabkota,2024,10.43,48.88
Lampung,WAY KANAN,kabkota,2025,9.36,44.17
Maluku,BURU,kabkota,2004,31.55,38.3
Maluku,BURU,kabkota,2005,33.0,41.8
Maluku,BURU,kabkota,2006,33.34,42.3
Maluku,BURU,kabkota,2007,31.34,40.9
Maluku,BURU,kabkota,2008,29.17,38.9
Maluku,BURU,kabkota,2009,27.57,37.6
Maluku,BURU,kabkota,2010,24.82,27.0
Maluku,BURU,kabkota,2011,22.0,24.7
Maluku,BURU,kabkota,2012,19.78,23.2
Maluku,BURU,kabkota,2013,18.51,22.4
Maluku,BURU,kabkota,2014,17.55,21.9
Maluku,BURU,kabkota,2015,18.47,23.42
Maluku,BURU,kabkota,2016,18.02,23.53
Maluku,BURU,kabkota,2017,17.4,23.44
Maluku,BURU,kabkota,2018,17.03,23.62
Maluku,BURU,kabkota,2019,16.74,23.89
Maluku,BURU,kabkota,2020,16.64,24.42
Maluku,BURU,kabkota,2021,17.28,25.23
Maluku,BURU,kabkota,2022,15.82,23.6
Maluku,BURU,kabkota,2023,16.53,25.19
Maluku,BURU,kabkota,2024,16.08,25.02
Maluku,BURU,kabkota,2025,15.11,23.95
Maluku,BURU SELATAN,kabkota,2004,,
Maluku,BURU SELATAN,kabkota,2005,,
Maluku,BURU SELATAN,kabkota,2006,,
Maluku,BURU SELATAN,kabkota,2007,,
Maluku,BURU SELATAN,kabkota,2008,,
Maluku,BURU SELATAN,kabkota,2009,,
Maluku,BURU SELATAN,kabkota,2010,21.82,11.8
Maluku,BURU SELATAN,kabkota,2011,19.33,10.8
Maluku,BURU SELATAN,kabkota,2012,18.29,10.3
Maluku,BURU SELATAN,kabkota,2013,17.05,9.8
Maluku,BURU SELATAN,kabkota,2014,16.59,9.7
Maluku,BURU SELATAN,kabkota,2015,17.58,10.41
Maluku,BURU SELATAN,kabkota,2016,16.86,10.13
Maluku,BURU SELATAN,kabkota,2017,16.83,10.28
Maluku,BURU SELATAN,kabkota,2018,16.31,10.12
Maluku,BURU SELATAN,kabkota,2019,16.13,10.17
Maluku,BURU SELATAN,kabkota,2020,15.75,10.07
Maluku,BURU SELATAN,kabkota,2021,15.89,9.99
Maluku,BURU SELATAN,kabkota,2022,14.75,9.35
Maluku,BURU SELATAN,kabkota,2023,15.28,9.77
Maluku,BURU SELATAN,kabkota,2024,14.91,9.61
Maluku,BURU SELATAN,kabkota,2025,14.84,9.63
Maluku,KEPULAUAN ARU,kabkota,2004,,
Maluku,KEPULAUAN ARU,kabkota,2005,37.58,26.5
Maluku,KEPULAUAN ARU,kabkota,2006,38.45,26.9
Maluku,KEPULAUAN ARU,kabkota,2007,36.88,25.9
Maluku,KEPULAUAN ARU,kabkota,2008,41.08,29.8
Maluku,KEPULAUAN ARU,kabkota,2009,38.77,28.5
Maluku,KEPULAUAN ARU,kabkota,2010,34.96,29.5
Maluku,KEPULAUAN ARU,kabkota,2011,30.96,27.0
Maluku,KEPULAUAN ARU,kabkota,2012,28.57,25.1
Maluku,KEPULAUAN ARU,kabkota,2013,27.34,24.3
Maluku,KEPULAUAN ARU,kabkota,2014,26.33,23.8
Maluku,KEPULAUAN ARU,kabkota,2015,28.64,26.14
Maluku,KEPULAUAN ARU,kabkota,2016,28.71,26.48
Maluku,KEPULAUAN ARU,kabkota,2017,27.13,25.36
Maluku,KEPULAUAN ARU,kabkota,2018,27.12,25.68
Maluku,KEPULAUAN ARU,kabkota,2019,26.73,25.62
Maluku,KEPULAUAN ARU,kabkota,2020,26.26,25.45
Maluku,KEPULAUAN ARU,kabkota,2021,26.53,25.11
Maluku,KEPULAUAN ARU,kabkota,2022,23.51,22.36
Maluku,KEPULAUAN ARU,kabkota,2023,24.21,23.13
Maluku,KEPULAUAN ARU,kabkota,2024,23.39,22.45
Maluku,KEPULAUAN ARU,kabkota,2025,23.1,22.25
Maluku,KOTA AMBON,kabkota,2004,,
Maluku,KOTA AMBON,kabkota,2005,,
Maluku,KOTA AMBON,kabkota,2006,,
Maluku,KOTA AMBON,kabkota,2007,,
Maluku,KOTA AMBON,kabkota,2008,,
Maluku,KOTA AMBON,kabkota,2009,7.61,21.1
Maluku,KOTA AMBON,kabkota,2010,7.67,25.6
Maluku,KOTA AMBON,kabkota,2011,6.83,23.4
Maluku,KOTA AMBON,kabkota,2012,5.98,22.0
Maluku,KOTA AMBON,kabkota,2013,4.42,17.0
Maluku,KOTA AMBON,kabkota,2014,4.23,16.9
Maluku,KOTA AMBON,kabkota,2015,4.38,17.94
Maluku,KOTA AMBON,kabkota,2016,4.64,19.64
Maluku,KOTA AMBON,kabkota,2017,4.46,19.64
Maluku,KOTA AMBON,kabkota,2018,4.72,21.61
Maluku,KOTA AMBON,kabkota,2019,4.57,21.66
Maluku,KOTA AMBON,kabkota,2020,4.51,22.15
Maluku,KOTA AMBON,kabkota,2021,5.02,23.67
Maluku,KOTA AMBON,kabkota,2022,4.68,22.58
Maluku,KOTA AMBON,kabkota,2023,5.25,25.87
Maluku,KOTA AMBON,kabkota,2024,5.13,25.81
Maluku,KOTA AMBON,kabkota,2025,4.34,22.3
Maluku,KOTA TUAL,kabkota,2004,6.24,14.1
Maluku,KOTA TUAL,kabkota,2005,6.56,15.4
Maluku,KOTA TUAL,kabkota,2006,7.43,18.1
Maluku,KOTA TUAL,kabkota,2007,6.51,16.8
Maluku,KOTA TUAL,kabkota,2008,7.92,21.2
Maluku,KOTA TUAL,kabkota,2009,30.42,13.9
Maluku,KOTA TUAL,kabkota,2010,32.01,18.7
Maluku,KOTA TUAL,kabkota,2011,28.17,17.1
Maluku,KOTA TUAL,kabkota,2012,25.66,16.1
Maluku,KOTA TUAL,kabkota,2013,23.28,15.0
Maluku,KOTA TUAL,kabkota,2014,22.31,14.8
Maluku,KOTA TUAL,kabkota,2015,24.9,16.74
Maluku,KOTA TUAL,kabkota,2016,24.74,17.12
Maluku,KOTA TUAL,kabkota,2017,24.0,17.09
Maluku,KOTA TUAL,kabkota,2018,23.42,17.13
Maluku,KOTA TUAL,kabkota,2019,22.68,17.03
Maluku,KOTA TUAL,kabkota,2020,22.51,17.36
Maluku,KOTA TUAL,kabkota,2021,23.26,17.76
Maluku,KOTA TUAL,kabkota,2022,20.56,16.01
Maluku,KOTA TUAL,kabkota,2023,20.68,16.41
Maluku,KOTA TUAL,kabkota,2024,20.01,16.17
Maluku,KOTA TUAL,kabkota,2025,19.39,15.94
Maluku,MALUKU BARAT DAYA,kabkota,2004,,
Maluku,MALUKU BARAT DAYA,kabkota,2005,,
Maluku,MALUKU BARAT DAYA,kabkota,2006,,
Maluku,MALUKU BARAT DAYA,kabkota,2007,,
Maluku,MALUKU BARAT DAYA,kabkota,2008,,
Maluku,MALUKU BARAT DAYA,kabkota,2009,,
Maluku,MALUKU BARAT DAYA,kabkota,2010,39.22,27.6
Maluku,MALUKU BARAT DAYA,kabkota,2011,34.49,25.2
Maluku,MALUKU BARAT DAYA,kabkota,2012,32.55,23.3
Maluku,MALUKU BARAT DAYA,kabkota,2013,29.25,21.0
Maluku,MALUKU BARAT DAYA,kabkota,2014,28.33,20.4
Maluku,MALUKU BARAT DAYA,kabkota,2015,31.58,22.9
Maluku,MALUKU BARAT DAYA,kabkota,2016,31.01,22.53
Maluku,MALUKU BARAT DAYA,kabkota,2017,30.18,21.94
Maluku,MALUKU BARAT DAYA,kabkota,2018,30.2,21.98
Maluku,MALUKU BARAT DAYA,kabkota,2019,29.43,21.49
Maluku,MALUKU BARAT DAYA,kabkota,2020,29.15,21.37
Maluku,MALUKU BARAT DAYA,kabkota,2021,29.55,21.74
Maluku,MALUKU BARAT DAYA,kabkota,2022,27.64,20.36
Maluku,MALUKU BARAT DAYA,kabkota,2023,28.78,21.23
Maluku,MALUKU BARAT DAYA,kabkota,2024,27.95,20.63
Maluku,MALUKU BARAT DAYA,kabkota,2025,27.65,20.43
Maluku,MALUKU TENGAH,kabkota,2004,38.05,210.4
Maluku,MALUKU TENGAH,kabkota,2005,37.14,124.6
Maluku,MALUKU TENGAH,kabkota,2006,38.21,124.8
Maluku,MALUKU TENGAH,kabkota,2007,36.03,118.7
Maluku,MALUKU TENGAH,kabkota,2008,32.61,108.4
Maluku,MALUKU TENGAH,kabkota,2009,30.48,101.8
Maluku,MALUKU TENGAH,kabkota,2010,28.41,102.9
Maluku,MALUKU TENGAH,kabkota,2011,25.15,94.1
Maluku,MALUKU TENGAH,kabkota,2012,24.05,88.1
Maluku,MALUKU TENGAH,kabkota,2013,22.15,81.4
Maluku,MALUKU TENGAH,kabkota,2014,21.41,78.9
Maluku,MALUKU TENGAH,kabkota,2015,22.1,81.43
Maluku,MALUKU TENGAH,kabkota,2016,21.68,80.28
Maluku,MALUKU TENGAH,kabkota,2017,21.2,78.72
Maluku,MALUKU TENGAH,kabkota,2018,20.11,74.85
Maluku,MALUKU TENGAH,kabkota,2019,20.04,74.8
Maluku,MALUKU TENGAH,kabkota,2020,19.83,74.18
Maluku,MALUKU TENGAH,kabkota,2021,19.84,74.59
Maluku,MALUKU TENGAH,kabkota,2022,17.46,65.73
Maluku,MALUKU TENGAH,kabkota,2023,17.84,67.22
Maluku,MALUKU TENGAH,kabkota,2024,17.67,66.65
Maluku,MALUKU TENGAH,kabkota,2025,16.71,63.05
Maluku,MALUKU TENGGARA,kabkota,2004,37.68,72.3
Maluku,MALUKU TENGGARA,kabkota,2005,36.73,47.9
Maluku,MALUKU TENGGARA,kabkota,2006,37.84,48.5
Maluku,MALUKU TENGGARA,kabkota,2007,35.98,48.8
Maluku,MALUKU TENGGARA,kabkota,2008,32.9,46.0
Maluku,MALUKU TENGGARA,kabkota,2009,30.71,30.1
Maluku,MALUKU TENGGARA,kabkota,2010,30.7,29.7
Maluku,MALUKU TENGGARA,kabkota,2011,27.16,27.2
Maluku,MALUKU TENGGARA,kabkota,2012,26.03,25.5
Maluku,MALUKU TENGGARA,kabkota,2013,25.06,24.6
Maluku,MALUKU TENGGARA,kabkota,2014,24.21,23.9
Maluku,MALUKU TENGGARA,kabkota,2015,25.23,24.94
Maluku,MALUKU TENGGARA,kabkota,2016,24.81,24.56
Maluku,MALUKU TENGGARA,kabkota,2017,23.87,23.69
Maluku,MALUKU TENGGARA,kabkota,2018,23.27,23.16
Maluku,MALUKU TENGGARA,kabkota,2019,22.75,22.69
Maluku,MALUKU TENGGARA,kabkota,2020,22.57,22.59
Maluku,MALUKU TENGGARA,kabkota,2021,22.73,22.89
Maluku,MALUKU TENGGARA,kabkota,2022,21.19,21.38
Maluku,MALUKU TENGGARA,kabkota,2023,21.79,22.02
Maluku,MALUKU TENGGARA,kabkota,2024,21.22,21.47
Maluku,MALUKU TENGGARA,kabkota,2025,21.16,21.42
Maluku,MALUKU TENGGARA BARAT,kabkota,2004,43.3,62.5
Maluku,MALUKU TENGGARA BARAT,kabkota,2005,45.29,67.8
Maluku,MALUKU TENGGARA BARAT,kabkota,2006,46.25,70.6
Maluku,MALUKU TENGGARA BARAT,kabkota,2007,44.15,68.3
Maluku,MALUKU TENGGARA BARAT,kabkota,2008,40.17,63.1
Maluku,MALUKU TENGGARA BARAT,kabkota,2009,37.23,58.9
Maluku,MALUKU TENGGARA BARAT,kabkota,2010,33.93,35.9
Maluku,MALUKU TENGGARA BARAT,kabkota,2011,30.13,32.8
Maluku,MALUKU TENGGARA BARAT,kabkota,2012,28.45,30.7
Maluku,MALUKU TENGGARA BARAT,kabkota,2013,29.75,32.4
Maluku,MALUKU TENGGARA BARAT,kabkota,2014,28.56,31.4
Maluku,MALUKU TENGGARA BARAT,kabkota,2015,29.17,32.43
Maluku,MALUKU TENGGARA BARAT,kabkota,2016,28.31,31.53
Maluku,MALUKU TENGGARA BARAT,kabkota,2017,27.47,30.67
Maluku,MALUKU TENGGARA BARAT,kabkota,2018,28.08,31.53
Maluku,MALUKU TENGGARA BARAT,kabkota,2019,27.25,30.76
Maluku,MALUKU TENGGARA BARAT,kabkota,2020,27.11,30.74
Maluku,MALUKU TENGGARA BARAT,kabkota,2021,27.27,30.7
Maluku,MALUKU TENGGARA BARAT,kabkota,2022,23.88,26.94
Maluku,MALUKU TENGGARA BARAT,kabkota,2023,24.47,27.64
Maluku,MALUKU TENGGARA BARAT,kabkota,2024,23.66,26.76
Maluku,MALUKU TENGGARA BARAT,kabkota,2025,23.38,26.46
Maluku,Maluku,provinsi,2004,32.13,397.6
Maluku,Maluku,provinsi,2005,32.28,411.5
Maluku,Maluku,provinsi,2006,33.03,418.6
Maluku,Maluku,provinsi,2007,31.14,404.7
Maluku,Maluku,provinsi,2008,29.24,388.8
Maluku,Maluku,provinsi,2009,27.29,369.1
Maluku,Maluku,provinsi,2010,25.32,389.5
Maluku,Maluku,provinsi,2011,22.45,356.4
Maluku,Maluku,provinsi,2012,20.76,333.6
Maluku,Maluku,provinsi,2013,19.27,315.2
Maluku,Maluku,provinsi,2014,18.44,307.0
Maluku,Maluku,provinsi,2015,19.51,328.41
Maluku,Maluku,provinsi,2016,19.18,327.72
Maluku,Maluku,provinsi,2017,18.45,320.51
Maluku,Maluku,provinsi,2018,18.12,320.08
Maluku,Maluku,provinsi,2019,17.69,317.69
Maluku,Maluku,provinsi,2020,17.44,318.19
Maluku,Maluku,provinsi,2021,17.87,321.81
Maluku,Maluku,provinsi,2022,15.97,290.57
Maluku,Maluku,provinsi,2023,16.42,301.61
Maluku,Maluku,provinsi,2024,16.05,297.68
Maluku,Maluku,provinsi,2025,15.38,287.76
Maluku,SERAM BAGIAN BARAT,kabkota,2004,,
Maluku,SERAM BAGIAN BARAT,kabkota,2005,37.78,55.9
Maluku,SERAM BAGIAN BARAT,kabkota,2006,39.59,55.7
Maluku,SERAM BAGIAN BARAT,kabkota,2007,37.85,53.6
Maluku,SERAM BAGIAN BARAT,kabkota,2008,35.19,50.7
Maluku,SERAM BAGIAN BARAT,kabkota,2009,33.11,48.0
Maluku,SERAM BAGIAN BARAT,kabkota,2010,30.08,49.7
Maluku,SERAM BAGIAN BARAT,kabkota,2011,26.7,45.5
Maluku,SERAM BAGIAN BARAT,kabkota,2012,25.35,42.5
Maluku,SERAM BAGIAN BARAT,kabkota,2013,24.63,41.5
Maluku,SERAM BAGIAN BARAT,kabkota,2014,23.79,40.2
Maluku,SERAM BAGIAN BARAT,kabkota,2015,26.35,44.61
Maluku,SERAM BAGIAN BARAT,kabkota,2016,26.5,45.03
Maluku,SERAM BAGIAN BARAT,kabkota,2017,25.49,43.44
Maluku,SERAM BAGIAN BARAT,kabkota,2018,25.62,43.77
Maluku,SERAM BAGIAN BARAT,kabkota,2019,25.16,43.14
Maluku,SERAM BAGIAN BARAT,kabkota,2020,25.11,43.15
Maluku,SERAM BAGIAN BARAT,kabkota,2021,25.27,43.72
Maluku,SERAM BAGIAN BARAT,kabkota,2022,22.25,38.57
Maluku,SERAM BAGIAN BARAT,kabkota,2023,22.39,38.87
Maluku,SERAM BAGIAN BARAT,kabkota,2024,22.31,38.78
Maluku,SERAM BAGIAN BARAT,kabkota,2025,21.85,38.01
Maluku,SERAM BAGIAN TIMUR,kabkota,2004,,
Maluku,SERAM BAGIAN TIMUR,kabkota,2005,39.98,31.6
Maluku,SERAM BAGIAN TIMUR,kabkota,2006,40.18,31.8
Maluku,SERAM BAGIAN TIMUR,kabkota,2007,39.83,31.8
Maluku,SERAM BAGIAN TIMUR,kabkota,2008,36.98,30.8
Maluku,SERAM BAGIAN TIMUR,kabkota,2009,34.67,29.3
Maluku,SERAM BAGIAN TIMUR,kabkota,2010,31.44,31.3
Maluku,SERAM BAGIAN TIMUR,kabkota,2011,27.94,28.6
Maluku,SERAM BAGIAN TIMUR,kabkota,2012,25.92,26.9
Maluku,SERAM BAGIAN TIMUR,kabkota,2013,24.49,25.8
Maluku,SERAM BAGIAN TIMUR,kabkota,2014,23.4,25.1
Maluku,SERAM BAGIAN TIMUR,kabkota,2015,25.37,27.44
Maluku,SERAM BAGIAN TIMUR,kabkota,2016,24.53,26.89
Maluku,SERAM BAGIAN TIMUR,kabkota,2017,23.59,26.23
Maluku,SERAM BAGIAN TIMUR,kabkota,2018,23.62,26.64
Maluku,SERAM BAGIAN TIMUR,kabkota,2019,23.13,26.44
Maluku,SERAM BAGIAN TIMUR,kabkota,2020,23.04,26.69
Maluku,SERAM BAGIAN TIMUR,kabkota,2021,23.25,26.41
Maluku,SERAM BAGIAN TIMUR,kabkota,2022,20.73,23.71
Maluku,SERAM BAGIAN TIMUR,kabkota,2023,21.08,24.26
Maluku,SERAM BAGIAN TIMUR,kabkota,2024,21.03,24.34
Maluku,SERAM BAGIAN TIMUR,kabkota,2025,20.9,24.33
Maluku Utara,HALMAHERA BARAT,kabkota,2004,12.97,21.7
Maluku Utara,HALMAHERA BARAT,kabkota,2005,16.85,16.5
Maluku Utara,HALMAHERA BARAT,kabkota,2006,17.12,16.4
Maluku Utara,HALMAHERA BARAT,kabkota,2007,16.19,15.3
Maluku Utara,HALMAHERA BARAT,kabkota,2008,16.12,15.3
Maluku Utara,HALMAHERA BARAT,kabkota,2009,14.34,13.8
Maluku Utara,HALMAHERA BARAT,kabkota,2010,13.3,12.9
Maluku Utara,HALMAHERA BARAT,kabkota,2011,12.93,13.4
Maluku Utara,HALMAHERA BARAT,kabkota,2012,10.61,11.2
Maluku Utara,HALMAHERA BARAT,kabkota,2013,9.78,10.5
Maluku Utara,HALMAHERA BARAT,kabkota,2014,9.56,10.4
Maluku Utara,HALMAHERA BARAT,kabkota,2015,9.69,10.81
Maluku Utara,HALMAHERA BARAT,kabkota,2016,8.77,9.84
Maluku Utara,HALMAHERA BARAT,kabkota,2017,8.74,9.9
Maluku Utara,HALMAHERA BARAT,kabkota,2018,8.74,10.14
Maluku Utara,HALMAHERA BARAT,kabkota,2019,8.59,10.13
Maluku Utara,HALMAHERA BARAT,kabkota,2020,8.82,10.56
Maluku Utara,HALMAHERA BARAT,kabkota,2021,8.95,10.59
Maluku Utara,HALMAHERA BARAT,kabkota,2022,8.43,10.06
Maluku Utara,HALMAHERA BARAT,kabkota,2023,8.74,10.53
Maluku Utara,HALMAHERA BARAT,kabkota,2024,8.75,10.65
Maluku Utara,HALMAHERA BARAT,kabkota,2025,7.9,9.69
Maluku Utara,HALMAHERA SELATAN,kabkota,2004,14.77,17.4
Maluku Utara,HALMAHERA SELATAN,kabkota,2005,14.09,24.3
Maluku Utara,HALMAHERA SELATAN,kabkota,2006,13.36,24.0
Maluku Utara,HALMAHERA SELATAN,kabkota,2007,12.95,23.3
Maluku Utara,HALMAHERA SELATAN,kabkota,2008,12.54,23.0
Maluku Utara,HALMAHERA SELATAN,kabkota,2009,10.97,20.8
Maluku Utara,HALMAHERA SELATAN,kabkota,2010,9.51,18.9
Maluku Utara,HALMAHERA SELATAN,kabkota,2011,8.11,16.6
Maluku Utara,HALMAHERA SELATAN,kabkota,2012,6.56,13.7
Maluku Utara,HALMAHERA SELATAN,kabkota,2013,6.04,12.9
Maluku Utara,HALMAHERA SELATAN,kabkota,2014,5.87,12.7
Maluku Utara,HALMAHERA SELATAN,kabkota,2015,4.61,10.09
Maluku Utara,HALMAHERA SELATAN,kabkota,2016,4.11,9.06
Maluku Utara,HALMAHERA SELATAN,kabkota,2017,4.1,9.25
Maluku Utara,HALMAHERA SELATAN,kabkota,2018,4.8,11.01
Maluku Utara,HALMAHERA SELATAN,kabkota,2019,5.03,11.79
Maluku Utara,HALMAHERA SELATAN,kabkota,2020,5.21,12.41
Maluku Utara,HALMAHERA SELATAN,kabkota,2021,5.19,12.24
Maluku Utara,HALMAHERA SELATAN,kabkota,2022,4.99,11.89
Maluku Utara,HALMAHERA SELATAN,kabkota,2023,5.68,13.65
Maluku Utara,HALMAHERA SELATAN,kabkota,2024,5.63,13.69
Maluku Utara,HALMAHERA SELATAN,kabkota,2025,4.81,11.78
Maluku Utara,HALMAHERA TENGAH,kabkota,2004,15.51,14.8
Maluku Utara,HALMAHERA TENGAH,kabkota,2005,31.83,10.5
Maluku Utara,HALMAHERA TENGAH,kabkota,2006,31.81,10.4
Maluku Utara,HALMAHERA TENGAH,kabkota,2007,30.18,9.8
Maluku Utara,HALMAHERA TENGAH,kabkota,2008,28.52,9.6
Maluku Utara,HALMAHERA TENGAH,kabkota,2009,26.64,9.1
Maluku Utara,HALMAHERA TENGAH,kabkota,2010,24.56,10.5
Maluku Utara,HALMAHERA TENGAH,kabkota,2011,22.68,10.0
Maluku Utara,HALMAHERA TENGAH,kabkota,2012,18.4,8.5
Maluku Utara,HALMAHERA TENGAH,kabkota,2013,17.44,8.3
Maluku Utara,HALMAHERA TENGAH,kabkota,2014,16.88,8.2
Maluku Utara,HALMAHERA TENGAH,kabkota,2015,15.23,7.52
Maluku Utara,HALMAHERA TENGAH,kabkota,2016,14.03,7.1
Maluku Utara,HALMAHERA TENGAH,kabkota,2017,14.15,7.42
Maluku Utara,HALMAHERA TENGAH,kabkota,2018,13.94,7.51
Maluku Utara,HALMAHERA TENGAH,kabkota,2019,14.12,7.81
Maluku Utara,HALMAHERA TENGAH,kabkota,2020,13.56,7.7
Maluku Utara,HALMAHERA TENGAH,kabkota,2021,13.52,7.65
Maluku Utara,HALMAHERA TENGAH,kabkota,2022,12.0,6.93
Maluku Utara,HALMAHERA TENGAH,kabkota,2023,11.44,6.74
Maluku Utara,HALMAHERA TENGAH,kabkota,2024,10.71,6.44
Maluku Utara,HALMAHERA TENGAH,kabkota,2025,9.16,5.61
Maluku Utara,HALMAHERA TIMUR,kabkota,2004,22.39,12.0
Maluku Utara,HALMAHERA TIMUR,kabkota,2005,24.48,13.4
Maluku Utara,HALMAHERA TIMUR,kabkota,2006,22.68,14.2
Maluku Utara,HALMAHERA TIMUR,kabkota,2007,21.54,13.5
Maluku Utara,HALMAHERA TIMUR,kabkota,2008,21.13,13.8
Maluku Utara,HALMAHERA TIMUR,kabkota,2009,19.55,13.5
Maluku Utara,HALMAHERA TIMUR,kabkota,2010,19.3,14.2
Maluku Utara,HALMAHERA TIMUR,kabkota,2011,20.72,15.6
Maluku Utara,HALMAHERA TIMUR,kabkota,2012,16.34,12.9
Maluku Utara,HALMAHERA TIMUR,kabkota,2013,16.43,13.3
Maluku Utara,HALMAHERA TIMUR,kabkota,2014,15.94,13.3
Maluku Utara,HALMAHERA TIMUR,kabkota,2015,15.33,13.3
Maluku Utara,HALMAHERA TIMUR,kabkota,2016,15.48,13.48
Maluku Utara,HALMAHERA TIMUR,kabkota,2017,15.25,13.62
Maluku Utara,HALMAHERA TIMUR,kabkota,2018,15.02,13.82
Maluku Utara,HALMAHERA TIMUR,kabkota,2019,15.39,14.53
Maluku Utara,HALMAHERA TIMUR,kabkota,2020,15.45,14.97
Maluku Utara,HALMAHERA TIMUR,kabkota,2021,15.04,14.58
Maluku Utara,HALMAHERA TIMUR,kabkota,2022,13.14,13.0
Maluku Utara,HALMAHERA TIMUR,kabkota,2023,12.47,12.59
Maluku Utara,HALMAHERA TIMUR,kabkota,2024,11.91,12.27
Maluku Utara,HALMAHERA TIMUR,kabkota,2025,10.54,11.05
Maluku Utara,HALMAHERA UTARA,kabkota,2004,10.41,17.8
Maluku Utara,HALMAHERA UTARA,kabkota,2005,11.32,19.9
Maluku Utara,HALMAHERA UTARA,kabkota,2006,10.36,18.5
Maluku Utara,HALMAHERA UTARA,kabkota,2007,9.63,17.5
Maluku Utara,HALMAHERA UTARA,kabkota,2008,8.9,16.6
Maluku Utara,HALMAHERA UTARA,kabkota,2009,7.93,15.2
Maluku Utara,HALMAHERA UTARA,kabkota,2010,7.82,13.1
Maluku Utara,HALMAHERA UTARA,kabkota,2011,8.46,14.1
Maluku Utara,HALMAHERA UTARA,kabkota,2012,6.72,11.5
Maluku Utara,HALMAHERA UTARA,kabkota,2013,5.9,10.3
Maluku Utara,HALMAHERA UTARA,kabkota,2014,5.74,10.2
Maluku Utara,HALMAHERA UTARA,kabkota,2015,4.99,8.95
Maluku Utara,HALMAHERA UTARA,kabkota,2016,4.19,7.59
Maluku Utara,HALMAHERA UTARA,kabkota,2017,4.22,7.84
Maluku Utara,HALMAHERA UTARA,kabkota,2018,4.51,8.56
Maluku Utara,HALMAHERA UTARA,kabkota,2019,4.55,8.79
Maluku Utara,HALMAHERA UTARA,kabkota,2020,4.45,8.75
Maluku Utara,HALMAHERA UTARA,kabkota,2021,5.22,10.16
Maluku Utara,HALMAHERA UTARA,kabkota,2022,4.58,9.01
Maluku Utara,HALMAHERA UTARA,kabkota,2023,4.62,9.18
Maluku Utara,HALMAHERA UTARA,kabkota,2024,4.71,9.48
Maluku Utara,HALMAHERA UTARA,kabkota,2025,4.35,8.84
Maluku Utara,KEPULAUAN SULA,kabkota,2004,29.61,9.4
Maluku Utara,KEPULAUAN SULA,kabkota,2005,16.08,19.5
Maluku Utara,KEPULAUAN SULA,kabkota,2006,15.14,19.3
Maluku Utara,KEPULAUAN SULA,kabkota,2007,14.07,17.7
Maluku Utara,KEPULAUAN SULA,kabkota,2008,13.71,17.4
Maluku Utara,KEPULAUAN SULA,kabkota,2009,11.51,14.7
Maluku Utara,KEPULAUAN SULA,kabkota,2010,8.98,11.9
Maluku Utara,KEPULAUAN SULA,kabkota,2011,10.42,14.2
Maluku Utara,KEPULAUAN SULA,kabkota,2012,8.5,11.8
Maluku Utara,KEPULAUAN SULA,kabkota,2013,9.16,13.0
Maluku Utara,KEPULAUAN SULA,kabkota,2014,8.76,12.6
Maluku Utara,KEPULAUAN SULA,kabkota,2015,8.85,9.02
Maluku Utara,KEPULAUAN SULA,kabkota,2016,8.63,8.79
Maluku Utara,KEPULAUAN SULA,kabkota,2017,8.59,8.79
Maluku Utara,KEPULAUAN SULA,kabkota,2018,8.89,9.19
Maluku Utara,KEPULAUAN SULA,kabkota,2019,8.98,9.29
Maluku Utara,KEPULAUAN SULA,kabkota,2020,8.35,8.81
Maluku Utara,KEPULAUAN SULA,kabkota,2021,8.23,8.36
Maluku Utara,KEPULAUAN SULA,kabkota,2022,7.64,7.84
Maluku Utara,KEPULAUAN SULA,kabkota,2023,8.17,8.45
Maluku Utara,KEPULAUAN SULA,kabkota,2024,7.96,8.31
Maluku Utara,KEPULAUAN SULA,kabkota,2025,7.65,8.05
Maluku Utara,KOTA TERNATE,kabkota,2004,3.99,6.0
Maluku Utara,KOTA TERNATE,kabkota,2005,4.85,7.8
Maluku Utara,KOTA TERNATE,kabkota,2006,4.54,7.3
Maluku Utara,KOTA TERNATE,kabkota,2007,4.26,6.9
Maluku Utara,KOTA TERNATE,kabkota,2008,4.15,6.9
Maluku Utara,KOTA TERNATE,kabkota,2009,4.22,7.2
Maluku Utara,KOTA TERNATE,kabkota,2010,4.53,8.4
Maluku Utara,KOTA TERNATE,kabkota,2011,5.16,9.9
Maluku Utara,KOTA TERNATE,kabkota,2012,4.0,8.0
Maluku Utara,KOTA TERNATE,kabkota,2013,3.24,6.6
Maluku Utara,KOTA TERNATE,kabkota,2014,3.16,6.6
Maluku Utara,KOTA TERNATE,kabkota,2015,2.99,6.37
Maluku Utara,KOTA TERNATE,kabkota,2016,2.67,5.74
Maluku Utara,KOTA TERNATE,kabkota,2017,2.73,6.04
Maluku Utara,KOTA TERNATE,kabkota,2018,3.0,6.76
Maluku Utara,KOTA TERNATE,kabkota,2019,3.14,7.25
Maluku Utara,KOTA TERNATE,kabkota,2020,3.46,8.18
Maluku Utara,KOTA TERNATE,kabkota,2021,3.55,8.45
Maluku Utara,KOTA TERNATE,kabkota,2022,3.11,7.54
Maluku Utara,KOTA TERNATE,kabkota,2023,3.39,8.36
Maluku Utara,KOTA TERNATE,kabkota,2024,3.14,7.88
Maluku Utara,KOTA TERNATE,kabkota,2025,3.34,8.51
Maluku Utara,KOTA TIDORE KEPULAUAN,kabkota,2004,10.68,8.4
Maluku Utara,KOTA TIDORE KEPULAUAN,kabkota,2005,8.32,6.7
Maluku Utara,KOTA TIDORE KEPULAUAN,kabkota,2006,8.31,6.6
Maluku Utara,KOTA TIDORE KEPULAUAN,kabkota,2007,7.43,5.9
Maluku Utara,KOTA TIDORE KEPULAUAN,kabkota,2008,6.54,5.2
Maluku Utara,KOTA TIDORE KEPULAUAN,kabkota,2009,6.01,4.9
Maluku Utara,KOTA TIDORE KEPULAUAN,kabkota,2010,7.08,6.3
Maluku Utara,KOTA TIDORE KEPULAUAN,kabkota,2011,7.34,6.8
Maluku Utara,KOTA TIDORE KEPULAUAN,kabkota,2012,6.0,5.6
Maluku Utara,KOTA TIDORE KEPULAUAN,kabkota,2013,5.77,5.5
Maluku Utara,KOTA TIDORE KEPULAUAN,kabkota,2014,5.71,5.5
Maluku Utara,KOTA TIDORE KEPULAUAN,kabkota,2015,5.38,5.2
Maluku Utara,KOTA TIDORE KEPULAUAN,kabkota,2016,5.07,4.96
Maluku Utara,KOTA TIDORE KEPULAUAN,kabkota,2017,5.45,5.39
Maluku Utara,KOTA TIDORE KEPULAUAN,kabkota,2018,5.95,5.95
Maluku Utara,KOTA TIDORE KEPULAUAN,kabkota,2019,6.1,6.17
Maluku Utara,KOTA TIDORE KEPULAUAN,kabkota,2020,6.52,6.66
Maluku Utara,KOTA TIDORE KEPULAUAN,kabkota,2021,6.58,6.64
Maluku Utara,KOTA TIDORE KEPULAUAN,kabkota,2022,5.99,6.08
Maluku Utara,KOTA TIDORE KEPULAUAN,kabkota,2023,6.35,6.48
Maluku Utara,KOTA TIDORE KEPULAUAN,kabkota,2024,6.56,6.72
Maluku Utara,KOTA TIDORE KEPULAUAN,kabkota,2025,6.54,6.73
Maluku Utara,Maluku Utara,provinsi,2004,12.42,107.8
Maluku Utara,Maluku Utara,provinsi,2005,13.23,118.6
Maluku Utara,Maluku Utara,provinsi,2006,12.73,116.8
Maluku Utara,Maluku Utara,provinsi,2007,11.97,109.9
Maluku Utara,Maluku Utara,provinsi,2008,11.51,107.9
Maluku Utara,Maluku Utara,provinsi,2009,10.34,99.1
Maluku Utara,Maluku Utara,provinsi,2010,9.79,101.8
Maluku Utara,Maluku Utara,provinsi,2011,10.0,107.0
Maluku Utara,Maluku Utara,provinsi,2012,8.05,88.4
Maluku Utara,Maluku Utara,provinsi,2013,7.64,85.6
Maluku Utara,Maluku Utara,provinsi,2014,7.41,84.8
Maluku Utara,Maluku Utara,provinsi,2015,6.84,79.9
Maluku Utara,Maluku Utara,provinsi,2016,6.33,74.67
Maluku Utara,Maluku Utara,provinsi,2017,6.35,76.47
Maluku Utara,Maluku Utara,provinsi,2018,6.64,81.46
Maluku Utara,Maluku Utara,provinsi,2019,6.77,84.6
Maluku Utara,Maluku Utara,provinsi,2020,6.78,86.37
Maluku Utara,Maluku Utara,provinsi,2021,6.89,87.16
Maluku Utara,Maluku Utara,provinsi,2022,6.23,79.88
Maluku Utara,Maluku Utara,provinsi,2023,6.46,83.8
Maluku Utara,Maluku Utara,provinsi,2024,6.32,83.09
Maluku Utara,Maluku Utara,provinsi,2025,5.81,77.27
Maluku Utara,PULAU MOROTAI,kabkota,2004,,
Maluku Utara,PULAU MOROTAI,kabkota,2005,,
Maluku Utara,PULAU MOROTAI,kabkota,2006,,
Maluku Utara,PULAU MOROTAI,kabkota,2007,,
Maluku Utara,PULAU MOROTAI,kabkota,2008,,
Maluku Utara,PULAU MOROTAI,kabkota,2009,,
Maluku Utara,PULAU MOROTAI,kabkota,2010,10.59,5.6
Maluku Utara,PULAU MOROTAI,kabkota,2011,11.61,6.3
Maluku Utara,PULAU MOROTAI,kabkota,2012,9.45,5.3
Maluku Utara,PULAU MOROTAI,kabkota,2013,9.18,5.3
Maluku Utara,PULAU MOROTAI,kabkota,2014,8.74,5.2
Maluku Utara,PULAU MOROTAI,kabkota,2015,8.39,5.09
Maluku Utara,PULAU MOROTAI,kabkota,2016,7.08,4.38
Maluku Utara,PULAU MOROTAI,kabkota,2017,7.07,4.5
Maluku Utara,PULAU MOROTAI,kabkota,2018,7.16,4.67
Maluku Utara,PULAU MOROTAI,kabkota,2019,7.27,4.86
Maluku Utara,PULAU MOROTAI,kabkota,2020,6.46,4.43
Maluku Utara,PULAU MOROTAI,kabkota,2021,6.52,4.45
Maluku Utara,PULAU MOROTAI,kabkota,2022,5.42,3.77
Maluku Utara,PULAU MOROTAI,kabkota,2023,5.38,3.81
Maluku Utara,PULAU MOROTAI,kabkota,2024,5.11,3.69
Maluku Utara,PULAU MOROTAI,kabkota,2025,4.49,3.29
Maluku Utara,PULAU TALIABU,kabkota,2004,,
Maluku Utara,PULAU TALIABU,kabkota,2005,,
Maluku Utara,PULAU TALIABU,kabkota,2006,,
Maluku Utara,PULAU TALIABU,kabkota,2007,,
Maluku Utara,PULAU TALIABU,kabkota,2008,,
Maluku Utara,PULAU TALIABU,kabkota,2009,,
Maluku Utara,PULAU TALIABU,kabkota,2010,,
Maluku Utara,PULAU TALIABU,kabkota,2011,,
Maluku Utara,PULAU TALIABU,kabkota,2012,,
Maluku Utara,PULAU TALIABU,kabkota,2013,,
Maluku Utara,PULAU TALIABU,kabkota,2014,,
Maluku Utara,PULAU TALIABU,kabkota,2015,7.04,3.55
Maluku Utara,PULAU TALIABU,kabkota,2016,7.29,3.73
Maluku Utara,PULAU TALIABU,kabkota,2017,7.17,3.71
Maluku Utara,PULAU TALIABU,kabkota,2018,7.35,3.85
Maluku Utara,PULAU TALIABU,kabkota,2019,7.53,3.98
Maluku Utara,PULAU TALIABU,kabkota,2020,7.3,3.89
Maluku Utara,PULAU TALIABU,kabkota,2021,7.49,4.05
Maluku Utara,PULAU TALIABU,kabkota,2022,6.88,3.76
Maluku Utara,PULAU TALIABU,kabkota,2023,7.31,4.03
Maluku Utara,PULAU TALIABU,kabkota,2024,7.13,3.97
Maluku Utara,PULAU TALIABU,kabkota,2025,6.63,3.72
Nusa Tenggara Barat,BIMA,kabkota,2004,22.38,90.9
Nusa Tenggara Barat,BIMA,kabkota,2005,24.93,108.3
Nusa Tenggara Barat,BIMA,kabkota,2006,27.4,112.3
Nusa Tenggara Barat,BIMA,kabkota,2007,25.12,108.1
Nusa Tenggara Barat,BIMA,kabkota,2008,21.79,94.9
Nusa Tenggara Barat,BIMA,kabkota,2009,20.42,89.7
Nusa Tenggara Barat,BIMA,kabkota,2010,19.41,85.2
Nusa Tenggara Barat,BIMA,kabkota,2011,17.66,78.5
Nusa Tenggara Barat,BIMA,kabkota,2012,16.23,73.6
Nusa Tenggara Barat,BIMA,kabkota,2013,16.24,74.6
Nusa Tenggara Barat,BIMA,kabkota,2014,16.04,74.5
Nusa Tenggara Barat,BIMA,kabkota,2015,15.78,73.71
Nusa Tenggara Barat,BIMA,kabkota,2016,15.31,72.36
Nusa Tenggara Barat,BIMA,kabkota,2017,15.1,72.14
Nusa Tenggara Barat,BIMA,kabkota,2018,14.84,71.65
Nusa Tenggara Barat,BIMA,kabkota,2019,14.76,71.95
Nusa Tenggara Barat,BIMA,kabkota,2020,14.49,71.32
Nusa Tenggara Barat,BIMA,kabkota,2021,14.88,75.49
Nusa Tenggara Barat,BIMA,kabkota,2022,14.5,74.46
Nusa Tenggara Barat,BIMA,kabkota,2023,14.39,74.74
Nusa Tenggara Barat,BIMA,kabkota,2024,13.88,72.92
Nusa Tenggara Barat,BIMA,kabkota,2025,12.59,66.81
Nusa Tenggara Barat,DOMPU,kabkota,2004,26.49,52.2
Nusa Tenggara Barat,DOMPU,kabkota,2005,28.0,61.1
Nusa Tenggara Barat,DOMPU,kabkota,2006,30.68,63.4
Nusa Tenggara Barat,DOMPU,kabkota,2007,28.57,62.0
Nusa Tenggara Barat,DOMPU,kabkota,2008,24.52,54.7
Nusa Tenggara Barat,DOMPU,kabkota,2009,21.76,49.5
Nusa Tenggara Barat,DOMPU,kabkota,2010,19.89,43.7
Nusa Tenggara Barat,DOMPU,kabkota,2011,18.17,40.3
Nusa Tenggara Barat,DOMPU,kabkota,2012,16.58,37.8
Nusa Tenggara Barat,DOMPU,kabkota,2013,14.24,33.0
Nusa Tenggara Barat,DOMPU,kabkota,2014,15.46,36.4
Nusa Tenggara Barat,DOMPU,kabkota,2015,15.11,35.94
Nusa Tenggara Barat,DOMPU,kabkota,2016,14.23,34.31
Nusa Tenggara Barat,DOMPU,kabkota,2017,13.43,32.85
Nusa Tenggara Barat,DOMPU,kabkota,2018,12.4,30.74
Nusa Tenggara Barat,DOMPU,kabkota,2019,12.25,30.81
Nusa Tenggara Barat,DOMPU,kabkota,2020,12.16,30.97
Nusa Tenggara Barat,DOMPU,kabkota,2021,12.6,33.26
Nusa Tenggara Barat,DOMPU,kabkota,2022,12.4,33.27
Nusa Tenggara Barat,DOMPU,kabkota,2023,12.62,34.38
Nusa Tenggara Barat,DOMPU,kabkota,2024,11.59,32.08
Nusa Tenggara Barat,DOMPU,kabkota,2025,11.15,31.27
Nusa Tenggara Barat,KOTA BIMA,kabkota,2004,13.43,15.7
Nusa Tenggara Barat,KOTA BIMA,kabkota,2005,13.4,16.9
Nusa Tenggara Barat,KOTA BIMA,kabkota,2006,13.99,17.5
Nusa Tenggara Barat,KOTA BIMA,kabkota,2007,11.85,15.7
Nusa Tenggara Barat,KOTA BIMA,kabkota,2008,14.38,19.5
Nusa Tenggara Barat,KOTA BIMA,kabkota,2009,13.65,18.9
Nusa Tenggara Barat,KOTA BIMA,kabkota,2010,12.81,18.3
Nusa Tenggara Barat,KOTA BIMA,kabkota,2011,11.69,16.9
Nusa Tenggara Barat,KOTA BIMA,kabkota,2012,10.54,15.9
Nusa Tenggara Barat,KOTA BIMA,kabkota,2013,9.91,15.2
Nusa Tenggara Barat,KOTA BIMA,kabkota,2014,9.74,15.3
Nusa Tenggara Barat,KOTA BIMA,kabkota,2015,9.85,15.7
Nusa Tenggara Barat,KOTA BIMA,kabkota,2016,9.51,15.42
Nusa Tenggara Barat,KOTA BIMA,kabkota,2017,9.27,15.36
Nusa Tenggara Barat,KOTA BIMA,kabkota,2018,8.79,14.84
Nusa Tenggara Barat,KOTA BIMA,kabkota,2019,8.6,14.8
Nusa Tenggara Barat,KOTA BIMA,kabkota,2020,8.35,14.66
Nusa Tenggara Barat,KOTA BIMA,kabkota,2021,8.88,16.22
Nusa Tenggara Barat,KOTA BIMA,kabkota,2022,8.8,16.44
Nusa Tenggara Barat,KOTA BIMA,kabkota,2023,8.67,16.53
Nusa Tenggara Barat,KOTA BIMA,kabkota,2024,8.12,15.81
Nusa Tenggara Barat,KOTA BIMA,kabkota,2025,7.33,14.54
Nusa Tenggara Barat,KOTA MATARAM,kabkota,2004,9.37,32.5
Nusa Tenggara Barat,KOTA MATARAM,kabkota,2005,10.03,37.9
Nusa Tenggara Barat,KOTA MATARAM,kabkota,2006,11.71,41.5
Nusa Tenggara Barat,KOTA MATARAM,kabkota,2007,9.67,35.9
Nusa Tenggara Barat,KOTA MATARAM,kabkota,2008,16.13,61.2
Nusa Tenggara Barat,KOTA MATARAM,kabkota,2009,15.41,60.6
Nusa Tenggara Barat,KOTA MATARAM,kabkota,2010,14.44,58.3
Nusa Tenggara Barat,KOTA MATARAM,kabkota,2011,13.18,53.7
Nusa Tenggara Barat,KOTA MATARAM,kabkota,2012,11.88,50.5
Nusa Tenggara Barat,KOTA MATARAM,kabkota,2013,10.75,46.7
Nusa Tenggara Barat,KOTA MATARAM,kabkota,2014,10.53,46.7
Nusa Tenggara Barat,KOTA MATARAM,kabkota,2015,10.45,46.76
Nusa Tenggara Barat,KOTA MATARAM,kabkota,2016,9.8,44.81
Nusa Tenggara Barat,KOTA MATARAM,kabkota,2017,9.55,44.53
Nusa Tenggara Barat,KOTA MATARAM,kabkota,2018,8.96,42.6
Nusa Tenggara Barat,KOTA MATARAM,kabkota,2019,8.92,43.19
Nusa Tenggara Barat,KOTA MATARAM,kabkota,2020,8.47,41.8
Nusa Tenggara Barat,KOTA MATARAM,kabkota,2021,8.65,44.45
Nusa Tenggara Barat,KOTA MATARAM,kabkota,2022,8.63,45.3
Nusa Tenggara Barat,KOTA MATARAM,kabkota,2023,8.62,46.21
Nusa Tenggara Barat,KOTA MATARAM,kabkota,2024,8.0,43.74
Nusa Tenggara Barat,KOTA MATARAM,kabkota,2025,7.15,39.82
Nusa Tenggara Barat,LOMBOK BARAT,kabkota,2004,31.87,230.5
Nusa Tenggara Barat,LOMBOK BARAT,kabkota,2005,31.6,248.6
Nusa Tenggara Barat,LOMBOK BARAT,kabkota,2006,31.24,244.5
Nusa Tenggara Barat,LOMBOK BARAT,kabkota,2007,28.97,240.7
Nusa Tenggara Barat,LOMBOK BARAT,kabkota,2008,25.97,222.2
Nusa Tenggara Barat,LOMBOK BARAT,kabkota,2009,24.02,208.5
Nusa Tenggara Barat,LOMBOK BARAT,kabkota,2010,21.59,129.8
Nusa Tenggara Barat,LOMBOK BARAT,kabkota,2011,19.7,119.6
Nusa Tenggara Barat,LOMBOK BARAT,kabkota,2012,17.91,112.2
Nusa Tenggara Barat,LOMBOK BARAT,kabkota,2013,17.43,111.0
Nusa Tenggara Barat,LOMBOK BARAT,kabkota,2014,17.11,110.7
Nusa Tenggara Barat,LOMBOK BARAT,kabkota,2015,17.38,113.3
Nusa Tenggara Barat,LOMBOK BARAT,kabkota,2016,16.73,110.85
Nusa Tenggara Barat,LOMBOK BARAT,kabkota,2017,16.46,110.69
Nusa Tenggara Barat,LOMBOK BARAT,kabkota,2018,15.2,103.77
Nusa Tenggara Barat,LOMBOK BARAT,kabkota,2019,15.17,105.04
Nusa Tenggara Barat,LOMBOK BARAT,kabkota,2020,14.28,100.25
Nusa Tenggara Barat,LOMBOK BARAT,kabkota,2021,14.47,105.24
Nusa Tenggara Barat,LOMBOK BARAT,kabkota,2022,13.39,99.01
Nusa Tenggara Barat,LOMBOK BARAT,kabkota,2023,13.67,102.71
Nusa Tenggara Barat,LOMBOK BARAT,kabkota,2024,12.65,96.57
Nusa Tenggara Barat,LOMBOK BARAT,kabkota,2025,11.9,92.12
Nusa Tenggara Barat,LOMBOK TENGAH,kabkota,2004,27.1,211.3
Nusa Tenggara Barat,LOMBOK TENGAH,kabkota,2005,26.52,222.7
Nusa Tenggara Barat,LOMBOK TENGAH,kabkota,2006,27.98,231.0
Nusa Tenggara Barat,LOMBOK TENGAH,kabkota,2007,25.74,223.4
Nusa Tenggara Barat,LOMBOK TENGAH,kabkota,2008,22.32,197.2
Nusa Tenggara Barat,LOMBOK TENGAH,kabkota,2009,20.94,187.6
Nusa Tenggara Barat,LOMBOK TENGAH,kabkota,2010,19.92,171.4
Nusa Tenggara Barat,LOMBOK TENGAH,kabkota,2011,18.14,158.0
Nusa Tenggara Barat,LOMBOK TENGAH,kabkota,2012,16.72,148.2
Nusa Tenggara Barat,LOMBOK TENGAH,kabkota,2013,16.2,145.2
Nusa Tenggara Barat,LOMBOK TENGAH,kabkota,2014,16.03,145.2
Nusa Tenggara Barat,LOMBOK TENGAH,kabkota,2015,16.26,147.94
Nusa Tenggara Barat,LOMBOK TENGAH,kabkota,2016,15.8,145.37
Nusa Tenggara Barat,LOMBOK TENGAH,kabkota,2017,15.31,142.14
Nusa Tenggara Barat,LOMBOK TENGAH,kabkota,2018,13.87,130.0
Nusa Tenggara Barat,LOMBOK TENGAH,kabkota,2019,13.63,128.82
Nusa Tenggara Barat,LOMBOK TENGAH,kabkota,2020,13.44,128.1
Nusa Tenggara Barat,LOMBOK TENGAH,kabkota,2021,13.44,131.94
Nusa Tenggara Barat,LOMBOK TENGAH,kabkota,2022,12.89,128.0
Nusa Tenggara Barat,LOMBOK TENGAH,kabkota,2023,12.93,129.74
Nusa Tenggara Barat,LOMBOK TENGAH,kabkota,2024,12.07,122.32
Nusa Tenggara Barat,LOMBOK TENGAH,kabkota,2025,10.68,109.25
Nusa Tenggara Barat,LOMBOK TIMUR,kabkota,2004,26.83,274.1
Nusa Tenggara Barat,LOMBOK TIMUR,kabkota,2005,27.01,295.4
Nusa Tenggara Barat,LOMBOK TIMUR,kabkota,2006,27.74,292.0
Nusa Tenggara Barat,LOMBOK TIMUR,kabkota,2007,25.6,282.1
Nusa Tenggara Barat,LOMBOK TIMUR,kabkota,2008,25.43,284.3
Nusa Tenggara Barat,LOMBOK TIMUR,kabkota,2009,23.96,270.6
Nusa Tenggara Barat,LOMBOK TIMUR,kabkota,2010,23.82,263.7
Nusa Tenggara Barat,LOMBOK TIMUR,kabkota,2011,21.71,243.1
Nusa Tenggara Barat,LOMBOK TIMUR,kabkota,2012,20.08,227.9
Nusa Tenggara Barat,LOMBOK TIMUR,kabkota,2013,19.16,219.6
Nusa Tenggara Barat,LOMBOK TIMUR,kabkota,2014,19.0,219.7
Nusa Tenggara Barat,LOMBOK TIMUR,kabkota,2015,19.14,222.19
Nusa Tenggara Barat,LOMBOK TIMUR,kabkota,2016,18.46,216.18
Nusa Tenggara Barat,LOMBOK TIMUR,kabkota,2017,18.28,215.81
Nusa Tenggara Barat,LOMBOK TIMUR,kabkota,2018,16.55,196.87
Nusa Tenggara Barat,LOMBOK TIMUR,kabkota,2019,16.15,193.56
Nusa Tenggara Barat,LOMBOK TIMUR,kabkota,2020,15.24,183.84
Nusa Tenggara Barat,LOMBOK TIMUR,kabkota,2021,15.38,190.84
Nusa Tenggara Barat,LOMBOK TIMUR,kabkota,2022,15.14,189.64
Nusa Tenggara Barat,LOMBOK TIMUR,kabkota,2023,15.63,197.63
Nusa Tenggara Barat,LOMBOK TIMUR,kabkota,2024,14.51,185.03
Nusa Tenggara Barat,LOMBOK TIMUR,kabkota,2025,13.53,173.79
Nusa Tenggara Barat,LOMBOK UTARA,kabkota,2004,,
Nusa Tenggara Barat,LOMBOK UTARA,kabkota,2005,,
Nusa Tenggara Barat,LOMBOK UTARA,kabkota,2006,,
Nusa Tenggara Barat,LOMBOK UTARA,kabkota,2007,,
Nusa Tenggara Barat,LOMBOK UTARA,kabkota,2008,,
Nusa Tenggara Barat,LOMBOK UTARA,kabkota,2009,,
Nusa Tenggara Barat,LOMBOK UTARA,kabkota,2010,43.12,86.3
Nusa Tenggara Barat,LOMBOK UTARA,kabkota,2011,39.27,79.5
Nusa Tenggara Barat,LOMBOK UTARA,kabkota,2012,35.99,74.2
Nusa Tenggara Barat,LOMBOK UTARA,kabkota,2013,35.88,74.8
Nusa Tenggara Barat,LOMBOK UTARA,kabkota,2014,34.27,72.2
Nusa Tenggara Barat,LOMBOK UTARA,kabkota,2015,34.13,72.28
Nusa Tenggara Barat,LOMBOK UTARA,kabkota,2016,33.21,71.02
Nusa Tenggara Barat,LOMBOK UTARA,kabkota,2017,32.06,69.24
Nusa Tenggara Barat,LOMBOK UTARA,kabkota,2018,28.83,62.86
Nusa Tenggara Barat,LOMBOK UTARA,kabkota,2019,29.03,63.84
Nusa Tenggara Barat,LOMBOK UTARA,kabkota,2020,26.99,59.86
Nusa Tenggara Barat,LOMBOK UTARA,kabkota,2021,27.04,61.7
Nusa Tenggara Barat,LOMBOK UTARA,kabkota,2022,25.93,59.82
Nusa Tenggara Barat,LOMBOK UTARA,kabkota,2023,25.8,60.13
Nusa Tenggara Barat,LOMBOK UTARA,kabkota,2024,23.96,56.43
Nusa Tenggara Barat,LOMBOK UTARA,kabkota,2025,20.74,49.28
Nusa Tenggara Barat,Nusa Tenggara Barat,provinsi,2004,25.38,
Nusa Tenggara Barat,Nusa Tenggara Barat,provinsi,2005,25.92,
Nusa Tenggara Barat,Nusa Tenggara Barat,provinsi,2006,27.17,
Nusa Tenggara Barat,Nusa Tenggara Barat,provinsi,2007,24.99,
Nusa Tenggara Barat,Nusa Tenggara Barat,provinsi,2008,23.4,
Nusa Tenggara Barat,Nusa Tenggara Barat,provinsi,2009,21.88,
Nusa Tenggara Barat,Nusa Tenggara Barat,provinsi,2010,21.58,972.3
Nusa Tenggara Barat,Nusa Tenggara Barat,provinsi,2011,19.67,896.2
Nusa Tenggara Barat,Nusa Tenggara Barat,provinsi,2012,18.02,840.1
Nusa Tenggara Barat,Nusa Tenggara Barat,provinsi,2013,17.25,815.5
Nusa Tenggara Barat,Nusa Tenggara Barat,provinsi,2014,17.05,816.6
Nusa Tenggara Barat,Nusa Tenggara Barat,provinsi,2015,17.1,823.89
Nusa Tenggara Barat,Nusa Tenggara Barat,provinsi,2016,16.48,804.45
Nusa Tenggara Barat,Nusa Tenggara Barat,provinsi,2017,16.07,793.78
Nusa Tenggara Barat,Nusa Tenggara Barat,provinsi,2018,14.75,737.46
Nusa Tenggara Barat,Nusa Tenggara Barat,provinsi,2019,14.56,735.96
Nusa Tenggara Barat,Nusa Tenggara Barat,provinsi,2020,13.97,713.89
Nusa Tenggara Barat,Nusa Tenggara Barat,provinsi,2021,14.14,746.66
Nusa Tenggara Barat,Nusa Tenggara Barat,provinsi,2022,13.68,731.94
Nusa Tenggara Barat,Nusa Tenggara Barat,provinsi,2023,13.85,751.23
Nusa Tenggara Barat,Nusa Tenggara Barat,provinsi,2024,12.91,709.01
Nusa Tenggara Barat,Nusa Tenggara Barat,provinsi,2025,11.78,654.57
Nusa Tenggara Barat,SUMBAWA,kabkota,2004,26.35,123.4
Nusa Tenggara Barat,SUMBAWA,kabkota,2005,28.81,119.0
Nusa Tenggara Barat,SUMBAWA,kabkota,2006,30.99,124.9
Nusa Tenggara Barat,SUMBAWA,kabkota,2007,28.78,122.0
Nusa Tenggara Barat,SUMBAWA,kabkota,2008,25.31,109.6
Nusa Tenggara Barat,SUMBAWA,kabkota,2009,23.85,105.0
Nusa Tenggara Barat,SUMBAWA,kabkota,2010,21.74,90.5
Nusa Tenggara Barat,SUMBAWA,kabkota,2011,19.82,83.4
Nusa Tenggara Barat,SUMBAWA,kabkota,2012,18.26,78.2
Nusa Tenggara Barat,SUMBAWA,kabkota,2013,17.04,73.8
Nusa Tenggara Barat,SUMBAWA,kabkota,2014,16.87,73.9
Nusa Tenggara Barat,SUMBAWA,kabkota,2015,16.73,73.57
Nusa Tenggara Barat,SUMBAWA,kabkota,2016,16.12,71.66
Nusa Tenggara Barat,SUMBAWA,kabkota,2017,15.31,68.69
Nusa Tenggara Barat,SUMBAWA,kabkota,2018,14.08,63.77
Nusa Tenggara Barat,SUMBAWA,kabkota,2019,13.9,63.49
Nusa Tenggara Barat,SUMBAWA,kabkota,2020,13.65,62.88
Nusa Tenggara Barat,SUMBAWA,kabkota,2021,13.91,66.0
Nusa Tenggara Barat,SUMBAWA,kabkota,2022,13.5,64.73
Nusa Tenggara Barat,SUMBAWA,kabkota,2023,13.91,67.4
Nusa Tenggara Barat,SUMBAWA,kabkota,2024,12.87,63.0
Nusa Tenggara Barat,SUMBAWA,kabkota,2025,11.79,58.23
Nusa Tenggara Barat,SUMBAWA BARAT,kabkota,2004,,
Nusa Tenggara Barat,SUMBAWA BARAT,kabkota,2005,27.98,26.6
Nusa Tenggara Barat,SUMBAWA BARAT,kabkota,2006,30.5,29.1
Nusa Tenggara Barat,SUMBAWA BARAT,kabkota,2007,28.63,28.7
Nusa Tenggara Barat,SUMBAWA BARAT,kabkota,2008,24.27,25.2
Nusa Tenggara Barat,SUMBAWA BARAT,kabkota,2009,23.01,24.3
Nusa Tenggara Barat,SUMBAWA BARAT,kabkota,2010,21.81,25.1
Nusa Tenggara Barat,SUMBAWA BARAT,kabkota,2011,19.88,23.1
Nusa Tenggara Barat,SUMBAWA BARAT,kabkota,2012,17.61,21.7
Nusa Tenggara Barat,SUMBAWA BARAT,kabkota,2013,17.1,21.7
Nusa Tenggara Barat,SUMBAWA BARAT,kabkota,2014,16.87,22.0
Nusa Tenggara Barat,SUMBAWA BARAT,kabkota,2015,16.97,22.5
Nusa Tenggara Barat,SUMBAWA BARAT,kabkota,2016,16.5,22.47
Nusa Tenggara Barat,SUMBAWA BARAT,kabkota,2017,15.96,22.33
Nusa Tenggara Barat,SUMBAWA BARAT,kabkota,2018,14.17,20.36
Nusa Tenggara Barat,SUMBAWA BARAT,kabkota,2019,13.85,20.45
Nusa Tenggara Barat,SUMBAWA BARAT,kabkota,2020,13.34,20.2
Nusa Tenggara Barat,SUMBAWA BARAT,kabkota,2021,13.54,21.51
Nusa Tenggara Barat,SUMBAWA BARAT,kabkota,2022,13.02,21.28
Nusa Tenggara Barat,SUMBAWA BARAT,kabkota,2023,12.95,21.77
Nusa Tenggara Barat,SUMBAWA BARAT,kabkota,2024,12.23,21.13
Nusa Tenggara Barat,SUMBAWA BARAT,kabkota,2025,10.98,19.46
Nusa Tenggara Timur,ALOR,kabkota,2004,29.06,48.7
Nusa Tenggara Timur,ALOR,kabkota,2005,29.87,49.9
Nusa Tenggara Timur,ALOR,kabkota,2006,30.99,54.7
Nusa Tenggara Timur,ALOR,kabkota,2007,28.49,48.2
Nusa Tenggara Timur,ALOR,kabkota,2008,25.14,43.2
Nusa Tenggara Timur,ALOR,kabkota,2009,22.84,39.2
Nusa Tenggara Timur,ALOR,kabkota,2010,21.16,40.3
Nusa Tenggara Timur,ALOR,kabkota,2011,19.97,38.9
Nusa Tenggara Timur,ALOR,kabkota,2012,19.88,38.8
Nusa Tenggara Timur,ALOR,kabkota,2013,20.11,39.6
Nusa Tenggara Timur,ALOR,kabkota,2014,19.48,38.7
Nusa Tenggara Timur,ALOR,kabkota,2015,22.92,45.83
Nusa Tenggara Timur,ALOR,kabkota,2016,22.35,44.95
Nusa Tenggara Timur,ALOR,kabkota,2017,21.67,43.9
Nusa Tenggara Timur,ALOR,kabkota,2018,21.63,44.13
Nusa Tenggara Timur,ALOR,kabkota,2019,21.59,44.32
Nusa Tenggara Timur,ALOR,kabkota,2020,21.09,43.55
Nusa Tenggara Timur,ALOR,kabkota,2021,21.09,43.83
Nusa Tenggara Timur,ALOR,kabkota,2022,20.25,42.3
Nusa Tenggara Timur,ALOR,kabkota,2023,19.97,41.91
Nusa Tenggara Timur,ALOR,kabkota,2024,19.87,41.89
Nusa Tenggara Timur,ALOR,kabkota,2025,18.29,38.68
Nusa Tenggara Timur,BELU,kabkota,2004,20.51,70.4
Nusa Tenggara Timur,BELU,kabkota,2005,20.74,72.1
Nusa Tenggara Timur,BELU,kabkota,2006,20.09,79.0
Nusa Tenggara Timur,BELU,kabkota,2007,21.02,83.9
Nusa Tenggara Timur,BELU,kabkota,2008,19.69,82.7
Nusa Tenggara Timur,BELU,kabkota,2009,17.47,77.1
Nusa Tenggara Timur,BELU,kabkota,2010,15.48,54.7
Nusa Tenggara Timur,BELU,kabkota,2011,14.61,52.8
Nusa Tenggara Timur,BELU,kabkota,2012,14.42,28.4
Nusa Tenggara Timur,BELU,kabkota,2013,14.58,29.3
Nusa Tenggara Timur,BELU,kabkota,2014,14.24,54.5
Nusa Tenggara Timur,BELU,kabkota,2015,16.81,34.75
Nusa Tenggara Timur,BELU,kabkota,2016,15.82,33.13
Nusa Tenggara Timur,BELU,kabkota,2017,15.95,33.95
Nusa Tenggara Timur,BELU,kabkota,2018,15.7,33.91
Nusa Tenggara Timur,BELU,kabkota,2019,15.54,34.08
Nusa Tenggara Timur,BELU,kabkota,2020,15.37,34.18
Nusa Tenggara Timur,BELU,kabkota,2021,15.68,35.41
Nusa Tenggara Timur,BELU,kabkota,2022,14.84,33.98
Nusa Tenggara Timur,BELU,kabkota,2023,14.3,33.19
Nusa Tenggara Timur,BELU,kabkota,2024,13.86,32.57
Nusa Tenggara Timur,BELU,kabkota,2025,12.79,30.4
Nusa Tenggara Timur,ENDE,kabkota,2004,20.86,49.6
Nusa Tenggara Timur,ENDE,kabkota,2005,20.09,47.4
Nusa Tenggara Timur,ENDE,kabkota,2006,22.43,53.2
Nusa Tenggara Timur,ENDE,kabkota,2007,20.33,46.0
Nusa Tenggara Timur,ENDE,kabkota,2008,24.87,57.5
Nusa Tenggara Timur,ENDE,kabkota,2009,23.01,51.7
Nusa Tenggara Timur,ENDE,kabkota,2010,21.64,56.5
Nusa Tenggara Timur,ENDE,kabkota,2011,20.37,54.5
Nusa Tenggara Timur,ENDE,kabkota,2012,20.53,54.6
Nusa Tenggara Timur,ENDE,kabkota,2013,21.03,56.2
Nusa Tenggara Timur,ENDE,kabkota,2014,20.37,54.7
Nusa Tenggara Timur,ENDE,kabkota,2015,23.49,63.23
Nusa Tenggara Timur,ENDE,kabkota,2016,23.89,64.65
Nusa Tenggara Timur,ENDE,kabkota,2017,23.95,65.11
Nusa Tenggara Timur,ENDE,kabkota,2018,24.2,66.01
Nusa Tenggara Timur,ENDE,kabkota,2019,23.18,63.45
Nusa Tenggara Timur,ENDE,kabkota,2020,23.76,65.22
Nusa Tenggara Timur,ENDE,kabkota,2021,24.13,66.38
Nusa Tenggara Timur,ENDE,kabkota,2022,23.0,63.4
Nusa Tenggara Timur,ENDE,kabkota,2023,22.86,63.1
Nusa Tenggara Timur,ENDE,kabkota,2024,22.57,62.37
Nusa Tenggara Timur,ENDE,kabkota,2025,21.31,58.92
Nusa Tenggara Timur,FLORES TIMUR,kabkota,2004,15.35,33.1
Nusa Tenggara Timur,FLORES TIMUR,kabkota,2005,15.86,33.9
Nusa Tenggara Timur,FLORES TIMUR,kabkota,2006,16.54,37.2
Nusa Tenggara Timur,FLORES TIMUR,kabkota,2007,14.38,31.2
Nusa Tenggara Timur,FLORES TIMUR,kabkota,2008,13.21,29.3
Nusa Tenggara Timur,FLORES TIMUR,kabkota,2009,11.04,24.8
Nusa Tenggara Timur,FLORES TIMUR,kabkota,2010,9.61,22.4
Nusa Tenggara Timur,FLORES TIMUR,kabkota,2011,9.06,21.6
Nusa Tenggara Timur,FLORES TIMUR,kabkota,2012,9.06,21.7
Nusa Tenggara Timur,FLORES TIMUR,kabkota,2013,8.1,19.6
Nusa Tenggara Timur,FLORES TIMUR,kabkota,2014,7.83,19.2
Nusa Tenggara Timur,FLORES TIMUR,kabkota,2015,9.66,24.02
Nusa Tenggara Timur,FLORES TIMUR,kabkota,2016,10.31,25.65
Nusa Tenggara Timur,FLORES TIMUR,kabkota,2017,10.75,26.97
Nusa Tenggara Timur,FLORES TIMUR,kabkota,2018,11.05,27.99
Nusa Tenggara Timur,FLORES TIMUR,kabkota,2019,10.9,27.83
Nusa Tenggara Timur,FLORES TIMUR,kabkota,2020,10.84,27.89
Nusa Tenggara Timur,FLORES TIMUR,kabkota,2021,11.14,28.9
Nusa Tenggara Timur,FLORES TIMUR,kabkota,2022,10.75,28.08
Nusa Tenggara Timur,FLORES TIMUR,kabkota,2023,11.77,30.93
Nusa Tenggara Timur,FLORES TIMUR,kabkota,2024,11.25,29.74
Nusa Tenggara Timur,FLORES TIMUR,kabkota,2025,10.88,28.92
Nusa Tenggara Timur,KOTA KUPANG,kabkota,2004,10.65,27.8
Nusa Tenggara Timur,KOTA KUPANG,kabkota,2005,8.36,22.1
Nusa Tenggara Timur,KOTA KUPANG,kabkota,2006,8.71,24.2
Nusa Tenggara Timur,KOTA KUPANG,kabkota,2007,7.5,20.3
Nusa Tenggara Timur,KOTA KUPANG,kabkota,2008,14.66,46.1
Nusa Tenggara Timur,KOTA KUPANG,kabkota,2009,12.51,35.4
Nusa Tenggara Timur,KOTA KUPANG,kabkota,2010,10.56,35.7
Nusa Tenggara Timur,KOTA KUPANG,kabkota,2011,9.88,34.5
Nusa Tenggara Timur,KOTA KUPANG,kabkota,2012,9.33,33.6
Nusa Tenggara Timur,KOTA KUPANG,kabkota,2013,9.12,33.8
Nusa Tenggara Timur,KOTA KUPANG,kabkota,2014,8.7,33.3
Nusa Tenggara Timur,KOTA KUPANG,kabkota,2015,10.21,39.73
Nusa Tenggara Timur,KOTA KUPANG,kabkota,2016,9.97,39.59
Nusa Tenggara Timur,KOTA KUPANG,kabkota,2017,9.81,40.22
Nusa Tenggara Timur,KOTA KUPANG,kabkota,2018,9.61,40.44
Nusa Tenggara Timur,KOTA KUPANG,kabkota,2019,9.22,39.86
Nusa Tenggara Timur,KOTA KUPANG,kabkota,2020,8.96,39.72
Nusa Tenggara Timur,KOTA KUPANG,kabkota,2021,9.17,41.77
Nusa Tenggara Timur,KOTA KUPANG,kabkota,2022,8.61,40.2
Nusa Tenggara Timur,KOTA KUPANG,kabkota,2023,8.61,41.2
Nusa Tenggara Timur,KOTA KUPANG,kabkota,2024,8.24,40.38
Nusa Tenggara Timur,KOTA KUPANG,kabkota,2025,7.57,37.91
Nusa Tenggara Timur,KUPANG,kabkota,2004,32.68,109.0
Nusa Tenggara Timur,KUPANG,kabkota,2005,33.54,111.8
Nusa Tenggara Timur,KUPANG,kabkota,2006,33.84,122.6
Nusa Tenggara Timur,KUPANG,kabkota,2007,31.32,111.6
Nusa Tenggara Timur,KUPANG,kabkota,2008,26.95,95.6
Nusa Tenggara Timur,KUPANG,kabkota,2009,24.16,90.0
Nusa Tenggara Timur,KUPANG,kabkota,2010,20.78,63.2
Nusa Tenggara Timur,KUPANG,kabkota,2011,19.54,61.0
Nusa Tenggara Timur,KUPANG,kabkota,2012,19.96,98.6
Nusa Tenggara Timur,KUPANG,kabkota,2013,20.06,101.5
Nusa Tenggara Timur,KUPANG,kabkota,2014,19.05,65.0
Nusa Tenggara Timur,KUPANG,kabkota,2015,23.37,80.98
Nusa Tenggara Timur,KUPANG,kabkota,2016,23.43,82.57
Nusa Tenggara Timur,KUPANG,kabkota,2017,22.91,84.35
Nusa Tenggara Timur,KUPANG,kabkota,2018,23.1,88.67
Nusa Tenggara Timur,KUPANG,kabkota,2019,23.03,92.02
Nusa Tenggara Timur,KUPANG,kabkota,2020,22.77,94.94
Nusa Tenggara Timur,KUPANG,kabkota,2021,22.98,91.25
Nusa Tenggara Timur,KUPANG,kabkota,2022,21.7,88.02
Nusa Tenggara Timur,KUPANG,kabkota,2023,21.78,90.23
Nusa Tenggara Timur,KUPANG,kabkota,2024,21.37,90.34
Nusa Tenggara Timur,KUPANG,kabkota,2025,20.32,87.5
Nusa Tenggara Timur,LEMBATA,kabkota,2004,34.56,33.5
Nusa Tenggara Timur,LEMBATA,kabkota,2005,35.79,34.4
Nusa Tenggara Timur,LEMBATA,kabkota,2006,36.97,37.7
Nusa Tenggara Timur,LEMBATA,kabkota,2007,34.45,33.5
Nusa Tenggara Timur,LEMBATA,kabkota,2008,29.24,28.8
Nusa Tenggara Timur,LEMBATA,kabkota,2009,26.39,27.0
Nusa Tenggara Timur,LEMBATA,kabkota,2010,26.74,31.6
Nusa Tenggara Timur,LEMBATA,kabkota,2011,25.17,30.5
Nusa Tenggara Timur,LEMBATA,kabkota,2012,24.56,30.6
Nusa Tenggara Timur,LEMBATA,kabkota,2013,23.25,29.6
Nusa Tenggara Timur,LEMBATA,kabkota,2014,22.32,29.1
Nusa Tenggara Timur,LEMBATA,kabkota,2015,27.13,35.93
Nusa Tenggara Timur,LEMBATA,kabkota,2016,26.26,35.18
Nusa Tenggara Timur,LEMBATA,kabkota,2017,26.48,36.26
Nusa Tenggara Timur,LEMBATA,kabkota,2018,26.45,36.95
Nusa Tenggara Timur,LEMBATA,kabkota,2019,26.3,37.46
Nusa Tenggara Timur,LEMBATA,kabkota,2020,26.14,37.92
Nusa Tenggara Timur,LEMBATA,kabkota,2021,26.21,38.75
Nusa Tenggara Timur,LEMBATA,kabkota,2022,25.18,37.88
Nusa Tenggara Timur,LEMBATA,kabkota,2023,24.78,37.94
Nusa Tenggara Timur,LEMBATA,kabkota,2024,24.22,37.72
Nusa Tenggara Timur,LEMBATA,kabkota,2025,23.27,36.78
Nusa Tenggara Timur,MALAKA,kabkota,2004,,
Nusa Tenggara Timur,MALAKA,kabkota,2005,,
Nusa Tenggara Timur,MALAKA,kabkota,2006,,
Nusa Tenggara Timur,MALAKA,kabkota,2007,,
Nusa Tenggara Timur,MALAKA,kabkota,2008,,
Nusa Tenggara Timur,MALAKA,kabkota,2009,,
Nusa Tenggara Timur,MALAKA,kabkota,2010,,
Nusa Tenggara Timur,MALAKA,kabkota,2011,,
Nusa Tenggara Timur,MALAKA,kabkota,2012,,
Nusa Tenggara Timur,MALAKA,kabkota,2013,,
Nusa Tenggara Timur,MALAKA,kabkota,2014,,
Nusa Tenggara Timur,MALAKA,kabkota,2015,17.28,32.28
Nusa Tenggara Timur,MALAKA,kabkota,2016,16.66,31.14
Nusa Tenggara Timur,MALAKA,kabkota,2017,16.52,30.91
Nusa Tenggara Timur,MALAKA,kabkota,2018,16.34,30.79
Nusa Tenggara Timur,MALAKA,kabkota,2019,16.12,30.83
Nusa Tenggara Timur,MALAKA,kabkota,2020,16.04,31.12
Nusa Tenggara Timur,MALAKA,kabkota,2021,16.33,32.17
Nusa Tenggara Timur,MALAKA,kabkota,2022,15.26,30.48
Nusa Tenggara Timur,MALAKA,kabkota,2023,14.42,29.19
Nusa Tenggara Timur,MALAKA,kabkota,2024,13.92,28.54
Nusa Tenggara Timur,MALAKA,kabkota,2025,13.52,28.05
Nusa Tenggara Timur,MANGGARAI,kabkota,2004,31.31,151.5
Nusa Tenggara Timur,MANGGARAI,kabkota,2005,31.89,155.4
Nusa Tenggara Timur,MANGGARAI,kabkota,2006,33.87,167.2
Nusa Tenggara Timur,MANGGARAI,kabkota,2007,31.41,150.5
Nusa Tenggara Timur,MANGGARAI,kabkota,2008,28.57,137.8
Nusa Tenggara Timur,MANGGARAI,kabkota,2009,25.76,66.9
Nusa Tenggara Timur,MANGGARAI,kabkota,2010,22.9,67.1
Nusa Tenggara Timur,MANGGARAI,kabkota,2011,21.39,64.8
Nusa Tenggara Timur,MANGGARAI,kabkota,2012,21.33,65.2
Nusa Tenggara Timur,MANGGARAI,kabkota,2013,20.96,65.2
Nusa Tenggara Timur,MANGGARAI,kabkota,2014,20.22,63.9
Nusa Tenggara Timur,MANGGARAI,kabkota,2015,23.18,74.01
Nusa Tenggara Timur,MANGGARAI,kabkota,2016,22.5,72.65
Nusa Tenggara Timur,MANGGARAI,kabkota,2017,21.91,71.86
Nusa Tenggara Timur,MANGGARAI,kabkota,2018,20.83,69.32
Nusa Tenggara Timur,MANGGARAI,kabkota,2019,20.55,69.33
Nusa Tenggara Timur,MANGGARAI,kabkota,2020,20.34,69.52
Nusa Tenggara Timur,MANGGARAI,kabkota,2021,20.48,71.03
Nusa Tenggara Timur,MANGGARAI,kabkota,2022,19.84,69.68
Nusa Tenggara Timur,MANGGARAI,kabkota,2023,19.69,70.0
Nusa Tenggara Timur,MANGGARAI,kabkota,2024,19.01,68.39
Nusa Tenggara Timur,MANGGARAI,kabkota,2025,18.1,65.81
Nusa Tenggara Timur,MANGGARAI BARAT,kabkota,2004,29.13,53.1
Nusa Tenggara Timur,MANGGARAI BARAT,kabkota,2005,29.28,53.7
Nusa Tenggara Timur,MANGGARAI BARAT,kabkota,2006,30.19,58.9
Nusa Tenggara Timur,MANGGARAI BARAT,kabkota,2007,27.96,53.5
Nusa Tenggara Timur,MANGGARAI BARAT,kabkota,2008,25.05,48.3
Nusa Tenggara Timur,MANGGARAI BARAT,kabkota,2009,22.96,45.9
Nusa Tenggara Timur,MANGGARAI BARAT,kabkota,2010,20.39,45.4
Nusa Tenggara Timur,MANGGARAI BARAT,kabkota,2011,19.27,43.8
Nusa Tenggara Timur,MANGGARAI BARAT,kabkota,2012,18.74,44.3
Nusa Tenggara Timur,MANGGARAI BARAT,kabkota,2013,18.21,44.1
Nusa Tenggara Timur,MANGGARAI BARAT,kabkota,2014,17.2,42.6
Nusa Tenggara Timur,MANGGARAI BARAT,kabkota,2015,20.12,50.98
Nusa Tenggara Timur,MANGGARAI BARAT,kabkota,2016,19.35,49.55
Nusa Tenggara Timur,MANGGARAI BARAT,kabkota,2017,18.86,49.39
Nusa Tenggara Timur,MANGGARAI BARAT,kabkota,2018,18.14,48.53
Nusa Tenggara Timur,MANGGARAI BARAT,kabkota,2019,18.01,49.23
Nusa Tenggara Timur,MANGGARAI BARAT,kabkota,2020,17.71,49.4
Nusa Tenggara Timur,MANGGARAI BARAT,kabkota,2021,17.92,51.15
Nusa Tenggara Timur,MANGGARAI BARAT,kabkota,2022,17.15,49.95
Nusa Tenggara Timur,MANGGARAI BARAT,kabkota,2023,16.82,49.95
Nusa Tenggara Timur,MANGGARAI BARAT,kabkota,2024,16.74,50.68
Nusa Tenggara Timur,MANGGARAI BARAT,kabkota,2025,16.09,49.55
Nusa Tenggara Timur,MANGGARAI TIMUR,kabkota,2004,,
Nusa Tenggara Timur,MANGGARAI TIMUR,kabkota,2005,,
Nusa Tenggara Timur,MANGGARAI TIMUR,kabkota,2006,,
Nusa Tenggara Timur,MANGGARAI TIMUR,kabkota,2007,,
Nusa Tenggara Timur,MANGGARAI TIMUR,kabkota,2008,,
Nusa Tenggara Timur,MANGGARAI TIMUR,kabkota,2009,25.51,59.0
Nusa Tenggara Timur,MANGGARAI TIMUR,kabkota,2010,25.93,65.8
Nusa Tenggara Timur,MANGGARAI TIMUR,kabkota,2011,24.52,63.5
Nusa Tenggara Timur,MANGGARAI TIMUR,kabkota,2012,24.38,64.0
Nusa Tenggara Timur,MANGGARAI TIMUR,kabkota,2013,24.85,66.1
Nusa Tenggara Timur,MANGGARAI TIMUR,kabkota,2014,24.01,64.7
Nusa Tenggara Timur,MANGGARAI TIMUR,kabkota,2015,28.64,77.67
Nusa Tenggara Timur,MANGGARAI TIMUR,kabkota,2016,27.71,76.37
Nusa Tenggara Timur,MANGGARAI TIMUR,kabkota,2017,26.8,74.85
Nusa Tenggara Timur,MANGGARAI TIMUR,kabkota,2018,26.5,74.88
Nusa Tenggara Timur,MANGGARAI TIMUR,kabkota,2019,26.49,75.83
Nusa Tenggara Timur,MANGGARAI TIMUR,kabkota,2020,26.52,76.69
Nusa Tenggara Timur,MANGGARAI TIMUR,kabkota,2021,26.5,77.17
Nusa Tenggara Timur,MANGGARAI TIMUR,kabkota,2022,25.35,74.55
Nusa Tenggara Timur,MANGGARAI TIMUR,kabkota,2023,25.06,74.4
Nusa Tenggara Timur,MANGGARAI TIMUR,kabkota,2024,24.9,74.59
Nusa Tenggara Timur,MANGGARAI TIMUR,kabkota,2025,23.51,70.99
Nusa Tenggara Timur,NAGEKEO,kabkota,2004,,
Nusa Tenggara Timur,NAGEKEO,kabkota,2005,,
Nusa Tenggara Timur,NAGEKEO,kabkota,2006,,
Nusa Tenggara Timur,NAGEKEO,kabkota,2007,16.05,18.9
Nusa Tenggara Timur,NAGEKEO,kabkota,2008,14.53,16.8
Nusa Tenggara Timur,NAGEKEO,kabkota,2009,13.03,15.6
Nusa Tenggara Timur,NAGEKEO,kabkota,2010,12.7,16.6
Nusa Tenggara Timur,NAGEKEO,kabkota,2011,12.01,16.0
Nusa Tenggara Timur,NAGEKEO,kabkota,2012,12.08,16.3
Nusa Tenggara Timur,NAGEKEO,kabkota,2013,12.08,16.5
Nusa Tenggara Timur,NAGEKEO,kabkota,2014,12.02,16.6
Nusa Tenggara Timur,NAGEKEO,kabkota,2015,14.38,20.0
Nusa Tenggara Timur,NAGEKEO,kabkota,2016,13.61,19.18
Nusa Tenggara Timur,NAGEKEO,kabkota,2017,13.48,19.2
Nusa Tenggara Timur,NAGEKEO,kabkota,2018,12.98,18.69
Nusa Tenggara Timur,NAGEKEO,kabkota,2019,12.85,18.7
Nusa Tenggara Timur,NAGEKEO,kabkota,2020,12.61,18.51
Nusa Tenggara Timur,NAGEKEO,kabkota,2021,12.91,19.11
Nusa Tenggara Timur,NAGEKEO,kabkota,2022,12.05,18.01
Nusa Tenggara Timur,NAGEKEO,kabkota,2023,12.33,18.57
Nusa Tenggara Timur,NAGEKEO,kabkota,2024,12.3,18.68
Nusa Tenggara Timur,NAGEKEO,kabkota,2025,12.18,18.63
Nusa Tenggara Timur,NGADA,kabkota,2004,15.54,37.3
Nusa Tenggara Timur,NGADA,kabkota,2005,15.99,38.2
Nusa Tenggara Timur,NGADA,kabkota,2006,16.78,41.9
Nusa Tenggara Timur,NGADA,kabkota,2007,17.28,21.8
Nusa Tenggara Timur,NGADA,kabkota,2008,15.49,19.4
Nusa Tenggara Timur,NGADA,kabkota,2009,13.54,17.3
Nusa Tenggara Timur,NGADA,kabkota,2010,12.05,17.2
Nusa Tenggara Timur,NGADA,kabkota,2011,11.36,16.6
Nusa Tenggara Timur,NGADA,kabkota,2012,11.25,16.7
Nusa Tenggara Timur,NGADA,kabkota,2013,11.19,16.9
Nusa Tenggara Timur,NGADA,kabkota,2014,10.76,16.5
Nusa Tenggara Timur,NGADA,kabkota,2015,12.81,19.85
Nusa Tenggara Timur,NGADA,kabkota,2016,12.69,19.76
Nusa Tenggara Timur,NGADA,kabkota,2017,12.77,20.21
Nusa Tenggara Timur,NGADA,kabkota,2018,12.94,20.79
Nusa Tenggara Timur,NGADA,kabkota,2019,12.48,20.31
Nusa Tenggara Timur,NGADA,kabkota,2020,12.51,20.62
Nusa Tenggara Timur,NGADA,kabkota,2021,12.58,20.98
Nusa Tenggara Timur,NGADA,kabkota,2022,11.93,20.14
Nusa Tenggara Timur,NGADA,kabkota,2023,12.06,20.57
Nusa Tenggara Timur,NGADA,kabkota,2024,11.87,20.48
Nusa Tenggara Timur,NGADA,kabkota,2025,11.22,19.53
Nusa Tenggara Timur,Nusa Tenggara Timur,provinsi,2004,27.86,
Nusa Tenggara Timur,Nusa Tenggara Timur,provinsi,2005,28.19,
Nusa Tenggara Timur,Nusa Tenggara Timur,provinsi,2006,29.34,
Nusa Tenggara Timur,Nusa Tenggara Timur,provinsi,2007,27.51,
Nusa Tenggara Timur,Nusa Tenggara Timur,provinsi,2008,25.68,
Nusa Tenggara Timur,Nusa Tenggara Timur,provinsi,2009,23.41,
Nusa Tenggara Timur,Nusa Tenggara Timur,provinsi,2010,21.76,
Nusa Tenggara Timur,Nusa Tenggara Timur,provinsi,2011,20.48,986.5
Nusa Tenggara Timur,Nusa Tenggara Timur,provinsi,2012,20.41,998.4
Nusa Tenggara Timur,Nusa Tenggara Timur,provinsi,2013,20.24,
Nusa Tenggara Timur,Nusa Tenggara Timur,provinsi,2014,19.6,991.9
Nusa Tenggara Timur,Nusa Tenggara Timur,provinsi,2015,22.61,
Nusa Tenggara Timur,Nusa Tenggara Timur,provinsi,2016,22.19,
Nusa Tenggara Timur,Nusa Tenggara Timur,provinsi,2017,21.85,1150.79
Nusa Tenggara Timur,Nusa Tenggara Timur,provinsi,2018,21.35,1142.17
Nusa Tenggara Timur,Nusa Tenggara Timur,provinsi,2019,21.09,1146.32
Nusa Tenggara Timur,Nusa Tenggara Timur,provinsi,2020,20.9,1153.76
Nusa Tenggara Timur,Nusa Tenggara Timur,provinsi,2021,20.99,1169.31
Nusa Tenggara Timur,Nusa Tenggara Timur,provinsi,2022,20.05,1131.62
Nusa Tenggara Timur,Nusa Tenggara Timur,provinsi,2023,19.96,1141.11
Nusa Tenggara Timur,Nusa Tenggara Timur,provinsi,2024,19.48,1127.57
Nusa Tenggara Timur,Nusa Tenggara Timur,provinsi,2025,18.6,1088.78
Nusa Tenggara Timur,ROTE NDAO,kabkota,2004,27.45,28.2
Nusa Tenggara Timur,ROTE NDAO,kabkota,2005,27.43,28.0
Nusa Tenggara Timur,ROTE NDAO,kabkota,2006,27.83,30.7
Nusa Tenggara Timur,ROTE NDAO,kabkota,2007,28.26,30.1
Nusa Tenggara Timur,ROTE NDAO,kabkota,2008,36.58,38.8
Nusa Tenggara Timur,ROTE NDAO,kabkota,2009,34.09,37.3
Nusa Tenggara Timur,ROTE NDAO,kabkota,2010,32.79,39.6
Nusa Tenggara Timur,ROTE NDAO,kabkota,2011,30.99,38.2
Nusa Tenggara Timur,ROTE NDAO,kabkota,2012,28.86,38.4
Nusa Tenggara Timur,ROTE NDAO,kabkota,2013,28.25,39.1
Nusa Tenggara Timur,ROTE NDAO,kabkota,2014,26.85,38.6
Nusa Tenggara Timur,ROTE NDAO,kabkota,2015,30.49,45.01
Nusa Tenggara Timur,ROTE NDAO,kabkota,2016,29.6,45.06
Nusa Tenggara Timur,ROTE NDAO,kabkota,2017,28.81,45.57
Nusa Tenggara Timur,ROTE NDAO,kabkota,2018,28.08,46.13
Nusa Tenggara Timur,ROTE NDAO,kabkota,2019,27.95,47.66
Nusa Tenggara Timur,ROTE NDAO,kabkota,2020,27.54,48.77
Nusa Tenggara Timur,ROTE NDAO,kabkota,2021,28.08,51.71
Nusa Tenggara Timur,ROTE NDAO,kabkota,2022,27.45,52.43
Nusa Tenggara Timur,ROTE NDAO,kabkota,2023,27.05,53.55
Nusa Tenggara Timur,ROTE NDAO,kabkota,2024,25.78,52.89
Nusa Tenggara Timur,ROTE NDAO,kabkota,2025,24.37,51.64
Nusa Tenggara Timur,SABU RAIJUA,kabkota,2004,,
Nusa Tenggara Timur,SABU RAIJUA,kabkota,2005,,
Nusa Tenggara Timur,SABU RAIJUA,kabkota,2006,,
Nusa Tenggara Timur,SABU RAIJUA,kabkota,2007,,
Nusa Tenggara Timur,SABU RAIJUA,kabkota,2008,,
Nusa Tenggara Timur,SABU RAIJUA,kabkota,2009,,
Nusa Tenggara Timur,SABU RAIJUA,kabkota,2010,41.13,30.6
Nusa Tenggara Timur,SABU RAIJUA,kabkota,2011,39.49,29.5
Nusa Tenggara Timur,SABU RAIJUA,kabkota,2012,32.37,25.6
Nusa Tenggara Timur,SABU RAIJUA,kabkota,2013,31.02,25.3
Nusa Tenggara Timur,SABU RAIJUA,kabkota,2014,29.48,24.8
Nusa Tenggara Timur,SABU RAIJUA,kabkota,2015,33.17,28.43
Nusa Tenggara Timur,SABU RAIJUA,kabkota,2016,32.44,28.58
Nusa Tenggara Timur,SABU RAIJUA,kabkota,2017,31.07,28.22
Nusa Tenggara Timur,SABU RAIJUA,kabkota,2018,30.83,28.88
Nusa Tenggara Timur,SABU RAIJUA,kabkota,2019,30.52,29.49
Nusa Tenggara Timur,SABU RAIJUA,kabkota,2020,30.18,30.14
Nusa Tenggara Timur,SABU RAIJUA,kabkota,2021,30.13,30.6
Nusa Tenggara Timur,SABU RAIJUA,kabkota,2022,28.73,30.0
Nusa Tenggara Timur,SABU RAIJUA,kabkota,2023,28.37,30.43
Nusa Tenggara Timur,SABU RAIJUA,kabkota,2024,28.13,30.98
Nusa Tenggara Timur,SABU RAIJUA,kabkota,2025,27.18,30.65
Nusa Tenggara Timur,SIKKA,kabkota,2004,19.2,53.0
Nusa Tenggara Timur,SIKKA,kabkota,2005,19.91,54.4
Nusa Tenggara Timur,SIKKA,kabkota,2006,21.69,59.6
Nusa Tenggara Timur,SIKKA,kabkota,2007,19.15,50.5
Nusa Tenggara Timur,SIKKA,kabkota,2008,17.34,45.9
Nusa Tenggara Timur,SIKKA,kabkota,2009,15.35,40.5
Nusa Tenggara Timur,SIKKA,kabkota,2010,13.38,40.3
Nusa Tenggara Timur,SIKKA,kabkota,2011,12.63,38.9
Nusa Tenggara Timur,SIKKA,kabkota,2012,12.72,39.1
Nusa Tenggara Timur,SIKKA,kabkota,2013,12.66,39.2
Nusa Tenggara Timur,SIKKA,kabkota,2014,12.27,38.3
Nusa Tenggara Timur,SIKKA,kabkota,2015,14.28,44.64
Nusa Tenggara Timur,SIKKA,kabkota,2016,14.33,45.14
Nusa Tenggara Timur,SIKKA,kabkota,2017,14.2,45.01
Nusa Tenggara Timur,SIKKA,kabkota,2018,13.82,44.02
Nusa Tenggara Timur,SIKKA,kabkota,2019,13.53,43.32
Nusa Tenggara Timur,SIKKA,kabkota,2020,13.12,42.18
Nusa Tenggara Timur,SIKKA,kabkota,2021,13.35,43.09
Nusa Tenggara Timur,SIKKA,kabkota,2022,12.61,40.87
Nusa Tenggara Timur,SIKKA,kabkota,2023,12.56,40.81
Nusa Tenggara Timur,SIKKA,kabkota,2024,11.89,38.73
Nusa Tenggara Timur,SIKKA,kabkota,2025,11.25,36.74
Nusa Tenggara Timur,SUMBA BARAT,kabkota,2004,42.04,164.3
Nusa Tenggara Timur,SUMBA BARAT,kabkota,2005,42.77,168.4
Nusa Tenggara Timur,SUMBA BARAT,kabkota,2006,45.18,184.6
Nusa Tenggara Timur,SUMBA BARAT,kabkota,2007,42.74,43.5
Nusa Tenggara Timur,SUMBA BARAT,kabkota,2008,37.85,38.4
Nusa Tenggara Timur,SUMBA BARAT,kabkota,2009,35.39,36.3
Nusa Tenggara Timur,SUMBA BARAT,kabkota,2010,31.71,35.3
Nusa Tenggara Timur,SUMBA BARAT,kabkota,2011,29.84,34.1
Nusa Tenggara Timur,SUMBA BARAT,kabkota,2012,29.35,34.1
Nusa Tenggara Timur,SUMBA BARAT,kabkota,2013,28.92,34.2
Nusa Tenggara Timur,SUMBA BARAT,kabkota,2014,27.79,33.5
Nusa Tenggara Timur,SUMBA BARAT,kabkota,2015,30.56,37.35
Nusa Tenggara Timur,SUMBA BARAT,kabkota,2016,29.34,36.21
Nusa Tenggara Timur,SUMBA BARAT,kabkota,2017,29.28,36.69
Nusa Tenggara Timur,SUMBA BARAT,kabkota,2018,28.51,36.3
Nusa Tenggara Timur,SUMBA BARAT,kabkota,2019,28.29,36.56
Nusa Tenggara Timur,SUMBA BARAT,kabkota,2020,28.17,36.95
Nusa Tenggara Timur,SUMBA BARAT,kabkota,2021,28.39,37.78
Nusa Tenggara Timur,SUMBA BARAT,kabkota,2022,27.47,37.06
Nusa Tenggara Timur,SUMBA BARAT,kabkota,2023,27.17,37.15
Nusa Tenggara Timur,SUMBA BARAT,kabkota,2024,26.52,36.72
Nusa Tenggara Timur,SUMBA BARAT,kabkota,2025,26.47,37.08
Nusa Tenggara Timur,SUMBA BARAT DAYA,kabkota,2004,,
Nusa Tenggara Timur,SUMBA BARAT DAYA,kabkota,2005,,
Nusa Tenggara Timur,SUMBA BARAT DAYA,kabkota,2006,,
Nusa Tenggara Timur,SUMBA BARAT DAYA,kabkota,2007,43.05,76.1
Nusa Tenggara Timur,SUMBA BARAT DAYA,kabkota,2008,36.45,88.6
Nusa Tenggara Timur,SUMBA BARAT DAYA,kabkota,2009,34.27,86.3
Nusa Tenggara Timur,SUMBA BARAT DAYA,kabkota,2010,29.87,85.1
Nusa Tenggara Timur,SUMBA BARAT DAYA,kabkota,2011,27.93,82.2
Nusa Tenggara Timur,SUMBA BARAT DAYA,kabkota,2012,27.47,82.7
Nusa Tenggara Timur,SUMBA BARAT DAYA,kabkota,2013,26.87,82.7
Nusa Tenggara Timur,SUMBA BARAT DAYA,kabkota,2014,25.78,81.0
Nusa Tenggara Timur,SUMBA BARAT DAYA,kabkota,2015,30.01,96.54
Nusa Tenggara Timur,SUMBA BARAT DAYA,kabkota,2016,30.63,99.26
Nusa Tenggara Timur,SUMBA BARAT DAYA,kabkota,2017,30.13,99.55
Nusa Tenggara Timur,SUMBA BARAT DAYA,kabkota,2018,28.88,97.28
Nusa Tenggara Timur,SUMBA BARAT DAYA,kabkota,2019,28.06,96.3
Nusa Tenggara Timur,SUMBA BARAT DAYA,kabkota,2020,28.0,97.81
Nusa Tenggara Timur,SUMBA BARAT DAYA,kabkota,2021,28.18,100.42
Nusa Tenggara Timur,SUMBA BARAT DAYA,kabkota,2022,27.16,98.5
Nusa Tenggara Timur,SUMBA BARAT DAYA,kabkota,2023,27.48,101.4
Nusa Tenggara Timur,SUMBA BARAT DAYA,kabkota,2024,27.2,102.05
Nusa Tenggara Timur,SUMBA BARAT DAYA,kabkota,2025,25.66,97.68
Nusa Tenggara Timur,SUMBA TENGAH,kabkota,2004,,
Nusa Tenggara Timur,SUMBA TENGAH,kabkota,2005,,
Nusa Tenggara Timur,SUMBA TENGAH,kabkota,2006,,
Nusa Tenggara Timur,SUMBA TENGAH,kabkota,2007,42.96,53.3
Nusa Tenggara Timur,SUMBA TENGAH,kabkota,2008,38.65,21.5
Nusa Tenggara Timur,SUMBA TENGAH,kabkota,2009,35.83,20.8
Nusa Tenggara Timur,SUMBA TENGAH,kabkota,2010,34.02,21.3
Nusa Tenggara Timur,SUMBA TENGAH,kabkota,2011,32.1,20.6
Nusa Tenggara Timur,SUMBA TENGAH,kabkota,2012,31.82,20.8
Nusa Tenggara Timur,SUMBA TENGAH,kabkota,2013,31.93,21.3
Nusa Tenggara Timur,SUMBA TENGAH,kabkota,2014,31.4,21.3
Nusa Tenggara Timur,SUMBA TENGAH,kabkota,2015,36.22,24.69
Nusa Tenggara Timur,SUMBA TENGAH,kabkota,2016,36.55,25.34
Nusa Tenggara Timur,SUMBA TENGAH,kabkota,2017,36.01,25.37
Nusa Tenggara Timur,SUMBA TENGAH,kabkota,2018,34.85,24.93
Nusa Tenggara Timur,SUMBA TENGAH,kabkota,2019,34.62,25.12
Nusa Tenggara Timur,SUMBA TENGAH,kabkota,2020,34.49,25.37
Nusa Tenggara Timur,SUMBA TENGAH,kabkota,2021,34.27,25.48
Nusa Tenggara Timur,SUMBA TENGAH,kabkota,2022,32.51,24.49
Nusa Tenggara Timur,SUMBA TENGAH,kabkota,2023,31.78,24.24
Nusa Tenggara Timur,SUMBA TENGAH,kabkota,2024,30.84,23.81
Nusa Tenggara Timur,SUMBA TENGAH,kabkota,2025,29.23,22.81
Nusa Tenggara Timur,SUMBA TIMUR,kabkota,2004,40.32,80.3
Nusa Tenggara Timur,SUMBA TIMUR,kabkota,2005,41.15,82.3
Nusa Tenggara Timur,SUMBA TIMUR,kabkota,2006,41.62,90.2
Nusa Tenggara Timur,SUMBA TIMUR,kabkota,2007,39.08,82.8
Nusa Tenggara Timur,SUMBA TIMUR,kabkota,2008,37.14,81.1
Nusa Tenggara Timur,SUMBA TIMUR,kabkota,2009,34.68,76.6
Nusa Tenggara Timur,SUMBA TIMUR,kabkota,2010,32.41,74.1
Nusa Tenggara Timur,SUMBA TIMUR,kabkota,2011,30.63,71.5
Nusa Tenggara Timur,SUMBA TIMUR,kabkota,2012,30.08,71.4
Nusa Tenggara Timur,SUMBA TIMUR,kabkota,2013,28.58,68.8
Nusa Tenggara Timur,SUMBA TIMUR,kabkota,2014,27.63,67.4
Nusa Tenggara Timur,SUMBA TIMUR,kabkota,2015,31.74,77.95
Nusa Tenggara Timur,SUMBA TIMUR,kabkota,2016,31.43,78.19
Nusa Tenggara Timur,SUMBA TIMUR,kabkota,2017,31.03,78.18
Nusa Tenggara Timur,SUMBA TIMUR,kabkota,2018,30.13,76.8
Nusa Tenggara Timur,SUMBA TIMUR,kabkota,2019,30.02,77.39
Nusa Tenggara Timur,SUMBA TIMUR,kabkota,2020,29.65,77.3
Nusa Tenggara Timur,SUMBA TIMUR,kabkota,2021,29.68,78.33
Nusa Tenggara Timur,SUMBA TIMUR,kabkota,2022,28.22,75.28
Nusa Tenggara Timur,SUMBA TIMUR,kabkota,2023,28.08,75.66
Nusa Tenggara Timur,SUMBA TIMUR,kabkota,2024,27.04,73.58
Nusa Tenggara Timur,SUMBA TIMUR,kabkota,2025,25.64,70.35
Nusa Tenggara Timur,TIMOR TENGAH SELATAN,kabkota,2004,37.38,149.5
Nusa Tenggara Timur,TIMOR TENGAH SELATAN,kabkota,2005,37.64,149.7
Nusa Tenggara Timur,TIMOR TENGAH SELATAN,kabkota,2006,39.93,164.1
Nusa Tenggara Timur,TIMOR TENGAH SELATAN,kabkota,2007,37.43,147.5
Nusa Tenggara Timur,TIMOR TENGAH SELATAN,kabkota,2008,33.55,130.8
Nusa Tenggara Timur,TIMOR TENGAH SELATAN,kabkota,2009,31.14,123.4
Nusa Tenggara Timur,TIMOR TENGAH SELATAN,kabkota,2010,28.7,126.7
Nusa Tenggara Timur,TIMOR TENGAH SELATAN,kabkota,2011,26.96,122.3
Nusa Tenggara Timur,TIMOR TENGAH SELATAN,kabkota,2012,27.3,122.7
Nusa Tenggara Timur,TIMOR TENGAH SELATAN,kabkota,2013,27.81,126.0
Nusa Tenggara Timur,TIMOR TENGAH SELATAN,kabkota,2014,26.79,122.5
Nusa Tenggara Timur,TIMOR TENGAH SELATAN,kabkota,2015,31.12,144.01
Nusa Tenggara Timur,TIMOR TENGAH SELATAN,kabkota,2016,29.89,138.43
Nusa Tenggara Timur,TIMOR TENGAH SELATAN,kabkota,2017,29.44,136.45
Nusa Tenggara Timur,TIMOR TENGAH SELATAN,kabkota,2018,28.06,130.63
Nusa Tenggara Timur,TIMOR TENGAH SELATAN,kabkota,2019,27.87,130.31
Nusa Tenggara Timur,TIMOR TENGAH SELATAN,kabkota,2020,27.49,128.98
Nusa Tenggara Timur,TIMOR TENGAH SELATAN,kabkota,2021,26.64,125.68
Nusa Tenggara Timur,TIMOR TENGAH SELATAN,kabkota,2022,25.45,120.45
Nusa Tenggara Timur,TIMOR TENGAH SELATAN,kabkota,2023,25.18,119.51
Nusa Tenggara Timur,TIMOR TENGAH SELATAN,kabkota,2024,24.68,117.41
Nusa Tenggara Timur,TIMOR TENGAH SELATAN,kabkota,2025,24.5,116.74
Nusa Tenggara Timur,TIMOR TENGAH UTARA,kabkota,2004,30.65,62.7
Nusa Tenggara Timur,TIMOR TENGAH UTARA,kabkota,2005,31.53,69.5
Nusa Tenggara Timur,TIMOR TENGAH UTARA,kabkota,2006,32.65,68.0
Nusa Tenggara Timur,TIMOR TENGAH UTARA,kabkota,2007,30.12,60.4
Nusa Tenggara Timur,TIMOR TENGAH UTARA,kabkota,2008,27.74,55.2
Nusa Tenggara Timur,TIMOR TENGAH UTARA,kabkota,2009,24.96,50.6
Nusa Tenggara Timur,TIMOR TENGAH UTARA,kabkota,2010,22.72,52.3
Nusa Tenggara Timur,TIMOR TENGAH UTARA,kabkota,2011,21.33,50.5
Nusa Tenggara Timur,TIMOR TENGAH UTARA,kabkota,2012,21.37,50.7
Nusa Tenggara Timur,TIMOR TENGAH UTARA,kabkota,2013,21.59,51.8
Nusa Tenggara Timur,TIMOR TENGAH UTARA,kabkota,2014,20.89,50.7
Nusa Tenggara Timur,TIMOR TENGAH UTARA,kabkota,2015,25.2,61.96
Nusa Tenggara Timur,TIMOR TENGAH UTARA,kabkota,2016,24.07,59.34
Nusa Tenggara Timur,TIMOR TENGAH UTARA,kabkota,2017,23.52,58.59
Nusa Tenggara Timur,TIMOR TENGAH UTARA,kabkota,2018,22.31,56.09
Nusa Tenggara Timur,TIMOR TENGAH UTARA,kabkota,2019,22.45,56.94
Nusa Tenggara Timur,TIMOR TENGAH UTARA,kabkota,2020,22.28,56.98
Nusa Tenggara Timur,TIMOR TENGAH UTARA,kabkota,2021,22.62,58.33
Nusa Tenggara Timur,TIMOR TENGAH UTARA,kabkota,2022,21.5,55.88
Nusa Tenggara Timur,TIMOR TENGAH UTARA,kabkota,2023,21.85,57.19
Nusa Tenggara Timur,TIMOR TENGAH UTARA,kabkota,2024,20.89,55.03
Nusa Tenggara Timur,TIMOR TENGAH UTARA,kabkota,2025,20.17,53.44
Papua,BIAK NUMFOR,kabkota,2004,44.87,50.4
Papua,BIAK NUMFOR,kabkota,2005,47.36,47.6
Papua,BIAK NUMFOR,kabkota,2006,47.54,49.8
Papua,BIAK NUMFOR,kabkota,2007,46.98,48.7
Papua,BIAK NUMFOR,kabkota,2008,37.06,39.4
Papua,BIAK NUMFOR,kabkota,2009,36.51,39.5
Papua,BIAK NUMFOR,kabkota,2010,33.61,42.5
Papua,BIAK NUMFOR,kabkota,2011,30.31,41.0
Papua,BIAK NUMFOR,kabkota,2012,29.84,39.7
Papua,BIAK NUMFOR,kabkota,2013,30.28,41.0
Papua,BIAK NUMFOR,kabkota,2014,27.44,37.5
Papua,BIAK NUMFOR,kabkota,2015,27.23,37.76
Papua,BIAK NUMFOR,kabkota,2016,26.99,38.1
Papua,BIAK NUMFOR,kabkota,2017,25.44,36.63
Papua,BIAK NUMFOR,kabkota,2018,25.72,37.93
Papua,BIAK NUMFOR,kabkota,2019,25.5,38.6
Papua,BIAK NUMFOR,kabkota,2020,24.57,38.02
Papua,BIAK NUMFOR,kabkota,2021,24.45,36.38
Papua,BIAK NUMFOR,kabkota,2022,24.48,36.8
Papua,BIAK NUMFOR,kabkota,2023,23.53,35.7
Papua,BIAK NUMFOR,kabkota,2024,23.46,35.94
Papua,BIAK NUMFOR,kabkota,2025,25.73,39.74
Papua,JAYAPURA,kabkota,2004,28.39,26.0
Papua,JAYAPURA,kabkota,2005,30.88,28.5
Papua,JAYAPURA,kabkota,2006,31.05,30.1
Papua,JAYAPURA,kabkota,2007,30.91,29.4
Papua,JAYAPURA,kabkota,2008,21.8,21.3
Papua,JAYAPURA,kabkota,2009,20.77,20.4
Papua,JAYAPURA,kabkota,2010,18.64,21.4
Papua,JAYAPURA,kabkota,2011,17.3,20.6
Papua,JAYAPURA,kabkota,2012,17.08,20.0
Papua,JAYAPURA,kabkota,2013,17.58,20.9
Papua,JAYAPURA,kabkota,2014,14.18,17.0
Papua,JAYAPURA,kabkota,2015,14.69,18.23
Papua,JAYAPURA,kabkota,2016,13.49,16.76
Papua,JAYAPURA,kabkota,2017,13.01,16.31
Papua,JAYAPURA,kabkota,2018,13.44,17.19
Papua,JAYAPURA,kabkota,2019,13.13,17.19
Papua,JAYAPURA,kabkota,2020,12.44,16.61
Papua,JAYAPURA,kabkota,2021,12.13,15.56
Papua,JAYAPURA,kabkota,2022,11.94,15.43
Papua,JAYAPURA,kabkota,2023,11.45,14.91
Papua,JAYAPURA,kabkota,2024,11.6,15.21
Papua,JAYAPURA,kabkota,2025,13.03,17.18
Papua,KEEROM,kabkota,2004,26.16,9.8
Papua,KEEROM,kabkota,2005,29.71,11.5
Papua,KEEROM,kabkota,2006,29.52,11.7
Papua,KEEROM,kabkota,2007,27.07,11.0
Papua,KEEROM,kabkota,2008,27.19,11.5
Papua,KEEROM,kabkota,2009,25.57,11.5
Papua,KEEROM,kabkota,2010,24.12,11.8
Papua,KEEROM,kabkota,2011,21.98,11.4
Papua,KEEROM,kabkota,2012,21.65,11.0
Papua,KEEROM,kabkota,2013,23.23,12.1
Papua,KEEROM,kabkota,2014,19.12,10.2
Papua,KEEROM,kabkota,2015,15.83,8.46
Papua,KEEROM,kabkota,2016,17.15,9.26
Papua,KEEROM,kabkota,2017,16.69,9.14
Papua,KEEROM,kabkota,2018,16.9,9.4
Papua,KEEROM,kabkota,2019,16.83,9.55
Papua,KEEROM,kabkota,2020,16.32,9.42
Papua,KEEROM,kabkota,2021,16.0,9.3
Papua,KEEROM,kabkota,2022,15.77,9.27
Papua,KEEROM,kabkota,2023,15.68,9.32
Papua,KEEROM,kabkota,2024,15.84,9.52
Papua,KEEROM,kabkota,2025,17.76,10.79
Papua,KEPULAUAN YAPEN,kabkota,2004,42.62,30.0
Papua,KEPULAUAN YAPEN,kabkota,2005,,
Papua,KEPULAUAN YAPEN,kabkota,2006,44.52,33.0
Papua,KEPULAUAN YAPEN,kabkota,2007,43.54,32.3
Papua,KEPULAUAN YAPEN,kabkota,2008,37.31,28.5
Papua,KEPULAUAN YAPEN,kabkota,2009,36.13,27.9
Papua,KEPULAUAN YAPEN,kabkota,2010,33.54,28.2
Papua,KEPULAUAN YAPEN,kabkota,2011,30.76,27.2
Papua,KEPULAUAN YAPEN,kabkota,2012,30.35,26.4
Papua,KEPULAUAN YAPEN,kabkota,2013,29.32,26.0
Papua,KEPULAUAN YAPEN,kabkota,2014,26.39,23.9
Papua,KEPULAUAN YAPEN,kabkota,2015,27.7,25.23
Papua,KEPULAUAN YAPEN,kabkota,2016,27.54,25.53
Papua,KEPULAUAN YAPEN,kabkota,2017,26.82,25.35
Papua,KEPULAUAN YAPEN,kabkota,2018,27.17,26.3
Papua,KEPULAUAN YAPEN,kabkota,2019,27.13,27.19
Papua,KEPULAUAN YAPEN,kabkota,2020,26.3,27.04
Papua,KEPULAUAN YAPEN,kabkota,2021,26.09,25.67
Papua,KEPULAUAN YAPEN,kabkota,2022,26.15,26.01
Papua,KEPULAUAN YAPEN,kabkota,2023,25.89,26.03
Papua,KEPULAUAN YAPEN,kabkota,2024,25.69,26.09
Papua,KEPULAUAN YAPEN,kabkota,2025,28.0,28.7
Papua,KOTA JAYAPURA,kabkota,2004,22.98,45.8
Papua,KOTA JAYAPURA,kabkota,2005,24.87,50.2
Papua,KOTA JAYAPURA,kabkota,2006,25.69,54.1
Papua,KOTA JAYAPURA,kabkota,2007,25.3,52.9
Papua,KOTA JAYAPURA,kabkota,2008,18.67,42.1
Papua,KOTA JAYAPURA,kabkota,2009,17.87,39.1
Papua,KOTA JAYAPURA,kabkota,2010,17.31,45.5
Papua,KOTA JAYAPURA,kabkota,2011,16.03,43.9
Papua,KOTA JAYAPURA,kabkota,2012,15.77,42.5
Papua,KOTA JAYAPURA,kabkota,2013,16.19,44.3
Papua,KOTA JAYAPURA,kabkota,2014,12.21,33.9
Papua,KOTA JAYAPURA,kabkota,2015,12.22,34.34
Papua,KOTA JAYAPURA,kabkota,2016,12.06,34.48
Papua,KOTA JAYAPURA,kabkota,2017,11.46,33.51
Papua,KOTA JAYAPURA,kabkota,2018,11.37,33.74
Papua,KOTA JAYAPURA,kabkota,2019,11.49,34.42
Papua,KOTA JAYAPURA,kabkota,2020,11.16,33.8
Papua,KOTA JAYAPURA,kabkota,2021,11.39,34.79
Papua,KOTA JAYAPURA,kabkota,2022,11.12,34.36
Papua,KOTA JAYAPURA,kabkota,2023,10.5,32.79
Papua,KOTA JAYAPURA,kabkota,2024,10.72,33.84
Papua,KOTA JAYAPURA,kabkota,2025,12.03,38.33
Papua,MAMBERAMO RAYA,kabkota,2004,,
Papua,MAMBERAMO RAYA,kabkota,2005,,
Papua,MAMBERAMO RAYA,kabkota,2006,,
Papua,MAMBERAMO RAYA,kabkota,2007,,
Papua,MAMBERAMO RAYA,kabkota,2008,,
Papua,MAMBERAMO RAYA,kabkota,2009,44.43,8.8
Papua,MAMBERAMO RAYA,kabkota,2010,39.98,7.4
Papua,MAMBERAMO RAYA,kabkota,2011,36.38,7.1
Papua,MAMBERAMO RAYA,kabkota,2012,35.21,6.9
Papua,MAMBERAMO RAYA,kabkota,2013,34.25,6.8
Papua,MAMBERAMO RAYA,kabkota,2014,29.86,6.2
Papua,MAMBERAMO RAYA,kabkota,2015,29.71,6.31
Papua,MAMBERAMO RAYA,kabkota,2016,29.52,6.42
Papua,MAMBERAMO RAYA,kabkota,2017,29.88,6.63
Papua,MAMBERAMO RAYA,kabkota,2018,30.1,6.94
Papua,MAMBERAMO RAYA,kabkota,2019,29.13,6.96
Papua,MAMBERAMO RAYA,kabkota,2020,28.38,6.98
Papua,MAMBERAMO RAYA,kabkota,2021,28.78,7.04
Papua,MAMBERAMO RAYA,kabkota,2022,30.73,7.68
Papua,MAMBERAMO RAYA,kabkota,2023,29.63,7.56
Papua,MAMBERAMO RAYA,kabkota,2024,30.29,7.89
Papua,MAMBERAMO RAYA,kabkota,2025,35.09,9.32
Papua,Papua,provinsi,2004,38.69,966.8
Papua,Papua,provinsi,2005,40.83,919.4
Papua,Papua,provinsi,2006,41.52,816.7
Papua,Papua,provinsi,2007,40.78,793.4
Papua,Papua,provinsi,2008,35.53,709.3
Papua,Papua,provinsi,2009,34.77,709.4
Papua,Papua,provinsi,2010,34.1,981.2
Papua,Papua,provinsi,2011,31.25,946.6
Papua,Papua,provinsi,2012,30.66,916.4
Papua,Papua,provinsi,2013,31.52,960.6
Papua,Papua,provinsi,2014,27.8,864.1
Papua,Papua,provinsi,2015,28.17,859.15
Papua,Papua,provinsi,2016,28.54,911.33
Papua,Papua,provinsi,2017,27.62,897.69
Papua,Papua,provinsi,2018,27.74,917.63
Papua,Papua,provinsi,2019,27.53,926.36
Papua,Papua,provinsi,2020,26.64,911.37
Papua,Papua,provinsi,2021,26.86,920.44
Papua,Papua,provinsi,2022,26.56,922.12
Papua,Papua,provinsi,2023,26.03,915.15
Papua,Papua,provinsi,2024,17.26,152.91
Papua,Papua,provinsi,2025,19.16,171.38
Papua,SARMI,kabkota,2004,27.88,8.7
Papua,SARMI,kabkota,2005,29.79,9.5
Papua,SARMI,kabkota,2006,31.37,10.4
Papua,SARMI,kabkota,2007,31.2,10.2
Papua,SARMI,kabkota,2008,24.52,8.3
Papua,SARMI,kabkota,2009,22.63,5.2
Papua,SARMI,kabkota,2010,21.09,7.1
Papua,SARMI,kabkota,2011,19.42,6.8
Papua,SARMI,kabkota,2012,18.82,6.6
Papua,SARMI,kabkota,2013,17.72,6.3
Papua,SARMI,kabkota,2014,13.32,4.8
Papua,SARMI,kabkota,2015,13.85,5.05
Papua,SARMI,kabkota,2016,13.74,5.13
Papua,SARMI,kabkota,2017,13.75,5.23
Papua,SARMI,kabkota,2018,14.51,5.67
Papua,SARMI,kabkota,2019,14.41,5.8
Papua,SARMI,kabkota,2020,13.87,5.7
Papua,SARMI,kabkota,2021,13.84,5.56
Papua,SARMI,kabkota,2022,13.76,5.6
Papua,SARMI,kabkota,2023,13.21,5.45
Papua,SARMI,kabkota,2024,14.05,5.87
Papua,SARMI,kabkota,2025,15.17,6.41
Papua,SUPIORI,kabkota,2004,,
Papua,SUPIORI,kabkota,2005,,
Papua,SUPIORI,kabkota,2006,53.35,7.1
Papua,SUPIORI,kabkota,2007,53.25,6.9
Papua,SUPIORI,kabkota,2008,50.92,6.1
Papua,SUPIORI,kabkota,2009,50.66,6.2
Papua,SUPIORI,kabkota,2010,45.75,7.3
Papua,SUPIORI,kabkota,2011,42.73,7.0
Papua,SUPIORI,kabkota,2012,41.58,7.0
Papua,SUPIORI,kabkota,2013,41.5,7.1
Papua,SUPIORI,kabkota,2014,36.65,6.4
Papua,SUPIORI,kabkota,2015,39.25,7.2
Papua,SUPIORI,kabkota,2016,37.99,6.99
Papua,SUPIORI,kabkota,2017,37.4,7.09
Papua,SUPIORI,kabkota,2018,39.22,7.76
Papua,SUPIORI,kabkota,2019,38.79,7.97
Papua,SUPIORI,kabkota,2020,36.91,7.78
Papua,SUPIORI,kabkota,2021,37.91,7.83
Papua,SUPIORI,kabkota,2022,37.7,7.94
Papua,SUPIORI,kabkota,2023,36.99,7.94
Papua,SUPIORI,kabkota,2024,37.72,8.25
Papua,SUPIORI,kabkota,2025,42.56,9.47
Papua,WAROPEN,kabkota,2004,44.48,9.5
Papua,WAROPEN,kabkota,2005,,
Papua,WAROPEN,kabkota,2006,46.25,10.5
Papua,WAROPEN,kabkota,2007,46.93,10.3
Papua,WAROPEN,kabkota,2008,44.5,9.9
Papua,WAROPEN,kabkota,2009,44.0,6.7
Papua,WAROPEN,kabkota,2010,39.88,10.0
Papua,WAROPEN,kabkota,2011,36.23,9.6
Papua,WAROPEN,kabkota,2012,36.63,9.7
Papua,WAROPEN,kabkota,2013,37.27,10.1
Papua,WAROPEN,kabkota,2014,32.63,9.1
Papua,WAROPEN,kabkota,2015,31.41,8.89
Papua,WAROPEN,kabkota,2016,31.25,8.97
Papua,WAROPEN,kabkota,2017,30.82,9.03
Papua,WAROPEN,kabkota,2018,30.53,9.26
Papua,WAROPEN,kabkota,2019,30.95,9.68
Papua,WAROPEN,kabkota,2020,29.54,9.44
Papua,WAROPEN,kabkota,2021,29.85,9.69
Papua,WAROPEN,kabkota,2022,30.22,10.02
Papua,WAROPEN,kabkota,2023,29.16,9.86
Papua,WAROPEN,kabkota,2024,29.85,10.3
Papua,WAROPEN,kabkota,2025,32.6,11.45
Papua Barat,FAKFAK,kabkota,2004,37.43,21.9
Papua Barat,FAKFAK,kabkota,2005,39.88,23.7
Papua Barat,FAKFAK,kabkota,2006,41.64,26.4
Papua Barat,FAKFAK,kabkota,2007,39.57,24.7
Papua Barat,FAKFAK,kabkota,2008,37.55,24.5
Papua Barat,FAKFAK,kabkota,2009,35.29,23.4
Papua Barat,FAKFAK,kabkota,2010,33.25,22.2
Papua Barat,FAKFAK,kabkota,2011,33.18,23.2
Papua Barat,FAKFAK,kabkota,2012,29.22,20.4
Papua Barat,FAKFAK,kabkota,2013,29.84,21.3
Papua Barat,FAKFAK,kabkota,2014,29.18,21.2
Papua Barat,FAKFAK,kabkota,2015,27.51,20.56
Papua Barat,FAKFAK,kabkota,2016,26.66,19.98
Papua Barat,FAKFAK,kabkota,2017,25.96,19.67
Papua Barat,FAKFAK,kabkota,2018,24.31,18.73
Papua Barat,FAKFAK,kabkota,2019,23.25,18.22
Papua Barat,FAKFAK,kabkota,2020,22.27,17.72
Papua Barat,FAKFAK,kabkota,2021,22.86,18.51
Papua Barat,FAKFAK,kabkota,2022,22.06,18.13
Papua Barat,FAKFAK,kabkota,2023,21.38,17.84
Papua Barat,FAKFAK,kabkota,2024,20.86,17.67
Papua Barat,FAKFAK,kabkota,2025,19.86,17.04
Papua Barat,KAIMANA,kabkota,2004,33.15,21.6
Papua Barat,KAIMANA,kabkota,2005,,
Papua Barat,KAIMANA,kabkota,2006,35.52,33.1
Papua Barat,KAIMANA,kabkota,2007,33.84,31.0
Papua Barat,KAIMANA,kabkota,2008,33.95,32.5
Papua Barat,KAIMANA,kabkota,2009,23.51,9.8
Papua Barat,KAIMANA,kabkota,2010,20.89,9.7
Papua Barat,KAIMANA,kabkota,2011,20.84,10.1
Papua Barat,KAIMANA,kabkota,2012,17.97,8.9
Papua Barat,KAIMANA,kabkota,2013,18.6,9.6
Papua Barat,KAIMANA,kabkota,2014,17.65,9.4
Papua Barat,KAIMANA,kabkota,2015,17.79,9.61
Papua Barat,KAIMANA,kabkota,2016,17.44,9.62
Papua Barat,KAIMANA,kabkota,2017,17.22,9.74
Papua Barat,KAIMANA,kabkota,2018,16.65,9.66
Papua Barat,KAIMANA,kabkota,2019,16.11,9.63
Papua Barat,KAIMANA,kabkota,2020,15.5,9.52
Papua Barat,KAIMANA,kabkota,2021,16.04,10.31
Papua Barat,KAIMANA,kabkota,2022,15.29,10.11
Papua Barat,KAIMANA,kabkota,2023,14.57,9.9
Papua Barat,KAIMANA,kabkota,2024,14.41,10.06
Papua Barat,KAIMANA,kabkota,2025,13.83,9.9
Papua Barat,MANOKWARI,kabkota,2004,28.95,13.8
Papua Barat,MANOKWARI,kabkota,2005,,
Papua Barat,MANOKWARI,kabkota,2006,29.46,17.1
Papua Barat,MANOKWARI,kabkota,2007,28.05,16.0
Papua Barat,MANOKWARI,kabkota,2008,26.66,16.4
Papua Barat,MANOKWARI,kabkota,2009,40.8,70.2
Papua Barat,MANOKWARI,kabkota,2010,34.0,63.8
Papua Barat,MANOKWARI,kabkota,2011,33.95,66.7
Papua Barat,MANOKWARI,kabkota,2012,29.37,56.9
Papua Barat,MANOKWARI,kabkota,2013,28.45,56.7
Papua Barat,MANOKWARI,kabkota,2014,27.63,56.7
Papua Barat,MANOKWARI,kabkota,2015,25.28,40.01
Papua Barat,MANOKWARI,kabkota,2016,24.93,40.28
Papua Barat,MANOKWARI,kabkota,2017,24.32,40.31
Papua Barat,MANOKWARI,kabkota,2018,22.21,37.73
Papua Barat,MANOKWARI,kabkota,2019,21.06,36.67
Papua Barat,MANOKWARI,kabkota,2020,20.14,35.92
Papua Barat,MANOKWARI,kabkota,2021,20.56,35.63
Papua Barat,MANOKWARI,kabkota,2022,19.9,34.96
Papua Barat,MANOKWARI,kabkota,2023,18.73,33.35
Papua Barat,MANOKWARI,kabkota,2024,18.45,33.29
Papua Barat,MANOKWARI,kabkota,2025,17.38,31.72
Papua Barat,MANOKWARI SELATAN,kabkota,2004,,
Papua Barat,MANOKWARI SELATAN,kabkota,2005,,
Papua Barat,MANOKWARI SELATAN,kabkota,2006,,
Papua Barat,MANOKWARI SELATAN,kabkota,2007,,
Papua Barat,MANOKWARI SELATAN,kabkota,2008,,
Papua Barat,MANOKWARI SELATAN,kabkota,2009,,
Papua Barat,MANOKWARI SELATAN,kabkota,2010,,
Papua Barat,MANOKWARI SELATAN,kabkota,2011,,
Papua Barat,MANOKWARI SELATAN,kabkota,2012,,
Papua Barat,MANOKWARI SELATAN,kabkota,2013,,
Papua Barat,MANOKWARI SELATAN,kabkota,2014,,
Papua Barat,MANOKWARI SELATAN,kabkota,2015,34.33,7.63
Papua Barat,MANOKWARI SELATAN,kabkota,2016,34.15,7.64
Papua Barat,MANOKWARI SELATAN,kabkota,2017,34.02,7.78
Papua Barat,MANOKWARI SELATAN,kabkota,2018,30.87,7.24
Papua Barat,MANOKWARI SELATAN,kabkota,2019,29.94,7.21
Papua Barat,MANOKWARI SELATAN,kabkota,2020,28.88,7.09
Papua Barat,MANOKWARI SELATAN,kabkota,2021,29.3,7.65
Papua Barat,MANOKWARI SELATAN,kabkota,2022,28.55,7.68
Papua Barat,MANOKWARI SELATAN,kabkota,2023,27.8,7.69
Papua Barat,MANOKWARI SELATAN,kabkota,2024,26.83,7.64
Papua Barat,MANOKWARI SELATAN,kabkota,2025,26.52,7.75
Papua Barat,PEGUNUNGAN ARFAK,kabkota,2004,,
Papua Barat,PEGUNUNGAN ARFAK,kabkota,2005,,
Papua Barat,PEGUNUNGAN ARFAK,kabkota,2006,,
Papua Barat,PEGUNUNGAN ARFAK,kabkota,2007,,
Papua Barat,PEGUNUNGAN ARFAK,kabkota,2008,,
Papua Barat,PEGUNUNGAN ARFAK,kabkota,2009,,
Papua Barat,PEGUNUNGAN ARFAK,kabkota,2010,,
Papua Barat,PEGUNUNGAN ARFAK,kabkota,2011,,
Papua Barat,PEGUNUNGAN ARFAK,kabkota,2012,,
Papua Barat,PEGUNUNGAN ARFAK,kabkota,2013,,
Papua Barat,PEGUNUNGAN ARFAK,kabkota,2014,,
Papua Barat,PEGUNUNGAN ARFAK,kabkota,2015,38.53,11.02
Papua Barat,PEGUNUNGAN ARFAK,kabkota,2016,39.46,11.34
Papua Barat,PEGUNUNGAN ARFAK,kabkota,2017,39.23,11.58
Papua Barat,PEGUNUNGAN ARFAK,kabkota,2018,35.72,10.8
Papua Barat,PEGUNUNGAN ARFAK,kabkota,2019,34.83,10.74
Papua Barat,PEGUNUNGAN ARFAK,kabkota,2020,33.81,10.68
Papua Barat,PEGUNUNGAN ARFAK,kabkota,2021,34.7,11.85
Papua Barat,PEGUNUNGAN ARFAK,kabkota,2022,33.71,11.87
Papua Barat,PEGUNUNGAN ARFAK,kabkota,2023,32.29,11.71
Papua Barat,PEGUNUNGAN ARFAK,kabkota,2024,31.76,11.87
Papua Barat,PEGUNUNGAN ARFAK,kabkota,2025,30.88,11.86
Papua Barat,Papua Barat,provinsi,2004,,
Papua Barat,Papua Barat,provinsi,2005,,
Papua Barat,Papua Barat,provinsi,2006,41.34,284.1
Papua Barat,Papua Barat,provinsi,2007,39.31,266.8
Papua Barat,Papua Barat,provinsi,2008,33.49,237.3
Papua Barat,Papua Barat,provinsi,2009,31.43,227.6
Papua Barat,Papua Barat,provinsi,2010,28.59,217.4
Papua Barat,Papua Barat,provinsi,2011,28.53,227.1
Papua Barat,Papua Barat,provinsi,2012,27.04,219.6
Papua Barat,Papua Barat,provinsi,2013,27.14,226.2
Papua Barat,Papua Barat,provinsi,2014,26.26,225.5
Papua Barat,Papua Barat,provinsi,2015,25.82,225.36
Papua Barat,Papua Barat,provinsi,2016,25.43,225.81
Papua Barat,Papua Barat,provinsi,2017,25.1,228.38
Papua Barat,Papua Barat,provinsi,2018,23.01,214.47
Papua Barat,Papua Barat,provinsi,2019,22.17,211.5
Papua Barat,Papua Barat,provinsi,2020,21.37,208.58
Papua Barat,Papua Barat,provinsi,2021,21.84,219.07
Papua Barat,Papua Barat,provinsi,2022,21.33,218.78
Papua Barat,Papua Barat,provinsi,2023,20.49,214.98
Papua Barat,Papua Barat,provinsi,2024,21.66,110.16
Papua Barat,Papua Barat,provinsi,2025,20.66,106.9
Papua Barat,TELUK BINTUNI,kabkota,2004,35.17,12.9
Papua Barat,TELUK BINTUNI,kabkota,2005,37.85,14.2
Papua Barat,TELUK BINTUNI,kabkota,2006,36.85,14.7
Papua Barat,TELUK BINTUNI,kabkota,2007,35.22,13.7
Papua Barat,TELUK BINTUNI,kabkota,2008,23.25,10.6
Papua Barat,TELUK BINTUNI,kabkota,2009,51.91,28.2
Papua Barat,TELUK BINTUNI,kabkota,2010,47.53,24.9
Papua Barat,TELUK BINTUNI,kabkota,2011,47.44,26.0
Papua Barat,TELUK BINTUNI,kabkota,2012,40.53,22.5
Papua Barat,TELUK BINTUNI,kabkota,2013,40.33,23.0
Papua Barat,TELUK BINTUNI,kabkota,2014,38.92,22.8
Papua Barat,TELUK BINTUNI,kabkota,2015,36.66,22.1
Papua Barat,TELUK BINTUNI,kabkota,2016,34.72,20.97
Papua Barat,TELUK BINTUNI,kabkota,2017,34.32,21.09
Papua Barat,TELUK BINTUNI,kabkota,2018,31.3,19.64
Papua Barat,TELUK BINTUNI,kabkota,2019,30.57,19.59
Papua Barat,TELUK BINTUNI,kabkota,2020,29.39,19.22
Papua Barat,TELUK BINTUNI,kabkota,2021,29.79,20.07
Papua Barat,TELUK BINTUNI,kabkota,2022,29.73,20.45
Papua Barat,TELUK BINTUNI,kabkota,2023,28.24,19.82
Papua Barat,TELUK BINTUNI,kabkota,2024,26.99,19.33
Papua Barat,TELUK BINTUNI,kabkota,2025,25.34,18.48
Papua Barat,TELUK WONDAMA,kabkota,2004,49.55,74.8
Papua Barat,TELUK WONDAMA,kabkota,2005,,
Papua Barat,TELUK WONDAMA,kabkota,2006,49.75,81.2
Papua Barat,TELUK WONDAMA,kabkota,2007,47.34,76.4
Papua Barat,TELUK WONDAMA,kabkota,2008,43.57,82.6
Papua Barat,TELUK WONDAMA,kabkota,2009,48.47,11.1
Papua Barat,TELUK WONDAMA,kabkota,2010,44.25,11.6
Papua Barat,TELUK WONDAMA,kabkota,2011,43.86,12.1
Papua Barat,TELUK WONDAMA,kabkota,2012,38.35,10.7
Papua Barat,TELUK WONDAMA,kabkota,2013,39.43,11.3
Papua Barat,TELUK WONDAMA,kabkota,2014,38.81,11.4
Papua Barat,TELUK WONDAMA,kabkota,2015,37.44,11.08
Papua Barat,TELUK WONDAMA,kabkota,2016,36.37,11.02
Papua Barat,TELUK WONDAMA,kabkota,2017,36.37,11.25
Papua Barat,TELUK WONDAMA,kabkota,2018,33.32,10.53
Papua Barat,TELUK WONDAMA,kabkota,2019,32.42,10.48
Papua Barat,TELUK WONDAMA,kabkota,2020,30.91,10.22
Papua Barat,TELUK WONDAMA,kabkota,2021,31.61,10.74
Papua Barat,TELUK WONDAMA,kabkota,2022,30.06,10.44
Papua Barat,TELUK WONDAMA,kabkota,2023,28.9,10.24
Papua Barat,TELUK WONDAMA,kabkota,2024,28.47,10.3
Papua Barat,TELUK WONDAMA,kabkota,2025,27.57,10.16
Papua Barat Daya,KOTA SORONG,kabkota,2004,36.08,66.0
Papua Barat Daya,KOTA SORONG,kabkota,2005,38.59,71.0
Papua Barat Daya,KOTA SORONG,kabkota,2006,37.62,60.0
Papua Barat Daya,KOTA SORONG,kabkota,2007,35.71,56.2
Papua Barat Daya,KOTA SORONG,kabkota,2008,14.93,18.2
Papua Barat Daya,KOTA SORONG,kabkota,2009,15.12,25.4
Papua Barat Daya,KOTA SORONG,kabkota,2010,14.04,26.8
Papua Barat Daya,KOTA SORONG,kabkota,2011,14.04,28.0
Papua Barat Daya,KOTA SORONG,kabkota,2012,19.32,40.0
Papua Barat Daya,KOTA SORONG,kabkota,2013,19.27,41.1
Papua Barat Daya,KOTA SORONG,kabkota,2014,18.37,40.7
Papua Barat Daya,KOTA SORONG,kabkota,2015,17.56,39.24
Papua Barat Daya,KOTA SORONG,kabkota,2016,17.85,41.11
Papua Barat Daya,KOTA SORONG,kabkota,2017,17.78,42.2
Papua Barat Daya,KOTA SORONG,kabkota,2018,15.85,38.88
Papua Barat Daya,KOTA SORONG,kabkota,2019,15.45,39.02
Papua Barat Daya,KOTA SORONG,kabkota,2020,14.99,38.91
Papua Barat Daya,KOTA SORONG,kabkota,2021,15.35,41.75
Papua Barat Daya,KOTA SORONG,kabkota,2022,14.96,41.93
Papua Barat Daya,KOTA SORONG,kabkota,2023,14.41,41.61
Papua Barat Daya,KOTA SORONG,kabkota,2024,13.67,40.68
Papua Barat Daya,KOTA SORONG,kabkota,2025,13.55,41.39
Papua Barat Daya,MAYBRAT,kabkota,2004,,
Papua Barat Daya,MAYBRAT,kabkota,2005,,
Papua Barat Daya,MAYBRAT,kabkota,2006,,
Papua Barat Daya,MAYBRAT,kabkota,2007,,
Papua Barat Daya,MAYBRAT,kabkota,2008,,
Papua Barat Daya,MAYBRAT,kabkota,2009,,
Papua Barat Daya,MAYBRAT,kabkota,2010,40.13,13.3
Papua Barat Daya,MAYBRAT,kabkota,2011,40.16,13.9
Papua Barat Daya,MAYBRAT,kabkota,2012,34.92,12.3
Papua Barat Daya,MAYBRAT,kabkota,2013,35.64,12.8
Papua Barat Daya,MAYBRAT,kabkota,2014,35.2,13.0
Papua Barat Daya,MAYBRAT,kabkota,2015,35.31,14.0
Papua Barat Daya,MAYBRAT,kabkota,2016,34.65,13.77
Papua Barat Daya,MAYBRAT,kabkota,2017,34.87,13.87
Papua Barat Daya,MAYBRAT,kabkota,2018,32.89,13.12
Papua Barat Daya,MAYBRAT,kabkota,2019,32.2,13.11
Papua Barat Daya,MAYBRAT,kabkota,2020,30.78,12.8
Papua Barat Daya,MAYBRAT,kabkota,2021,31.39,13.48
Papua Barat Daya,MAYBRAT,kabkota,2022,31.14,13.66
Papua Barat Daya,MAYBRAT,kabkota,2023,30.28,13.57
Papua Barat Daya,MAYBRAT,kabkota,2024,29.18,13.35
Papua Barat Daya,MAYBRAT,kabkota,2025,29.0,13.53
Papua Barat Daya,Papua Barat Daya,provinsi,2004,,
Papua Barat Daya,Papua Barat Daya,provinsi,2005,,
Papua Barat Daya,Papua Barat Daya,provinsi,2006,,
Papua Barat Daya,Papua Barat Daya,provinsi,2007,,
Papua Barat Daya,Papua Barat Daya,provinsi,2008,,
Papua Barat Daya,Papua Barat Daya,provinsi,2009,,
Papua Barat Daya,Papua Barat Daya,provinsi,2010,,
Papua Barat Daya,Papua Barat Daya,provinsi,2011,,
Papua Barat Daya,Papua Barat Daya,provinsi,2012,,
Papua Barat Daya,Papua Barat Daya,provinsi,2013,,
Papua Barat Daya,Papua Barat Daya,provinsi,2014,,
Papua Barat Daya,Papua Barat Daya,provinsi,2015,,
Papua Barat Daya,Papua Barat Daya,provinsi,2016,,
Papua Barat Daya,Papua Barat Daya,provinsi,2017,,
Papua Barat Daya,Papua Barat Daya,provinsi,2018,,
Papua Barat Daya,Papua Barat Daya,provinsi,2019,,
Papua Barat Daya,Papua Barat Daya,provinsi,2020,,
Papua Barat Daya,Papua Barat Daya,provinsi,2021,,
Papua Barat Daya,Papua Barat Daya,provinsi,2022,,
Papua Barat Daya,Papua Barat Daya,provinsi,2023,,
Papua Barat Daya,Papua Barat Daya,provinsi,2024,18.13,102.27
Papua Barat Daya,Papua Barat Daya,provinsi,2025,17.95,103.57
Papua Barat Daya,RAJA AMPAT,kabkota,2004,54.94,11.1
Papua Barat Daya,RAJA AMPAT,kabkota,2005,,
Papua Barat Daya,RAJA AMPAT,kabkota,2006,54.95,11.9
Papua Barat Daya,RAJA AMPAT,kabkota,2007,53.34,11.5
Papua Barat Daya,RAJA AMPAT,kabkota,2008,47.36,12.0
Papua Barat Daya,RAJA AMPAT,kabkota,2009,23.71,9.7
Papua Barat Daya,RAJA AMPAT,kabkota,2010,23.58,10.0
Papua Barat Daya,RAJA AMPAT,kabkota,2011,23.5,10.5
Papua Barat Daya,RAJA AMPAT,kabkota,2012,21.01,9.3
Papua Barat Daya,RAJA AMPAT,kabkota,2013,21.16,9.5
Papua Barat Daya,RAJA AMPAT,kabkota,2014,20.73,9.5
Papua Barat Daya,RAJA AMPAT,kabkota,2015,20.94,9.56
Papua Barat Daya,RAJA AMPAT,kabkota,2016,20.5,9.52
Papua Barat Daya,RAJA AMPAT,kabkota,2017,20.0,9.43
Papua Barat Daya,RAJA AMPAT,kabkota,2018,17.8,8.5
Papua Barat Daya,RAJA AMPAT,kabkota,2019,17.16,8.3
Papua Barat Daya,RAJA AMPAT,kabkota,2020,17.01,8.32
Papua Barat Daya,RAJA AMPAT,kabkota,2021,17.5,8.69
Papua Barat Daya,RAJA AMPAT,kabkota,2022,17.32,8.69
Papua Barat Daya,RAJA AMPAT,kabkota,2023,16.76,8.51
Papua Barat Daya,RAJA AMPAT,kabkota,2024,15.83,8.13
Papua Barat Daya,RAJA AMPAT,kabkota,2025,16.57,8.6
Papua Barat Daya,SORONG,kabkota,2004,53.7,25.2
Papua Barat Daya,SORONG,kabkota,2005,,
Papua Barat Daya,SORONG,kabkota,2006,53.75,27.5
Papua Barat Daya,SORONG,kabkota,2007,51.37,25.9
Papua Barat Daya,SORONG,kabkota,2008,50.39,30.1
Papua Barat Daya,SORONG,kabkota,2009,34.45,33.4
Papua Barat Daya,SORONG,kabkota,2010,33.43,23.6
Papua Barat Daya,SORONG,kabkota,2011,33.38,24.7
Papua Barat Daya,SORONG,kabkota,2012,33.63,25.3
Papua Barat Daya,SORONG,kabkota,2013,35.48,27.4
Papua Barat Daya,SORONG,kabkota,2014,34.3,27.3
Papua Barat Daya,SORONG,kabkota,2015,33.35,26.69
Papua Barat Daya,SORONG,kabkota,2016,33.25,26.83
Papua Barat Daya,SORONG,kabkota,2017,32.86,27.72
Papua Barat Daya,SORONG,kabkota,2018,30.19,26.1
Papua Barat Daya,SORONG,kabkota,2019,28.61,25.3
Papua Barat Daya,SORONG,kabkota,2020,27.48,24.89
Papua Barat Daya,SORONG,kabkota,2021,27.78,25.93
Papua Barat Daya,SORONG,kabkota,2022,27.58,26.34
Papua Barat Daya,SORONG,kabkota,2023,26.88,26.27
Papua Barat Daya,SORONG,kabkota,2024,25.71,25.69
Papua Barat Daya,SORONG,kabkota,2025,25.1,25.61
Papua Barat Daya,SORONG SELATAN,kabkota,2004,31.73,9.2
Papua Barat Daya,SORONG SELATAN,kabkota,2005,,
Papua Barat Daya,SORONG SELATAN,kabkota,2006,31.25,12.2
Papua Barat Daya,SORONG SELATAN,kabkota,2007,30.07,11.4
Papua Barat Daya,SORONG SELATAN,kabkota,2008,23.76,10.4
Papua Barat Daya,SORONG SELATAN,kabkota,2009,26.76,16.3
Papua Barat Daya,SORONG SELATAN,kabkota,2010,23.02,8.7
Papua Barat Daya,SORONG SELATAN,kabkota,2011,22.93,9.1
Papua Barat Daya,SORONG SELATAN,kabkota,2012,19.96,8.1
Papua Barat Daya,SORONG SELATAN,kabkota,2013,20.5,8.5
Papua Barat Daya,SORONG SELATAN,kabkota,2014,19.73,8.4
Papua Barat Daya,SORONG SELATAN,kabkota,2015,20.38,8.7
Papua Barat Daya,SORONG SELATAN,kabkota,2016,19.92,8.71
Papua Barat Daya,SORONG SELATAN,kabkota,2017,19.66,8.79
Papua Barat Daya,SORONG SELATAN,kabkota,2018,19.14,8.76
Papua Barat Daya,SORONG SELATAN,kabkota,2019,18.41,8.6
Papua Barat Daya,SORONG SELATAN,kabkota,2020,18.28,8.71
Papua Barat Daya,SORONG SELATAN,kabkota,2021,18.55,9.16
Papua Barat Daya,SORONG SELATAN,kabkota,2022,18.48,9.33
Papua Barat Daya,SORONG SELATAN,kabkota,2023,18.11,9.35
Papua Barat Daya,SORONG SELATAN,kabkota,2024,17.83,9.4
Papua Barat Daya,SORONG SELATAN,kabkota,2025,17.66,9.49
Papua Barat Daya,TAMBRAUW,kabkota,2004,,
Papua Barat Daya,TAMBRAUW,kabkota,2005,,
Papua Barat Daya,TAMBRAUW,kabkota,2006,,
Papua Barat Daya,TAMBRAUW,kabkota,2007,,
Papua Barat Daya,TAMBRAUW,kabkota,2008,,
Papua Barat Daya,TAMBRAUW,kabkota,2009,,
Papua Barat Daya,TAMBRAUW,kabkota,2010,44.71,2.7
Papua Barat Daya,TAMBRAUW,kabkota,2011,43.77,2.8
Papua Barat Daya,TAMBRAUW,kabkota,2012,38.68,5.1
Papua Barat Daya,TAMBRAUW,kabkota,2013,38.68,5.2
Papua Barat Daya,TAMBRAUW,kabkota,2014,38.35,5.2
Papua Barat Daya,TAMBRAUW,kabkota,2015,38.11,5.17
Papua Barat Daya,TAMBRAUW,kabkota,2016,36.67,5.02
Papua Barat Daya,TAMBRAUW,kabkota,2017,35.99,4.95
Papua Barat Daya,TAMBRAUW,kabkota,2018,34.59,4.77
Papua Barat Daya,TAMBRAUW,kabkota,2019,33.66,4.67
Papua Barat Daya,TAMBRAUW,kabkota,2020,32.8,4.59
Papua Barat Daya,TAMBRAUW,kabkota,2021,33.86,5.31
Papua Barat Daya,TAMBRAUW,kabkota,2022,32.45,5.2
Papua Barat Daya,TAMBRAUW,kabkota,2023,31.23,5.13
Papua Barat Daya,TAMBRAUW,kabkota,2024,29.88,5.02
Papua Barat Daya,TAMBRAUW,kabkota,2025,28.94,4.96
Papua Pegunungan,JAYAWIJAYA,kabkota,2004,46.21,96.7
Papua Pegunungan,JAYAWIJAYA,kabkota,2005,49.82,105.4
Papua Pegunungan,JAYAWIJAYA,kabkota,2006,50.65,112.3
Papua Pegunungan,JAYAWIJAYA,kabkota,2007,50.31,109.7
Papua Pegunungan,JAYAWIJAYA,kabkota,2008,48.15,105.4
Papua Pegunungan,JAYAWIJAYA,kabkota,2009,46.3,45.4
Papua Pegunungan,JAYAWIJAYA,kabkota,2010,41.84,84.6
Papua Pegunungan,JAYAWIJAYA,kabkota,2011,39.03,81.6
Papua Pegunungan,JAYAWIJAYA,kabkota,2012,39.05,78.7
Papua Pegunungan,JAYAWIJAYA,kabkota,2013,41.81,85.0
Papua Pegunungan,JAYAWIJAYA,kabkota,2014,39.6,81.1
Papua Pegunungan,JAYAWIJAYA,kabkota,2015,39.48,81.12
Papua Pegunungan,JAYAWIJAYA,kabkota,2016,39.66,83.0
Papua Pegunungan,JAYAWIJAYA,kabkota,2017,38.62,81.94
Papua Pegunungan,JAYAWIJAYA,kabkota,2018,38.66,82.9
Papua Pegunungan,JAYAWIJAYA,kabkota,2019,38.33,83.23
Papua Pegunungan,JAYAWIJAYA,kabkota,2020,37.22,81.71
Papua Pegunungan,JAYAWIJAYA,kabkota,2021,37.09,78.18
Papua Pegunungan,JAYAWIJAYA,kabkota,2022,35.8,75.59
Papua Pegunungan,JAYAWIJAYA,kabkota,2023,34.71,73.42
Papua Pegunungan,JAYAWIJAYA,kabkota,2024,32.28,68.36
Papua Pegunungan,JAYAWIJAYA,kabkota,2025,29.08,61.64
Papua Pegunungan,LANNY JAYA,kabkota,2004,,
Papua Pegunungan,LANNY JAYA,kabkota,2005,,
Papua Pegunungan,LANNY JAYA,kabkota,2006,,
Papua Pegunungan,LANNY JAYA,kabkota,2007,,
Papua Pegunungan,LANNY JAYA,kabkota,2008,,
Papua Pegunungan,LANNY JAYA,kabkota,2009,47.73,27.4
Papua Pegunungan,LANNY JAYA,kabkota,2010,46.55,71.7
Papua Pegunungan,LANNY JAYA,kabkota,2011,43.68,69.2
Papua Pegunungan,LANNY JAYA,kabkota,2012,42.33,67.2
Papua Pegunungan,LANNY JAYA,kabkota,2013,43.79,71.6
Papua Pegunungan,LANNY JAYA,kabkota,2014,39.26,67.2
Papua Pegunungan,LANNY JAYA,kabkota,2015,41.97,72.13
Papua Pegunungan,LANNY JAYA,kabkota,2016,41.68,72.13
Papua Pegunungan,LANNY JAYA,kabkota,2017,39.6,69.78
Papua Pegunungan,LANNY JAYA,kabkota,2018,40.06,71.08
Papua Pegunungan,LANNY JAYA,kabkota,2019,39.52,70.6
Papua Pegunungan,LANNY JAYA,kabkota,2020,38.13,68.62
Papua Pegunungan,LANNY JAYA,kabkota,2021,38.73,76.75
Papua Pegunungan,LANNY JAYA,kabkota,2022,37.76,76.46
Papua Pegunungan,LANNY JAYA,kabkota,2023,36.94,76.43
Papua Pegunungan,LANNY JAYA,kabkota,2024,34.12,72.1
Papua Pegunungan,LANNY JAYA,kabkota,2025,31.59,68.04
Papua Pegunungan,MAMBERAMO TENGAH,kabkota,2004,,
Papua Pegunungan,MAMBERAMO TENGAH,kabkota,2005,,
Papua Pegunungan,MAMBERAMO TENGAH,kabkota,2006,,
Papua Pegunungan,MAMBERAMO TENGAH,kabkota,2007,,
Papua Pegunungan,MAMBERAMO TENGAH,kabkota,2008,,
Papua Pegunungan,MAMBERAMO TENGAH,kabkota,2009,47.07,11.2
Papua Pegunungan,MAMBERAMO TENGAH,kabkota,2010,43.15,19.0
Papua Pegunungan,MAMBERAMO TENGAH,kabkota,2011,43.69,18.6
Papua Pegunungan,MAMBERAMO TENGAH,kabkota,2012,42.84,18.0
Papua Pegunungan,MAMBERAMO TENGAH,kabkota,2013,39.59,17.2
Papua Pegunungan,MAMBERAMO TENGAH,kabkota,2014,35.47,16.2
Papua Pegunungan,MAMBERAMO TENGAH,kabkota,2015,35.54,16.36
Papua Pegunungan,MAMBERAMO TENGAH,kabkota,2016,38.36,17.88
Papua Pegunungan,MAMBERAMO TENGAH,kabkota,2017,36.38,17.2
Papua Pegunungan,MAMBERAMO TENGAH,kabkota,2018,37.02,17.75
Papua Pegunungan,MAMBERAMO TENGAH,kabkota,2019,36.93,17.79
Papua Pegunungan,MAMBERAMO TENGAH,kabkota,2020,36.41,17.72
Papua Pegunungan,MAMBERAMO TENGAH,kabkota,2021,36.76,19.66
Papua Pegunungan,MAMBERAMO TENGAH,kabkota,2022,35.92,19.66
Papua Pegunungan,MAMBERAMO TENGAH,kabkota,2023,35.42,19.83
Papua Pegunungan,MAMBERAMO TENGAH,kabkota,2024,35.27,20.2
Papua Pegunungan,MAMBERAMO TENGAH,kabkota,2025,32.2,18.81
Papua Pegunungan,NDUGA,kabkota,2004,,
Papua Pegunungan,NDUGA,kabkota,2005,,
Papua Pegunungan,NDUGA,kabkota,2006,,
Papua Pegunungan,NDUGA,kabkota,2007,,
Papua Pegunungan,NDUGA,kabkota,2008,,
Papua Pegunungan,NDUGA,kabkota,2009,47.28,13.2
Papua Pegunungan,NDUGA,kabkota,2010,42.53,34.6
Papua Pegunungan,NDUGA,kabkota,2011,39.49,33.4
Papua Pegunungan,NDUGA,kabkota,2012,38.14,32.3
Papua Pegunungan,NDUGA,kabkota,2013,39.69,34.7
Papua Pegunungan,NDUGA,kabkota,2014,35.89,33.4
Papua Pegunungan,NDUGA,kabkota,2015,35.89,33.38
Papua Pegunungan,NDUGA,kabkota,2016,38.47,36.72
Papua Pegunungan,NDUGA,kabkota,2017,37.29,36.07
Papua Pegunungan,NDUGA,kabkota,2018,38.13,37.14
Papua Pegunungan,NDUGA,kabkota,2019,38.24,37.6
Papua Pegunungan,NDUGA,kabkota,2020,36.72,36.54
Papua Pegunungan,NDUGA,kabkota,2021,37.18,41.17
Papua Pegunungan,NDUGA,kabkota,2022,36.73,41.76
Papua Pegunungan,NDUGA,kabkota,2023,37.09,43.27
Papua Pegunungan,NDUGA,kabkota,2024,36.28,43.42
Papua Pegunungan,NDUGA,kabkota,2025,32.89,40.29
Papua Pegunungan,PEGUNUNGAN BINTANG,kabkota,2004,47.85,42.0
Papua Pegunungan,PEGUNUNGAN BINTANG,kabkota,2005,50.33,44.8
Papua Pegunungan,PEGUNUNGAN BINTANG,kabkota,2006,51.26,48.0
Papua Pegunungan,PEGUNUNGAN BINTANG,kabkota,2007,,
Papua Pegunungan,PEGUNUNGAN BINTANG,kabkota,2008,45.81,42.0
Papua Pegunungan,PEGUNUNGAN BINTANG,kabkota,2009,43.77,41.8
Papua Pegunungan,PEGUNUNGAN BINTANG,kabkota,2010,40.08,26.2
Papua Pegunungan,PEGUNUNGAN BINTANG,kabkota,2011,36.23,25.3
Papua Pegunungan,PEGUNUNGAN BINTANG,kabkota,2012,35.63,24.3
Papua Pegunungan,PEGUNUNGAN BINTANG,kabkota,2013,37.23,25.9
Papua Pegunungan,PEGUNUNGAN BINTANG,kabkota,2014,32.78,23.3
Papua Pegunungan,PEGUNUNGAN BINTANG,kabkota,2015,31.55,22.51
Papua Pegunungan,PEGUNUNGAN BINTANG,kabkota,2016,31.52,22.79
Papua Pegunungan,PEGUNUNGAN BINTANG,kabkota,2017,30.6,22.41
Papua Pegunungan,PEGUNUNGAN BINTANG,kabkota,2018,30.75,22.81
Papua Pegunungan,PEGUNUNGAN BINTANG,kabkota,2019,30.51,23.01
Papua Pegunungan,PEGUNUNGAN BINTANG,kabkota,2020,30.15,23.03
Papua Pegunungan,PEGUNUNGAN BINTANG,kabkota,2021,30.46,23.38
Papua Pegunungan,PEGUNUNGAN BINTANG,kabkota,2022,30.32,23.5
Papua Pegunungan,PEGUNUNGAN BINTANG,kabkota,2023,29.79,23.32
Papua Pegunungan,PEGUNUNGAN BINTANG,kabkota,2024,28.95,22.87
Papua Pegunungan,PEGUNUNGAN BINTANG,kabkota,2025,25.87,20.61
Papua Pegunungan,Papua Pegunungan,provinsi,2004,,
Papua Pegunungan,Papua Pegunungan,provinsi,2005,,
Papua Pegunungan,Papua Pegunungan,provinsi,2006,,
Papua Pegunungan,Papua Pegunungan,provinsi,2007,,
Papua Pegunungan,Papua Pegunungan,provinsi,2008,,
Papua Pegunungan,Papua Pegunungan,provinsi,2009,,
Papua Pegunungan,Papua Pegunungan,provinsi,2010,,
Papua Pegunungan,Papua Pegunungan,provinsi,2011,,
Papua Pegunungan,Papua Pegunungan,provinsi,2012,,
Papua Pegunungan,Papua Pegunungan,provinsi,2013,,
Papua Pegunungan,Papua Pegunungan,provinsi,2014,,
Papua Pegunungan,Papua Pegunungan,provinsi,2015,,
Papua Pegunungan,Papua Pegunungan,provinsi,2016,,
Papua Pegunungan,Papua Pegunungan,provinsi,2017,,
Papua Pegunungan,Papua Pegunungan,provinsi,2018,,
Papua Pegunungan,Papua Pegunungan,provinsi,2019,,
Papua Pegunungan,Papua Pegunungan,provinsi,2020,,
Papua Pegunungan,Papua Pegunungan,provinsi,2021,,
Papua Pegunungan,Papua Pegunungan,provinsi,2022,,
Papua Pegunungan,Papua Pegunungan,provinsi,2023,,
Papua Pegunungan,Papua Pegunungan,provinsi,2024,32.97,365.44
Papua Pegunungan,Papua Pegunungan,provinsi,2025,30.03,337.32
Papua Pegunungan,TOLIKARA,kabkota,2004,45.15,19.7
Papua Pegunungan,TOLIKARA,kabkota,2005,,
Papua Pegunungan,TOLIKARA,kabkota,2006,46.22,21.6
Papua Pegunungan,TOLIKARA,kabkota,2007,45.3,21.1
Papua Pegunungan,TOLIKARA,kabkota,2008,45.08,21.1
Papua Pegunungan,TOLIKARA,kabkota,2009,44.63,21.9
Papua Pegunungan,TOLIKARA,kabkota,2010,41.17,47.9
Papua Pegunungan,TOLIKARA,kabkota,2011,37.81,46.2
Papua Pegunungan,TOLIKARA,kabkota,2012,36.3,44.8
Papua Pegunungan,TOLIKARA,kabkota,2013,38.0,47.8
Papua Pegunungan,TOLIKARA,kabkota,2014,33.27,42.8
Papua Pegunungan,TOLIKARA,kabkota,2015,34.0,45.72
Papua Pegunungan,TOLIKARA,kabkota,2016,33.63,45.33
Papua Pegunungan,TOLIKARA,kabkota,2017,32.73,44.47
Papua Pegunungan,TOLIKARA,kabkota,2018,33.14,45.54
Papua Pegunungan,TOLIKARA,kabkota,2019,32.9,45.65
Papua Pegunungan,TOLIKARA,kabkota,2020,32.04,44.88
Papua Pegunungan,TOLIKARA,kabkota,2021,32.6,48.16
Papua Pegunungan,TOLIKARA,kabkota,2022,31.31,47.13
Papua Pegunungan,TOLIKARA,kabkota,2023,31.57,48.4
Papua Pegunungan,TOLIKARA,kabkota,2024,31.22,48.73
Papua Pegunungan,TOLIKARA,kabkota,2025,28.75,45.62
Papua Pegunungan,YAHUKIMO,kabkota,2004,45.74,61.9
Papua Pegunungan,YAHUKIMO,kabkota,2005,48.28,66.7
Papua Pegunungan,YAHUKIMO,kabkota,2006,49.24,71.0
Papua Pegunungan,YAHUKIMO,kabkota,2007,48.34,69.4
Papua Pegunungan,YAHUKIMO,kabkota,2008,50.63,72.7
Papua Pegunungan,YAHUKIMO,kabkota,2009,49.61,74.5
Papua Pegunungan,YAHUKIMO,kabkota,2010,46.21,77.4
Papua Pegunungan,YAHUKIMO,kabkota,2011,42.49,74.7
Papua Pegunungan,YAHUKIMO,kabkota,2012,41.98,72.4
Papua Pegunungan,YAHUKIMO,kabkota,2013,43.27,76.1
Papua Pegunungan,YAHUKIMO,kabkota,2014,39.02,69.9
Papua Pegunungan,YAHUKIMO,kabkota,2015,41.26,74.37
Papua Pegunungan,YAHUKIMO,kabkota,2016,40.62,74.54
Papua Pegunungan,YAHUKIMO,kabkota,2017,39.33,73.27
Papua Pegunungan,YAHUKIMO,kabkota,2018,39.25,74.02
Papua Pegunungan,YAHUKIMO,kabkota,2019,38.82,73.92
Papua Pegunungan,YAHUKIMO,kabkota,2020,37.34,71.76
Papua Pegunungan,YAHUKIMO,kabkota,2021,37.64,73.62
Papua Pegunungan,YAHUKIMO,kabkota,2022,36.21,71.61
Papua Pegunungan,YAHUKIMO,kabkota,2023,36.08,72.14
Papua Pegunungan,YAHUKIMO,kabkota,2024,33.82,68.32
Papua Pegunungan,YAHUKIMO,kabkota,2025,30.61,62.42
Papua Pegunungan,YALIMO,kabkota,2004,,
Papua Pegunungan,YALIMO,kabkota,2005,,
Papua Pegunungan,YALIMO,kabkota,2006,,
Papua Pegunungan,YALIMO,kabkota,2007,,
Papua Pegunungan,YALIMO,kabkota,2008,,
Papua Pegunungan,YALIMO,kabkota,2009,47.76,8.7
Papua Pegunungan,YALIMO,kabkota,2010,44.13,22.8
Papua Pegunungan,YALIMO,kabkota,2011,40.65,22.0
Papua Pegunungan,YALIMO,kabkota,2012,39.49,21.4
Papua Pegunungan,YALIMO,kabkota,2013,40.33,22.4
Papua Pegunungan,YALIMO,kabkota,2014,35.65,20.7
Papua Pegunungan,YALIMO,kabkota,2015,35.88,21.36
Papua Pegunungan,YALIMO,kabkota,2016,35.8,21.36
Papua Pegunungan,YALIMO,kabkota,2017,34.97,21.18
Papua Pegunungan,YALIMO,kabkota,2018,35.45,21.64
Papua Pegunungan,YALIMO,kabkota,2019,34.52,21.48
Papua Pegunungan,YALIMO,kabkota,2020,32.82,20.84
Papua Pegunungan,YALIMO,kabkota,2021,33.25,22.32
Papua Pegunungan,YALIMO,kabkota,2022,31.68,21.72
Papua Pegunungan,YALIMO,kabkota,2023,30.97,21.67
Papua Pegunungan,YALIMO,kabkota,2024,30.02,21.44
Papua Pegunungan,YALIMO,kabkota,2025,27.35,19.9
Papua Selatan,ASMAT,kabkota,2004,31.37,19.2
Papua Selatan,ASMAT,kabkota,2005,33.7,21.0
Papua Selatan,ASMAT,kabkota,2006,33.82,22.0
Papua Selatan,ASMAT,kabkota,2007,33.49,21.5
Papua Selatan,ASMAT,kabkota,2008,39.77,25.7
Papua Selatan,ASMAT,kabkota,2009,38.69,26.0
Papua Selatan,ASMAT,kabkota,2010,35.4,27.4
Papua Selatan,ASMAT,kabkota,2011,32.38,26.4
Papua Selatan,ASMAT,kabkota,2012,30.57,25.6
Papua Selatan,ASMAT,kabkota,2013,33.84,28.9
Papua Selatan,ASMAT,kabkota,2014,29.1,25.4
Papua Selatan,ASMAT,kabkota,2015,28.48,25.05
Papua Selatan,ASMAT,kabkota,2016,27.79,24.97
Papua Selatan,ASMAT,kabkota,2017,27.16,25.05
Papua Selatan,ASMAT,kabkota,2018,27.41,26.02
Papua Selatan,ASMAT,kabkota,2019,26.6,25.8
Papua Selatan,ASMAT,kabkota,2020,25.49,25.12
Papua Selatan,ASMAT,kabkota,2021,24.83,25.04
Papua Selatan,ASMAT,kabkota,2022,24.87,25.6
Papua Selatan,ASMAT,kabkota,2023,24.36,25.58
Papua Selatan,ASMAT,kabkota,2024,24.5,26.24
Papua Selatan,ASMAT,kabkota,2025,28.47,31.06
Papua Selatan,BOVEN DIGOEL,kabkota,2004,28.76,8.9
Papua Selatan,BOVEN DIGOEL,kabkota,2005,,
Papua Selatan,BOVEN DIGOEL,kabkota,2006,29.64,9.8
Papua Selatan,BOVEN DIGOEL,kabkota,2007,29.52,9.6
Papua Selatan,BOVEN DIGOEL,kabkota,2008,27.49,9.1
Papua Selatan,BOVEN DIGOEL,kabkota,2009,27.01,9.3
Papua Selatan,BOVEN DIGOEL,kabkota,2010,25.79,14.5
Papua Selatan,BOVEN DIGOEL,kabkota,2011,23.52,14.0
Papua Selatan,BOVEN DIGOEL,kabkota,2012,22.79,13.6
Papua Selatan,BOVEN DIGOEL,kabkota,2013,23.7,14.4
Papua Selatan,BOVEN DIGOEL,kabkota,2014,18.87,11.7
Papua Selatan,BOVEN DIGOEL,kabkota,2015,19.5,12.2
Papua Selatan,BOVEN DIGOEL,kabkota,2016,20.82,13.38
Papua Selatan,BOVEN DIGOEL,kabkota,2017,19.9,13.1
Papua Selatan,BOVEN DIGOEL,kabkota,2018,20.35,13.7
Papua Selatan,BOVEN DIGOEL,kabkota,2019,19.66,13.54
Papua Selatan,BOVEN DIGOEL,kabkota,2020,19.41,13.86
Papua Selatan,BOVEN DIGOEL,kabkota,2021,19.9,13.88
Papua Selatan,BOVEN DIGOEL,kabkota,2022,20.04,14.2
Papua Selatan,BOVEN DIGOEL,kabkota,2023,19.8,14.25
Papua Selatan,BOVEN DIGOEL,kabkota,2024,19.24,14.05
Papua Selatan,BOVEN DIGOEL,kabkota,2025,21.96,16.26
Papua Selatan,MAPPI,kabkota,2004,29.97,19.6
Papua Selatan,MAPPI,kabkota,2005,32.22,21.4
Papua Selatan,MAPPI,kabkota,2006,33.96,23.5
Papua Selatan,MAPPI,kabkota,2007,34.04,23.0
Papua Selatan,MAPPI,kabkota,2008,36.23,24.4
Papua Selatan,MAPPI,kabkota,2009,34.94,24.4
Papua Selatan,MAPPI,kabkota,2010,33.11,27.2
Papua Selatan,MAPPI,kabkota,2011,30.14,26.2
Papua Selatan,MAPPI,kabkota,2012,29.3,25.4
Papua Selatan,MAPPI,kabkota,2013,30.35,26.8
Papua Selatan,MAPPI,kabkota,2014,25.95,23.5
Papua Selatan,MAPPI,kabkota,2015,26.96,24.6
Papua Selatan,MAPPI,kabkota,2016,26.64,24.82
Papua Selatan,MAPPI,kabkota,2017,25.75,24.31
Papua Selatan,MAPPI,kabkota,2018,25.64,25.21
Papua Selatan,MAPPI,kabkota,2019,25.5,26.1
Papua Selatan,MAPPI,kabkota,2020,25.04,26.91
Papua Selatan,MAPPI,kabkota,2021,26.05,26.36
Papua Selatan,MAPPI,kabkota,2022,26.04,26.76
Papua Selatan,MAPPI,kabkota,2023,25.72,26.82
Papua Selatan,MAPPI,kabkota,2024,25.7,27.18
Papua Selatan,MAPPI,kabkota,2025,28.46,30.5
Papua Selatan,MERAUKE,kabkota,2004,28.15,43.8
Papua Selatan,MERAUKE,kabkota,2005,,
Papua Selatan,MERAUKE,kabkota,2006,32.15,52.8
Papua Selatan,MERAUKE,kabkota,2007,31.56,51.6
Papua Selatan,MERAUKE,kabkota,2008,15.69,26.7
Papua Selatan,MERAUKE,kabkota,2009,15.44,26.5
Papua Selatan,MERAUKE,kabkota,2010,14.54,28.6
Papua Selatan,MERAUKE,kabkota,2011,13.22,27.6
Papua Selatan,MERAUKE,kabkota,2012,12.95,26.8
Papua Selatan,MERAUKE,kabkota,2013,12.33,26.0
Papua Selatan,MERAUKE,kabkota,2014,10.2,21.9
Papua Selatan,MERAUKE,kabkota,2015,11.1,23.96
Papua Selatan,MERAUKE,kabkota,2016,11.08,24.28
Papua Selatan,MERAUKE,kabkota,2017,10.81,24.06
Papua Selatan,MERAUKE,kabkota,2018,10.54,23.72
Papua Selatan,MERAUKE,kabkota,2019,10.35,23.49
Papua Selatan,MERAUKE,kabkota,2020,10.03,22.89
Papua Selatan,MERAUKE,kabkota,2021,10.16,23.83
Papua Selatan,MERAUKE,kabkota,2022,10.1,23.96
Papua Selatan,MERAUKE,kabkota,2023,10.01,24.03
Papua Selatan,MERAUKE,kabkota,2024,10.19,24.72
Papua Selatan,MERAUKE,kabkota,2025,11.31,27.72
Papua Selatan,Papua Selatan,provinsi,2004,,
Papua Selatan,Papua Selatan,provinsi,2005,,
Papua Selatan,Papua Selatan,provinsi,2006,,
Papua Selatan,Papua Selatan,provinsi,2007,,
Papua Selatan,Papua Selatan,provinsi,2008,,
Papua Selatan,Papua Selatan,provinsi,2009,,
Papua Selatan,Papua Selatan,provinsi,2010,,
Papua Selatan,Papua Selatan,provinsi,2011,,
Papua Selatan,Papua Selatan,provinsi,2012,,
Papua Selatan,Papua Selatan,provinsi,2013,,
Papua Selatan,Papua Selatan,provinsi,2014,,
Papua Selatan,Papua Selatan,provinsi,2015,,
Papua Selatan,Papua Selatan,provinsi,2016,,
Papua Selatan,Papua Selatan,provinsi,2017,,
Papua Selatan,Papua Selatan,provinsi,2018,,
Papua Selatan,Papua Selatan,provinsi,2019,,
Papua Selatan,Papua Selatan,provinsi,2020,,
Papua Selatan,Papua Selatan,provinsi,2021,,
Papua Selatan,Papua Selatan,provinsi,2022,,
Papua Selatan,Papua Selatan,provinsi,2023,,
Papua Selatan,Papua Selatan,provinsi,2024,17.44,92.2
Papua Selatan,Papua Selatan,provinsi,2025,19.71,105.53
Papua Tengah,DEIYAI,kabkota,2004,,
Papua Tengah,DEIYAI,kabkota,2005,,
Papua Tengah,DEIYAI,kabkota,2006,,
Papua Tengah,DEIYAI,kabkota,2007,,
Papua Tengah,DEIYAI,kabkota,2008,,
Papua Tengah,DEIYAI,kabkota,2009,,
Papua Tengah,DEIYAI,kabkota,2010,49.58,32.1
Papua Tengah,DEIYAI,kabkota,2011,46.76,31.0
Papua Tengah,DEIYAI,kabkota,2012,45.93,30.1
Papua Tengah,DEIYAI,kabkota,2013,47.52,31.8
Papua Tengah,DEIYAI,kabkota,2014,44.49,30.4
Papua Tengah,DEIYAI,kabkota,2015,45.74,31.53
Papua Tengah,DEIYAI,kabkota,2016,45.11,31.72
Papua Tengah,DEIYAI,kabkota,2017,43.63,31.33
Papua Tengah,DEIYAI,kabkota,2018,43.49,31.5
Papua Tengah,DEIYAI,kabkota,2019,43.65,31.87
Papua Tengah,DEIYAI,kabkota,2020,41.76,30.98
Papua Tengah,DEIYAI,kabkota,2021,40.59,30.83
Papua Tengah,DEIYAI,kabkota,2022,40.31,31.04
Papua Tengah,DEIYAI,kabkota,2023,38.66,30.18
Papua Tengah,DEIYAI,kabkota,2024,39.01,30.85
Papua Tengah,DEIYAI,kabkota,2025,37.29,29.84
Papua Tengah,DOGIYAI,kabkota,2004,,
Papua Tengah,DOGIYAI,kabkota,2005,,
Papua Tengah,DOGIYAI,kabkota,2006,,
Papua Tengah,DOGIYAI,kabkota,2007,,
Papua Tengah,DOGIYAI,kabkota,2008,,
Papua Tengah,DOGIYAI,kabkota,2009,36.57,25.5
Papua Tengah,DOGIYAI,kabkota,2010,33.96,28.3
Papua Tengah,DOGIYAI,kabkota,2011,30.4,27.3
Papua Tengah,DOGIYAI,kabkota,2012,30.08,26.5
Papua Tengah,DOGIYAI,kabkota,2013,32.25,28.9
Papua Tengah,DOGIYAI,kabkota,2014,29.1,26.5
Papua Tengah,DOGIYAI,kabkota,2015,29.1,26.68
Papua Tengah,DOGIYAI,kabkota,2016,31.21,29.15
Papua Tengah,DOGIYAI,kabkota,2017,30.36,28.75
Papua Tengah,DOGIYAI,kabkota,2018,30.48,29.32
Papua Tengah,DOGIYAI,kabkota,2019,31.12,30.37
Papua Tengah,DOGIYAI,kabkota,2020,28.62,28.31
Papua Tengah,DOGIYAI,kabkota,2021,28.81,28.38
Papua Tengah,DOGIYAI,kabkota,2022,29.48,29.32
Papua Tengah,DOGIYAI,kabkota,2023,29.2,29.32
Papua Tengah,DOGIYAI,kabkota,2024,30.03,30.42
Papua Tengah,DOGIYAI,kabkota,2025,29.34,29.96
Papua Tengah,INTAN JAYA,kabkota,2004,,
Papua Tengah,INTAN JAYA,kabkota,2005,,
Papua Tengah,INTAN JAYA,kabkota,2006,,
Papua Tengah,INTAN JAYA,kabkota,2007,,
Papua Tengah,INTAN JAYA,kabkota,2008,,
Papua Tengah,INTAN JAYA,kabkota,2009,,
Papua Tengah,INTAN JAYA,kabkota,2010,47.82,18.6
Papua Tengah,INTAN JAYA,kabkota,2011,41.53,17.9
Papua Tengah,INTAN JAYA,kabkota,2012,40.65,17.4
Papua Tengah,INTAN JAYA,kabkota,2013,42.03,18.4
Papua Tengah,INTAN JAYA,kabkota,2014,38.16,17.2
Papua Tengah,INTAN JAYA,kabkota,2015,41.34,18.84
Papua Tengah,INTAN JAYA,kabkota,2016,43.73,20.53
Papua Tengah,INTAN JAYA,kabkota,2017,42.23,20.29
Papua Tengah,INTAN JAYA,kabkota,2018,42.71,20.8
Papua Tengah,INTAN JAYA,kabkota,2019,42.92,21.1
Papua Tengah,INTAN JAYA,kabkota,2020,40.71,20.46
Papua Tengah,INTAN JAYA,kabkota,2021,41.66,21.31
Papua Tengah,INTAN JAYA,kabkota,2022,42.03,21.86
Papua Tengah,INTAN JAYA,kabkota,2023,40.01,21.16
Papua Tengah,INTAN JAYA,kabkota,2024,41.42,22.25
Papua Tengah,INTAN JAYA,kabkota,2025,39.21,21.37
Papua Tengah,MIMIKA,kabkota,2004,30.75,38.8
Papua Tengah,MIMIKA,kabkota,2005,33.23,42.3
Papua Tengah,MIMIKA,kabkota,2006,34.05,45.2
Papua Tengah,MIMIKA,kabkota,2007,32.73,44.1
Papua Tengah,MIMIKA,kabkota,2008,26.63,37.8
Papua Tengah,MIMIKA,kabkota,2009,24.74,35.7
Papua Tengah,MIMIKA,kabkota,2010,22.57,41.8
Papua Tengah,MIMIKA,kabkota,2011,20.78,40.3
Papua Tengah,MIMIKA,kabkota,2012,20.09,38.7
Papua Tengah,MIMIKA,kabkota,2013,20.37,40.2
Papua Tengah,MIMIKA,kabkota,2014,16.11,32.2
Papua Tengah,MIMIKA,kabkota,2015,16.2,32.85
Papua Tengah,MIMIKA,kabkota,2016,14.72,30.12
Papua Tengah,MIMIKA,kabkota,2017,14.89,31.15
Papua Tengah,MIMIKA,kabkota,2018,14.55,31.18
Papua Tengah,MIMIKA,kabkota,2019,14.54,31.79
Papua Tengah,MIMIKA,kabkota,2020,14.26,31.75
Papua Tengah,MIMIKA,kabkota,2021,14.17,30.95
Papua Tengah,MIMIKA,kabkota,2022,14.28,31.58
Papua Tengah,MIMIKA,kabkota,2023,13.55,30.31
Papua Tengah,MIMIKA,kabkota,2024,14.18,32.09
Papua Tengah,MIMIKA,kabkota,2025,13.7,31.31
Papua Tengah,NABIRE,kabkota,2004,43.01,69.0
Papua Tengah,NABIRE,kabkota,2005,45.89,74.4
Papua Tengah,NABIRE,kabkota,2006,45.71,77.7
Papua Tengah,NABIRE,kabkota,2007,45.56,75.9
Papua Tengah,NABIRE,kabkota,2008,37.56,63.2
Papua Tengah,NABIRE,kabkota,2009,35.69,36.3
Papua Tengah,NABIRE,kabkota,2010,33.68,44.3
Papua Tengah,NABIRE,kabkota,2011,30.86,42.7
Papua Tengah,NABIRE,kabkota,2012,30.65,41.5
Papua Tengah,NABIRE,kabkota,2013,27.69,38.0
Papua Tengah,NABIRE,kabkota,2014,23.92,33.1
Papua Tengah,NABIRE,kabkota,2015,24.37,34.12
Papua Tengah,NABIRE,kabkota,2016,26.03,36.99
Papua Tengah,NABIRE,kabkota,2017,25.38,36.68
Papua Tengah,NABIRE,kabkota,2018,25.17,37.06
Papua Tengah,NABIRE,kabkota,2019,24.81,37.14
Papua Tengah,NABIRE,kabkota,2020,24.15,36.75
Papua Tengah,NABIRE,kabkota,2021,23.83,35.08
Papua Tengah,NABIRE,kabkota,2022,23.9,35.43
Papua Tengah,NABIRE,kabkota,2023,23.35,34.83
Papua Tengah,NABIRE,kabkota,2024,24.0,36.02
Papua Tengah,NABIRE,kabkota,2025,22.65,34.18
Papua Tengah,PANIAI,kabkota,2004,49.09,54.6
Papua Tengah,PANIAI,kabkota,2005,51.72,59.0
Papua Tengah,PANIAI,kabkota,2006,52.45,62.3
Papua Tengah,PANIAI,kabkota,2007,52.18,60.9
Papua Tengah,PANIAI,kabkota,2008,48.29,56.3
Papua Tengah,PANIAI,kabkota,2009,47.68,57.9
Papua Tengah,PANIAI,kabkota,2010,43.47,65.7
Papua Tengah,PANIAI,kabkota,2011,37.18,63.4
Papua Tengah,PANIAI,kabkota,2012,38.69,61.5
Papua Tengah,PANIAI,kabkota,2013,40.15,64.9
Papua Tengah,PANIAI,kabkota,2014,36.07,58.8
Papua Tengah,PANIAI,kabkota,2015,37.43,61.34
Papua Tengah,PANIAI,kabkota,2016,39.13,65.18
Papua Tengah,PANIAI,kabkota,2017,37.4,63.38
Papua Tengah,PANIAI,kabkota,2018,37.35,64.46
Papua Tengah,PANIAI,kabkota,2019,37.16,65.54
Papua Tengah,PANIAI,kabkota,2020,36.71,65.98
Papua Tengah,PANIAI,kabkota,2021,36.59,62.57
Papua Tengah,PANIAI,kabkota,2022,36.63,62.97
Papua Tengah,PANIAI,kabkota,2023,35.39,61.14
Papua Tengah,PANIAI,kabkota,2024,37.07,64.34
Papua Tengah,PANIAI,kabkota,2025,36.31,63.26
Papua Tengah,PUNCAK,kabkota,2004,,
Papua Tengah,PUNCAK,kabkota,2005,,
Papua Tengah,PUNCAK,kabkota,2006,,
Papua Tengah,PUNCAK,kabkota,2007,,
Papua Tengah,PUNCAK,kabkota,2008,,
Papua Tengah,PUNCAK,kabkota,2009,49.2,24.0
Papua Tengah,PUNCAK,kabkota,2010,44.65,42.0
Papua Tengah,PUNCAK,kabkota,2011,40.77,40.5
Papua Tengah,PUNCAK,kabkota,2012,39.38,38.8
Papua Tengah,PUNCAK,kabkota,2013,41.96,42.1
Papua Tengah,PUNCAK,kabkota,2014,37.85,38.7
Papua Tengah,PUNCAK,kabkota,2015,38.74,39.88
Papua Tengah,PUNCAK,kabkota,2016,38.58,40.53
Papua Tengah,PUNCAK,kabkota,2017,37.46,40.17
Papua Tengah,PUNCAK,kabkota,2018,38.15,42.1
Papua Tengah,PUNCAK,kabkota,2019,38.24,43.09
Papua Tengah,PUNCAK,kabkota,2020,36.96,42.43
Papua Tengah,PUNCAK,kabkota,2021,36.26,40.78
Papua Tengah,PUNCAK,kabkota,2022,36.25,41.28
Papua Tengah,PUNCAK,kabkota,2023,36.44,42.01
Papua Tengah,PUNCAK,kabkota,2024,37.49,43.73
Papua Tengah,PUNCAK,kabkota,2025,36.94,43.55
Papua Tengah,PUNCAK JAYA,kabkota,2004,50.67,55.8
Papua Tengah,PUNCAK JAYA,kabkota,2005,53.21,60.0
Papua Tengah,PUNCAK JAYA,kabkota,2006,54.21,63.7
Papua Tengah,PUNCAK JAYA,kabkota,2007,,
Papua Tengah,PUNCAK JAYA,kabkota,2008,49.42,57.7
Papua Tengah,PUNCAK JAYA,kabkota,2009,46.92,34.4
Papua Tengah,PUNCAK JAYA,kabkota,2010,43.8,45.2
Papua Tengah,PUNCAK JAYA,kabkota,2011,40.25,43.6
Papua Tengah,PUNCAK JAYA,kabkota,2012,38.21,41.6
Papua Tengah,PUNCAK JAYA,kabkota,2013,39.92,44.8
Papua Tengah,PUNCAK JAYA,kabkota,2014,36.15,41.2
Papua Tengah,PUNCAK JAYA,kabkota,2015,37.45,43.06
Papua Tengah,PUNCAK JAYA,kabkota,2016,37.31,44.27
Papua Tengah,PUNCAK JAYA,kabkota,2017,36.01,44.16
Papua Tengah,PUNCAK JAYA,kabkota,2018,36.27,45.51
Papua Tengah,PUNCAK JAYA,kabkota,2019,35.71,45.89
Papua Tengah,PUNCAK JAYA,kabkota,2020,34.74,46.07
Papua Tengah,PUNCAK JAYA,kabkota,2021,36.0,46.39
Papua Tengah,PUNCAK JAYA,kabkota,2022,36.3,47.61
Papua Tengah,PUNCAK JAYA,kabkota,2023,35.6,47.5
Papua Tengah,PUNCAK JAYA,kabkota,2024,35.94,48.78
Papua Tengah,PUNCAK JAYA,kabkota,2025,35.46,48.85
Papua Tengah,Papua Tengah,provinsi,2004,,
Papua Tengah,Papua Tengah,provinsi,2005,,
Papua Tengah,Papua Tengah,provinsi,2006,,
Papua Tengah,Papua Tengah,provinsi,2007,,
Papua Tengah,Papua Tengah,provinsi,2008,,
Papua Tengah,Papua Tengah,provinsi,2009,,
Papua Tengah,Papua Tengah,provinsi,2010,,
Papua Tengah,Papua Tengah,provinsi,2011,,
Papua Tengah,Papua Tengah,provinsi,2012,,
Papua Tengah,Papua Tengah,provinsi,2013,,
Papua Tengah,Papua Tengah,provinsi,2014,,
Papua Tengah,Papua Tengah,provinsi,2015,,
Papua Tengah,Papua Tengah,provinsi,2016,,
Papua Tengah,Papua Tengah,provinsi,2017,,
Papua Tengah,Papua Tengah,provinsi,2018,,
Papua Tengah,Papua Tengah,provinsi,2019,,
Papua Tengah,Papua Tengah,provinsi,2020,,
Papua Tengah,Papua Tengah,provinsi,2021,,
Papua Tengah,Papua Tengah,provinsi,2022,,
Papua Tengah,Papua Tengah,provinsi,2023,,
Papua Tengah,Papua Tengah,provinsi,2024,29.76,308.48
Papua Tengah,Papua Tengah,provinsi,2025,28.9,302.31
Riau,BENGKALIS,kabkota,2004,10.87,70.6
Riau,BENGKALIS,kabkota,2005,8.59,61.4
Riau,BENGKALIS,kabkota,2006,11.56,81.9
Riau,BENGKALIS,kabkota,2007,10.69,80.0
Riau,BENGKALIS,kabkota,2008,8.94,69.8
Riau,BENGKALIS,kabkota,2009,7.91,63.4
Riau,BENGKALIS,kabkota,2010,8.25,41.3
Riau,BENGKALIS,kabkota,2011,6.72,35.0
Riau,BENGKALIS,kabkota,2012,6.76,35.3
Riau,BENGKALIS,kabkota,2013,7.57,40.1
Riau,BENGKALIS,kabkota,2014,7.2,38.8
Riau,BENGKALIS,kabkota,2015,7.38,40.0
Riau,BENGKALIS,kabkota,2016,6.82,37.49
Riau,BENGKALIS,kabkota,2017,6.85,38.19
Riau,BENGKALIS,kabkota,2018,6.22,35.11
Riau,BENGKALIS,kabkota,2019,6.27,35.83
Riau,BENGKALIS,kabkota,2020,6.4,36.96
Riau,BENGKALIS,kabkota,2021,6.64,37.66
Riau,BENGKALIS,kabkota,2022,6.32,36.03
Riau,BENGKALIS,kabkota,2023,6.31,36.1
Riau,BENGKALIS,kabkota,2024,6.36,36.56
Riau,BENGKALIS,kabkota,2025,6.08,35.11
Riau,INDRAGIRI HILIR,kabkota,2004,18.34,115.1
Riau,INDRAGIRI HILIR,kabkota,2005,16.01,106.4
Riau,INDRAGIRI HILIR,kabkota,2006,14.85,96.2
Riau,INDRAGIRI HILIR,kabkota,2007,14.57,97.1
Riau,INDRAGIRI HILIR,kabkota,2008,13.19,92.4
Riau,INDRAGIRI HILIR,kabkota,2009,11.11,80.6
Riau,INDRAGIRI HILIR,kabkota,2010,9.41,62.4
Riau,INDRAGIRI HILIR,kabkota,2011,7.65,52.8
Riau,INDRAGIRI HILIR,kabkota,2012,7.81,53.0
Riau,INDRAGIRI HILIR,kabkota,2013,7.88,54.2
Riau,INDRAGIRI HILIR,kabkota,2014,7.51,52.4
Riau,INDRAGIRI HILIR,kabkota,2015,8.11,56.85
Riau,INDRAGIRI HILIR,kabkota,2016,7.99,56.82
Riau,INDRAGIRI HILIR,kabkota,2017,7.7,55.4
Riau,INDRAGIRI HILIR,kabkota,2018,7.05,51.42
Riau,INDRAGIRI HILIR,kabkota,2019,6.54,48.29
Riau,INDRAGIRI HILIR,kabkota,2020,5.93,44.29
Riau,INDRAGIRI HILIR,kabkota,2021,6.18,44.61
Riau,INDRAGIRI HILIR,kabkota,2022,5.98,43.22
Riau,INDRAGIRI HILIR,kabkota,2023,5.64,40.86
Riau,INDRAGIRI HILIR,kabkota,2024,5.66,41.05
Riau,INDRAGIRI HILIR,kabkota,2025,4.95,35.97
Riau,INDRAGIRI HULU,kabkota,2004,19.62,55.7
Riau,INDRAGIRI HULU,kabkota,2005,17.28,52.2
Riau,INDRAGIRI HULU,kabkota,2006,15.97,47.2
Riau,INDRAGIRI HULU,kabkota,2007,14.63,47.0
Riau,INDRAGIRI HULU,kabkota,2008,12.05,40.6
Riau,INDRAGIRI HULU,kabkota,2009,10.25,36.0
Riau,INDRAGIRI HULU,kabkota,2010,8.9,32.5
Riau,INDRAGIRI HULU,kabkota,2011,7.25,27.5
Riau,INDRAGIRI HULU,kabkota,2012,7.17,27.7
Riau,INDRAGIRI HULU,kabkota,2013,7.5,29.6
Riau,INDRAGIRI HULU,kabkota,2014,7.28,29.4
Riau,INDRAGIRI HULU,kabkota,2015,7.76,31.63
Riau,INDRAGIRI HULU,kabkota,2016,7.15,29.73
Riau,INDRAGIRI HULU,kabkota,2017,6.94,29.42
Riau,INDRAGIRI HULU,kabkota,2018,6.3,27.22
Riau,INDRAGIRI HULU,kabkota,2019,6.06,26.66
Riau,INDRAGIRI HULU,kabkota,2020,5.96,26.66
Riau,INDRAGIRI HULU,kabkota,2021,6.18,27.35
Riau,INDRAGIRI HULU,kabkota,2022,6.14,27.46
Riau,INDRAGIRI HULU,kabkota,2023,6.06,27.4
Riau,INDRAGIRI HULU,kabkota,2024,6.02,27.53
Riau,INDRAGIRI HULU,kabkota,2025,5.83,26.88
Riau,KAMPAR,kabkota,2004,14.96,79.3
Riau,KAMPAR,kabkota,2005,12.93,71.8
Riau,KAMPAR,kabkota,2006,11.69,64.9
Riau,KAMPAR,kabkota,2007,10.73,64.2
Riau,KAMPAR,kabkota,2008,11.45,71.6
Riau,KAMPAR,kabkota,2009,10.04,65.6
Riau,KAMPAR,kabkota,2010,10.47,72.3
Riau,KAMPAR,kabkota,2011,8.52,61.2
Riau,KAMPAR,kabkota,2012,8.36,61.8
Riau,KAMPAR,kabkota,2013,9.04,68.6
Riau,KAMPAR,kabkota,2014,8.68,67.6
Riau,KAMPAR,kabkota,2015,9.17,72.22
Riau,KAMPAR,kabkota,2016,8.38,67.68
Riau,KAMPAR,kabkota,2017,8.02,66.33
Riau,KAMPAR,kabkota,2018,8.18,69.32
Riau,KAMPAR,kabkota,2019,7.71,66.81
Riau,KAMPAR,kabkota,2020,7.38,65.3
Riau,KAMPAR,kabkota,2021,7.82,68.74
Riau,KAMPAR,kabkota,2022,7.12,63.55
Riau,KAMPAR,kabkota,2023,7.04,63.84
Riau,KAMPAR,kabkota,2024,6.92,63.74
Riau,KAMPAR,kabkota,2025,6.29,58.71
Riau,KEPULAUAN MERANTI,kabkota,2004,,
Riau,KEPULAUAN MERANTI,kabkota,2005,,
Riau,KEPULAUAN MERANTI,kabkota,2006,,
Riau,KEPULAUAN MERANTI,kabkota,2007,,
Riau,KEPULAUAN MERANTI,kabkota,2008,,
Riau,KEPULAUAN MERANTI,kabkota,2009,,
Riau,KEPULAUAN MERANTI,kabkota,2010,42.56,75.1
Riau,KEPULAUAN MERANTI,kabkota,2011,34.53,63.6
Riau,KEPULAUAN MERANTI,kabkota,2012,35.89,63.9
Riau,KEPULAUAN MERANTI,kabkota,2013,35.74,64.0
Riau,KEPULAUAN MERANTI,kabkota,2014,33.85,61.1
Riau,KEPULAUAN MERANTI,kabkota,2015,34.08,61.64
Riau,KEPULAUAN MERANTI,kabkota,2016,30.89,56.18
Riau,KEPULAUAN MERANTI,kabkota,2017,28.99,53.05
Riau,KEPULAUAN MERANTI,kabkota,2018,27.79,51.17
Riau,KEPULAUAN MERANTI,kabkota,2019,26.93,49.89
Riau,KEPULAUAN MERANTI,kabkota,2020,25.28,47.1
Riau,KEPULAUAN MERANTI,kabkota,2021,25.68,48.5
Riau,KEPULAUAN MERANTI,kabkota,2022,23.84,45.25
Riau,KEPULAUAN MERANTI,kabkota,2023,22.98,43.82
Riau,KEPULAUAN MERANTI,kabkota,2024,23.15,44.34
Riau,KEPULAUAN MERANTI,kabkota,2025,20.51,39.41
Riau,KOTA DUMAI,kabkota,2004,10.01,21.3
Riau,KOTA DUMAI,kabkota,2005,8.44,19.6
Riau,KOTA DUMAI,kabkota,2006,7.69,17.7
Riau,KOTA DUMAI,kabkota,2007,6.28,14.6
Riau,KOTA DUMAI,kabkota,2008,7.42,18.4
Riau,KOTA DUMAI,kabkota,2009,6.08,15.7
Riau,KOTA DUMAI,kabkota,2010,6.45,16.5
Riau,KOTA DUMAI,kabkota,2011,5.27,14.0
Riau,KOTA DUMAI,kabkota,2012,5.24,14.1
Riau,KOTA DUMAI,kabkota,2013,4.98,13.7
Riau,KOTA DUMAI,kabkota,2014,4.83,13.6
Riau,KOTA DUMAI,kabkota,2015,5.26,14.97
Riau,KOTA DUMAI,kabkota,2016,4.74,13.76
Riau,KOTA DUMAI,kabkota,2017,4.57,13.53
Riau,KOTA DUMAI,kabkota,2018,3.71,11.19
Riau,KOTA DUMAI,kabkota,2019,3.56,10.95
Riau,KOTA DUMAI,kabkota,2020,3.16,9.88
Riau,KOTA DUMAI,kabkota,2021,3.42,10.57
Riau,KOTA DUMAI,kabkota,2022,3.2,10.0
Riau,KOTA DUMAI,kabkota,2023,3.21,10.15
Riau,KOTA DUMAI,kabkota,2024,3.14,10.02
Riau,KOTA DUMAI,kabkota,2025,3.08,9.92
Riau,KOTA PEKANBARU,kabkota,2004,4.35,30.2
Riau,KOTA PEKANBARU,kabkota,2005,2.44,18.0
Riau,KOTA PEKANBARU,kabkota,2006,2.16,16.3
Riau,KOTA PEKANBARU,kabkota,2007,2.24,17.7
Riau,KOTA PEKANBARU,kabkota,2008,3.63,29.7
Riau,KOTA PEKANBARU,kabkota,2009,3.92,33.4
Riau,KOTA PEKANBARU,kabkota,2010,4.2,38.2
Riau,KOTA PEKANBARU,kabkota,2011,3.45,32.3
Riau,KOTA PEKANBARU,kabkota,2012,3.38,32.7
Riau,KOTA PEKANBARU,kabkota,2013,3.27,32.5
Riau,KOTA PEKANBARU,kabkota,2014,3.17,32.3
Riau,KOTA PEKANBARU,kabkota,2015,3.27,33.76
Riau,KOTA PEKANBARU,kabkota,2016,3.07,32.49
Riau,KOTA PEKANBARU,kabkota,2017,3.05,33.09
Riau,KOTA PEKANBARU,kabkota,2018,2.85,31.62
Riau,KOTA PEKANBARU,kabkota,2019,2.52,28.6
Riau,KOTA PEKANBARU,kabkota,2020,2.62,30.4
Riau,KOTA PEKANBARU,kabkota,2021,2.83,32.73
Riau,KOTA PEKANBARU,kabkota,2022,3.06,35.96
Riau,KOTA PEKANBARU,kabkota,2023,3.16,37.67
Riau,KOTA PEKANBARU,kabkota,2024,3.15,38.17
Riau,KOTA PEKANBARU,kabkota,2025,3.19,39.16
Riau,KUANTAN SINGINGI,kabkota,2004,25.41,61.6
Riau,KUANTAN SINGINGI,kabkota,2005,23.04,58.8
Riau,KUANTAN SINGINGI,kabkota,2006,21.28,53.1
Riau,KUANTAN SINGINGI,kabkota,2007,19.03,51.7
Riau,KUANTAN SINGINGI,kabkota,2008,16.51,47.3
Riau,KUANTAN SINGINGI,kabkota,2009,14.42,42.7
Riau,KUANTAN SINGINGI,kabkota,2010,12.57,36.7
Riau,KUANTAN SINGINGI,kabkota,2011,10.19,31.1
Riau,KUANTAN SINGINGI,kabkota,2012,10.29,31.3
Riau,KUANTAN SINGINGI,kabkota,2013,11.28,34.7
Riau,KUANTAN SINGINGI,kabkota,2014,10.75,33.5
Riau,KUANTAN SINGINGI,kabkota,2015,10.8,34.1
Riau,KUANTAN SINGINGI,kabkota,2016,9.85,31.22
Riau,KUANTAN SINGINGI,kabkota,2017,9.97,31.95
Riau,KUANTAN SINGINGI,kabkota,2018,9.92,32.1
Riau,KUANTAN SINGINGI,kabkota,2019,9.56,31.22
Riau,KUANTAN SINGINGI,kabkota,2020,8.91,29.34
Riau,KUANTAN SINGINGI,kabkota,2021,8.97,28.9
Riau,KUANTAN SINGINGI,kabkota,2022,8.24,26.61
Riau,KUANTAN SINGINGI,kabkota,2023,8.07,26.1
Riau,KUANTAN SINGINGI,kabkota,2024,7.89,25.56
Riau,KUANTAN SINGINGI,kabkota,2025,6.99,22.68
Riau,PELALAWAN,kabkota,2004,24.71,52.5
Riau,PELALAWAN,kabkota,2005,22.36,55.5
Riau,PELALAWAN,kabkota,2006,19.8,50.2
Riau,PELALAWAN,kabkota,2007,18.07,49.6
Riau,PELALAWAN,kabkota,2008,18.63,54.6
Riau,PELALAWAN,kabkota,2009,16.71,50.7
Riau,PELALAWAN,kabkota,2010,14.51,44.4
Riau,PELALAWAN,kabkota,2011,11.93,37.6
Riau,PELALAWAN,kabkota,2012,11.11,38.3
Riau,PELALAWAN,kabkota,2013,12.0,43.6
Riau,PELALAWAN,kabkota,2014,11.15,42.7
Riau,PELALAWAN,kabkota,2015,12.09,47.53
Riau,PELALAWAN,kabkota,2016,11.0,45.35
Riau,PELALAWAN,kabkota,2017,10.25,44.4
Riau,PELALAWAN,kabkota,2018,9.73,44.29
Riau,PELALAWAN,kabkota,2019,9.62,45.98
Riau,PELALAWAN,kabkota,2020,9.16,45.88
Riau,PELALAWAN,kabkota,2021,9.63,49.3
Riau,PELALAWAN,kabkota,2022,8.97,47.84
Riau,PELALAWAN,kabkota,2023,8.15,45.3
Riau,PELALAWAN,kabkota,2024,8.49,49.2
Riau,PELALAWAN,kabkota,2025,7.24,43.49
Riau,ROKAN HILIR,kabkota,2004,11.6,49.4
Riau,ROKAN HILIR,kabkota,2005,9.51,42.4
Riau,ROKAN HILIR,kabkota,2006,9.09,38.3
Riau,ROKAN HILIR,kabkota,2007,9.41,48.7
Riau,ROKAN HILIR,kabkota,2008,10.59,61.3
Riau,ROKAN HILIR,kabkota,2009,9.32,56.0
Riau,ROKAN HILIR,kabkota,2010,9.3,51.7
Riau,ROKAN HILIR,kabkota,2011,7.58,43.8
Riau,ROKAN HILIR,kabkota,2012,7.38,44.0
Riau,ROKAN HILIR,kabkota,2013,7.73,47.5
Riau,ROKAN HILIR,kabkota,2014,7.28,46.1
Riau,ROKAN HILIR,kabkota,2015,7.67,49.13
Riau,ROKAN HILIR,kabkota,2016,7.97,52.4
Riau,ROKAN HILIR,kabkota,2017,7.88,53.19
Riau,ROKAN HILIR,kabkota,2018,7.06,48.92
Riau,ROKAN HILIR,kabkota,2019,7.01,49.8
Riau,ROKAN HILIR,kabkota,2020,6.72,48.85
Riau,ROKAN HILIR,kabkota,2021,7.18,51.97
Riau,ROKAN HILIR,kabkota,2022,6.73,49.59
Riau,ROKAN HILIR,kabkota,2023,7.07,53.04
Riau,ROKAN HILIR,kabkota,2024,7.01,53.49
Riau,ROKAN HILIR,kabkota,2025,7.16,55.49
Riau,ROKAN HULU,kabkota,2004,29.13,95.9
Riau,ROKAN HULU,kabkota,2005,26.48,91.4
Riau,ROKAN HULU,kabkota,2006,23.81,82.6
Riau,ROKAN HULU,kabkota,2007,21.86,84.6
Riau,ROKAN HULU,kabkota,2008,18.05,75.2
Riau,ROKAN HULU,kabkota,2009,15.49,68.0
Riau,ROKAN HULU,kabkota,2010,13.03,62.4
Riau,ROKAN HULU,kabkota,2011,10.66,52.8
Riau,ROKAN HULU,kabkota,2012,10.13,53.5
Riau,ROKAN HULU,kabkota,2013,10.86,59.9
Riau,ROKAN HULU,kabkota,2014,10.13,58.3
Riau,ROKAN HULU,kabkota,2015,11.05,64.74
Riau,ROKAN HULU,kabkota,2016,11.05,67.42
Riau,ROKAN HULU,kabkota,2017,10.91,69.24
Riau,ROKAN HULU,kabkota,2018,10.95,72.28
Riau,ROKAN HULU,kabkota,2019,10.53,72.21
Riau,ROKAN HULU,kabkota,2020,10.31,73.35
Riau,ROKAN HULU,kabkota,2021,10.4,74.73
Riau,ROKAN HULU,kabkota,2022,9.95,73.81
Riau,ROKAN HULU,kabkota,2023,9.72,74.38
Riau,ROKAN HULU,kabkota,2024,9.62,75.89
Riau,ROKAN HULU,kabkota,2025,8.71,70.65
Riau,Riau,provinsi,2004,13.12,744.4
Riau,Riau,provinsi,2005,12.51,600.4
Riau,Riau,provinsi,2006,11.85,564.9
Riau,Riau,provinsi,2007,11.2,574.5
Riau,Riau,provinsi,2008,10.79,584.7
Riau,Riau,provinsi,2009,9.45,532.3
Riau,Riau,provinsi,2010,10.01,558.3
Riau,Riau,provinsi,2011,8.17,472.5
Riau,Riau,provinsi,2012,8.05,476.5
Riau,Riau,provinsi,2013,8.42,511.5
Riau,Riau,provinsi,2014,7.99,498.3
Riau,Riau,provinsi,2015,8.42,531.39
Riau,Riau,provinsi,2016,7.98,515.4
Riau,Riau,provinsi,2017,7.78,514.62
Riau,Riau,provinsi,2018,7.39,500.44
Riau,Riau,provinsi,2019,7.08,490.72
Riau,Riau,provinsi,2020,6.82,483.39
Riau,Riau,provinsi,2021,7.12,500.81
Riau,Riau,provinsi,2022,6.78,485.03
Riau,Riau,provinsi,2023,6.68,485.66
Riau,Riau,provinsi,2024,6.67,492.25
Riau,Riau,provinsi,2025,6.16,460.96
Riau,SIAK,kabkota,2004,9.62,27.0
Riau,SIAK,kabkota,2005,7.62,22.9
Riau,SIAK,kabkota,2006,5.45,16.5
Riau,SIAK,kabkota,2007,6.01,19.3
Riau,SIAK,kabkota,2008,7.09,23.9
Riau,SIAK,kabkota,2009,5.71,20.2
Riau,SIAK,kabkota,2010,6.49,24.6
Riau,SIAK,kabkota,2011,5.29,20.8
Riau,SIAK,kabkota,2012,5.17,21.0
Riau,SIAK,kabkota,2013,5.54,23.2
Riau,SIAK,kabkota,2014,5.22,22.5
Riau,SIAK,kabkota,2015,5.67,24.81
Riau,SIAK,kabkota,2016,5.52,24.86
Riau,SIAK,kabkota,2017,5.8,26.83
Riau,SIAK,kabkota,2018,5.44,25.81
Riau,SIAK,kabkota,2019,5.03,24.49
Riau,SIAK,kabkota,2020,5.09,25.38
Riau,SIAK,kabkota,2021,5.18,25.77
Riau,SIAK,kabkota,2022,5.07,25.71
Riau,SIAK,kabkota,2023,5.23,26.99
Riau,SIAK,kabkota,2024,5.08,26.72
Riau,SIAK,kabkota,2025,4.4,23.5
Sulawesi Barat,MAJENE,kabkota,2004,26.73,34.8
Sulawesi Barat,MAJENE,kabkota,2005,27.27,36.1
Sulawesi Barat,MAJENE,kabkota,2006,23.5,30.9
Sulawesi Barat,MAJENE,kabkota,2007,23.55,30.8
Sulawesi Barat,MAJENE,kabkota,2008,18.44,24.4
Sulawesi Barat,MAJENE,kabkota,2009,18.09,23.9
Sulawesi Barat,MAJENE,kabkota,2010,18.41,27.9
Sulawesi Barat,MAJENE,kabkota,2011,17.06,26.6
Sulawesi Barat,MAJENE,kabkota,2012,16.51,25.9
Sulawesi Barat,MAJENE,kabkota,2013,15.26,24.3
Sulawesi Barat,MAJENE,kabkota,2014,15.05,24.7
Sulawesi Barat,MAJENE,kabkota,2015,15.57,25.79
Sulawesi Barat,MAJENE,kabkota,2016,14.89,24.69
Sulawesi Barat,MAJENE,kabkota,2017,13.94,23.48
Sulawesi Barat,MAJENE,kabkota,2018,13.79,23.53
Sulawesi Barat,MAJENE,kabkota,2019,13.72,23.76
Sulawesi Barat,MAJENE,kabkota,2020,13.73,24.12
Sulawesi Barat,MAJENE,kabkota,2021,14.34,25.01
Sulawesi Barat,MAJENE,kabkota,2022,15.13,26.62
Sulawesi Barat,MAJENE,kabkota,2023,14.54,25.8
Sulawesi Barat,MAJENE,kabkota,2024,13.64,24.41
Sulawesi Barat,MAJENE,kabkota,2025,12.98,23.4
Sulawesi Barat,MAMASA,kabkota,2004,29.77,35.8
Sulawesi Barat,MAMASA,kabkota,2005,30.43,37.2
Sulawesi Barat,MAMASA,kabkota,2006,25.92,31.4
Sulawesi Barat,MAMASA,kabkota,2007,25.51,31.0
Sulawesi Barat,MAMASA,kabkota,2008,18.06,22.5
Sulawesi Barat,MAMASA,kabkota,2009,17.87,22.3
Sulawesi Barat,MAMASA,kabkota,2010,16.24,22.8
Sulawesi Barat,MAMASA,kabkota,2011,15.04,21.7
Sulawesi Barat,MAMASA,kabkota,2012,14.38,21.0
Sulawesi Barat,MAMASA,kabkota,2013,13.92,20.6
Sulawesi Barat,MAMASA,kabkota,2014,13.82,21.1
Sulawesi Barat,MAMASA,kabkota,2015,14.71,22.58
Sulawesi Barat,MAMASA,kabkota,2016,13.9,21.43
Sulawesi Barat,MAMASA,kabkota,2017,13.51,21.14
Sulawesi Barat,MAMASA,kabkota,2018,13.38,21.22
Sulawesi Barat,MAMASA,kabkota,2019,13.42,21.64
Sulawesi Barat,MAMASA,kabkota,2020,13.38,21.86
Sulawesi Barat,MAMASA,kabkota,2021,13.77,22.29
Sulawesi Barat,MAMASA,kabkota,2022,14.51,23.7
Sulawesi Barat,MAMASA,kabkota,2023,14.31,23.58
Sulawesi Barat,MAMASA,kabkota,2024,14.2,23.61
Sulawesi Barat,MAMASA,kabkota,2025,13.66,22.87
Sulawesi Barat,MAMUJU,kabkota,2004,17.67,46.6
Sulawesi Barat,MAMUJU,kabkota,2005,15.96,45.5
Sulawesi Barat,MAMUJU,kabkota,2006,11.96,33.9
Sulawesi Barat,MAMUJU,kabkota,2007,10.43,30.4
Sulawesi Barat,MAMUJU,kabkota,2008,8.11,24.7
Sulawesi Barat,MAMUJU,kabkota,2009,8.13,25.4
Sulawesi Barat,MAMUJU,kabkota,2010,8.16,27.7
Sulawesi Barat,MAMUJU,kabkota,2011,7.59,26.4
Sulawesi Barat,MAMUJU,kabkota,2012,7.11,25.6
Sulawesi Barat,MAMUJU,kabkota,2013,6.81,25.2
Sulawesi Barat,MAMUJU,kabkota,2014,6.72,25.9
Sulawesi Barat,MAMUJU,kabkota,2015,6.7,17.96
Sulawesi Barat,MAMUJU,kabkota,2016,6.48,17.47
Sulawesi Barat,MAMUJU,kabkota,2017,6.88,19.11
Sulawesi Barat,MAMUJU,kabkota,2018,7.18,20.42
Sulawesi Barat,MAMUJU,kabkota,2019,7.06,20.57
Sulawesi Barat,MAMUJU,kabkota,2020,6.92,20.65
Sulawesi Barat,MAMUJU,kabkota,2021,7.46,22.3
Sulawesi Barat,MAMUJU,kabkota,2022,7.63,23.26
Sulawesi Barat,MAMUJU,kabkota,2023,7.57,23.5
Sulawesi Barat,MAMUJU,kabkota,2024,7.15,22.64
Sulawesi Barat,MAMUJU,kabkota,2025,6.99,22.48
Sulawesi Barat,MAMUJU TENGAH,kabkota,2004,,
Sulawesi Barat,MAMUJU TENGAH,kabkota,2005,,
Sulawesi Barat,MAMUJU TENGAH,kabkota,2006,,
Sulawesi Barat,MAMUJU TENGAH,kabkota,2007,,
Sulawesi Barat,MAMUJU TENGAH,kabkota,2008,,
Sulawesi Barat,MAMUJU TENGAH,kabkota,2009,,
Sulawesi Barat,MAMUJU TENGAH,kabkota,2010,,
Sulawesi Barat,MAMUJU TENGAH,kabkota,2011,,
Sulawesi Barat,MAMUJU TENGAH,kabkota,2012,,
Sulawesi Barat,MAMUJU TENGAH,kabkota,2013,,
Sulawesi Barat,MAMUJU TENGAH,kabkota,2014,,
Sulawesi Barat,MAMUJU TENGAH,kabkota,2015,6.86,8.39
Sulawesi Barat,MAMUJU TENGAH,kabkota,2016,6.83,8.43
Sulawesi Barat,MAMUJU TENGAH,kabkota,2017,6.95,8.82
Sulawesi Barat,MAMUJU TENGAH,kabkota,2018,7.14,9.28
Sulawesi Barat,MAMUJU TENGAH,kabkota,2019,6.87,9.16
Sulawesi Barat,MAMUJU TENGAH,kabkota,2020,6.79,9.25
Sulawesi Barat,MAMUJU TENGAH,kabkota,2021,7.13,9.74
Sulawesi Barat,MAMUJU TENGAH,kabkota,2022,7.17,9.98
Sulawesi Barat,MAMUJU TENGAH,kabkota,2023,7.32,10.39
Sulawesi Barat,MAMUJU TENGAH,kabkota,2024,7.72,11.16
Sulawesi Barat,MAMUJU TENGAH,kabkota,2025,7.22,10.62
Sulawesi Barat,MAMUJU UTARA,kabkota,2004,15.55,14.0
Sulawesi Barat,MAMUJU UTARA,kabkota,2005,14.98,14.6
Sulawesi Barat,MAMUJU UTARA,kabkota,2006,11.04,10.9
Sulawesi Barat,MAMUJU UTARA,kabkota,2007,9.22,9.2
Sulawesi Barat,MAMUJU UTARA,kabkota,2008,6.52,7.0
Sulawesi Barat,MAMUJU UTARA,kabkota,2009,6.47,7.1
Sulawesi Barat,MAMUJU UTARA,kabkota,2010,6.2,8.4
Sulawesi Barat,MAMUJU UTARA,kabkota,2011,5.77,8.0
Sulawesi Barat,MAMUJU UTARA,kabkota,2012,5.3,7.7
Sulawesi Barat,MAMUJU UTARA,kabkota,2013,4.71,7.0
Sulawesi Barat,MAMUJU UTARA,kabkota,2014,4.65,7.2
Sulawesi Barat,MAMUJU UTARA,kabkota,2015,4.99,7.86
Sulawesi Barat,MAMUJU UTARA,kabkota,2016,4.82,7.67
Sulawesi Barat,MAMUJU UTARA,kabkota,2017,4.84,7.95
Sulawesi Barat,MAMUJU UTARA,kabkota,2018,4.53,7.65
Sulawesi Barat,MAMUJU UTARA,kabkota,2019,4.28,7.42
Sulawesi Barat,MAMUJU UTARA,kabkota,2020,4.48,7.95
Sulawesi Barat,MAMUJU UTARA,kabkota,2021,4.77,8.53
Sulawesi Barat,MAMUJU UTARA,kabkota,2022,5.09,9.3
Sulawesi Barat,MAMUJU UTARA,kabkota,2023,4.79,8.94
Sulawesi Barat,MAMUJU UTARA,kabkota,2024,5.21,9.95
Sulawesi Barat,MAMUJU UTARA,kabkota,2025,4.96,9.65
Sulawesi Barat,POLEWALI MANDAR,kabkota,2004,30.78,109.7
Sulawesi Barat,POLEWALI MANDAR,kabkota,2005,30.71,112.2
Sulawesi Barat,POLEWALI MANDAR,kabkota,2006,27.65,98.1
Sulawesi Barat,POLEWALI MANDAR,kabkota,2007,24.96,88.5
Sulawesi Barat,POLEWALI MANDAR,kabkota,2008,21.8,78.3
Sulawesi Barat,POLEWALI MANDAR,kabkota,2009,21.37,76.6
Sulawesi Barat,POLEWALI MANDAR,kabkota,2010,21.24,84.3
Sulawesi Barat,POLEWALI MANDAR,kabkota,2011,19.66,80.4
Sulawesi Barat,POLEWALI MANDAR,kabkota,2012,19.09,78.0
Sulawesi Barat,POLEWALI MANDAR,kabkota,2013,18.02,74.5
Sulawesi Barat,POLEWALI MANDAR,kabkota,2014,17.79,75.7
Sulawesi Barat,POLEWALI MANDAR,kabkota,2015,18.22,77.9
Sulawesi Barat,POLEWALI MANDAR,kabkota,2016,17.06,73.04
Sulawesi Barat,POLEWALI MANDAR,kabkota,2017,16.05,69.25
Sulawesi Barat,POLEWALI MANDAR,kabkota,2018,15.97,69.68
Sulawesi Barat,POLEWALI MANDAR,kabkota,2019,15.6,68.86
Sulawesi Barat,POLEWALI MANDAR,kabkota,2020,15.26,68.18
Sulawesi Barat,POLEWALI MANDAR,kabkota,2021,15.68,69.32
Sulawesi Barat,POLEWALI MANDAR,kabkota,2022,16.39,72.87
Sulawesi Barat,POLEWALI MANDAR,kabkota,2023,16.08,71.92
Sulawesi Barat,POLEWALI MANDAR,kabkota,2024,15.66,70.42
Sulawesi Barat,POLEWALI MANDAR,kabkota,2025,14.02,63.29
Sulawesi Barat,Sulawesi Barat,provinsi,2004,,
Sulawesi Barat,Sulawesi Barat,provinsi,2005,,
Sulawesi Barat,Sulawesi Barat,provinsi,2006,20.74,205.2
Sulawesi Barat,Sulawesi Barat,provinsi,2007,19.03,189.9
Sulawesi Barat,Sulawesi Barat,provinsi,2008,15.27,156.9
Sulawesi Barat,Sulawesi Barat,provinsi,2009,14.96,155.3
Sulawesi Barat,Sulawesi Barat,provinsi,2010,14.71,171.1
Sulawesi Barat,Sulawesi Barat,provinsi,2011,13.64,163.2
Sulawesi Barat,Sulawesi Barat,provinsi,2012,13.01,158.2
Sulawesi Barat,Sulawesi Barat,provinsi,2013,12.23,151.7
Sulawesi Barat,Sulawesi Barat,provinsi,2014,12.05,154.7
Sulawesi Barat,Sulawesi Barat,provinsi,2015,12.4,160.48
Sulawesi Barat,Sulawesi Barat,provinsi,2016,11.74,152.73
Sulawesi Barat,Sulawesi Barat,provinsi,2017,11.3,149.76
Sulawesi Barat,Sulawesi Barat,provinsi,2018,11.25,151.78
Sulawesi Barat,Sulawesi Barat,provinsi,2019,11.02,151.4
Sulawesi Barat,Sulawesi Barat,provinsi,2020,10.87,152.02
Sulawesi Barat,Sulawesi Barat,provinsi,2021,11.29,157.19
Sulawesi Barat,Sulawesi Barat,provinsi,2022,11.75,165.72
Sulawesi Barat,Sulawesi Barat,provinsi,2023,11.49,164.14
Sulawesi Barat,Sulawesi Barat,provinsi,2024,11.21,162.19
Sulawesi Barat,Sulawesi Barat,provinsi,2025,10.41,152.31
Sulawesi Selatan,BANTAENG,kabkota,2004,10.22,17.0
Sulawesi Selatan,BANTAENG,kabkota,2005,10.41,17.7
Sulawesi Selatan,BANTAENG,kabkota,2006,12.34,21.1
Sulawesi Selatan,BANTAENG,kabkota,2007,12.12,20.7
Sulawesi Selatan,BANTAENG,kabkota,2008,10.94,18.8
Sulawesi Selatan,BANTAENG,kabkota,2009,9.96,17.2
Sulawesi Selatan,BANTAENG,kabkota,2010,10.24,18.1
Sulawesi Selatan,BANTAENG,kabkota,2011,9.21,16.5
Sulawesi Selatan,BANTAENG,kabkota,2012,8.9,16.0
Sulawesi Selatan,BANTAENG,kabkota,2013,10.45,18.9
Sulawesi Selatan,BANTAENG,kabkota,2014,9.68,17.7
Sulawesi Selatan,BANTAENG,kabkota,2015,9.53,17.55
Sulawesi Selatan,BANTAENG,kabkota,2016,9.51,17.53
Sulawesi Selatan,BANTAENG,kabkota,2017,9.66,17.91
Sulawesi Selatan,BANTAENG,kabkota,2018,9.23,17.2
Sulawesi Selatan,BANTAENG,kabkota,2019,9.03,16.91
Sulawesi Selatan,BANTAENG,kabkota,2020,8.95,16.84
Sulawesi Selatan,BANTAENG,kabkota,2021,9.41,17.78
Sulawesi Selatan,BANTAENG,kabkota,2022,9.07,17.22
Sulawesi Selatan,BANTAENG,kabkota,2023,9.18,17.49
Sulawesi Selatan,BANTAENG,kabkota,2024,8.26,15.8
Sulawesi Selatan,BANTAENG,kabkota,2025,7.68,14.74
Sulawesi Selatan,BARRU,kabkota,2004,11.39,17.9
Sulawesi Selatan,BARRU,kabkota,2005,11.69,18.6
Sulawesi Selatan,BARRU,kabkota,2006,13.91,22.1
Sulawesi Selatan,BARRU,kabkota,2007,14.73,23.4
Sulawesi Selatan,BARRU,kabkota,2008,13.49,21.7
Sulawesi Selatan,BARRU,kabkota,2009,11.43,18.5
Sulawesi Selatan,BARRU,kabkota,2010,10.68,17.7
Sulawesi Selatan,BARRU,kabkota,2011,9.59,16.1
Sulawesi Selatan,BARRU,kabkota,2012,9.28,15.7
Sulawesi Selatan,BARRU,kabkota,2013,10.32,17.5
Sulawesi Selatan,BARRU,kabkota,2014,9.74,16.6
Sulawesi Selatan,BARRU,kabkota,2015,9.42,16.1
Sulawesi Selatan,BARRU,kabkota,2016,9.45,16.24
Sulawesi Selatan,BARRU,kabkota,2017,9.71,16.76
Sulawesi Selatan,BARRU,kabkota,2018,9.04,15.68
Sulawesi Selatan,BARRU,kabkota,2019,8.57,14.92
Sulawesi Selatan,BARRU,kabkota,2020,8.26,14.44
Sulawesi Selatan,BARRU,kabkota,2021,8.68,15.18
Sulawesi Selatan,BARRU,kabkota,2022,8.4,14.73
Sulawesi Selatan,BARRU,kabkota,2023,8.46,14.88
Sulawesi Selatan,BARRU,kabkota,2024,8.31,14.64
Sulawesi Selatan,BARRU,kabkota,2025,8.0,14.13
Sulawesi Selatan,BONE,kabkota,2004,15.66,107.4
Sulawesi Selatan,BONE,kabkota,2005,16.38,114.2
Sulawesi Selatan,BONE,kabkota,2006,18.78,130.9
Sulawesi Selatan,BONE,kabkota,2007,18.84,131.6
Sulawesi Selatan,BONE,kabkota,2008,17.35,121.9
Sulawesi Selatan,BONE,kabkota,2009,15.19,107.3
Sulawesi Selatan,BONE,kabkota,2010,14.08,101.1
Sulawesi Selatan,BONE,kabkota,2011,12.67,92.1
Sulawesi Selatan,BONE,kabkota,2012,12.25,89.5
Sulawesi Selatan,BONE,kabkota,2013,11.92,87.7
Sulawesi Selatan,BONE,kabkota,2014,10.88,80.5
Sulawesi Selatan,BONE,kabkota,2015,10.12,75.01
Sulawesi Selatan,BONE,kabkota,2016,10.07,75.09
Sulawesi Selatan,BONE,kabkota,2017,10.28,77.13
Sulawesi Selatan,BONE,kabkota,2018,10.55,79.57
Sulawesi Selatan,BONE,kabkota,2019,10.06,76.25
Sulawesi Selatan,BONE,kabkota,2020,10.68,81.33
Sulawesi Selatan,BONE,kabkota,2021,10.52,79.64
Sulawesi Selatan,BONE,kabkota,2022,10.58,80.34
Sulawesi Selatan,BONE,kabkota,2023,10.53,80.12
Sulawesi Selatan,BONE,kabkota,2024,9.58,73.03
Sulawesi Selatan,BONE,kabkota,2025,9.13,69.73
Sulawesi Selatan,BULUKUMBA,kabkota,2004,14.2,53.2
Sulawesi Selatan,BULUKUMBA,kabkota,2005,12.08,47.5
Sulawesi Selatan,BULUKUMBA,kabkota,2006,13.84,53.1
Sulawesi Selatan,BULUKUMBA,kabkota,2007,13.56,52.3
Sulawesi Selatan,BULUKUMBA,kabkota,2008,12.26,47.7
Sulawesi Selatan,BULUKUMBA,kabkota,2009,10.5,41.1
Sulawesi Selatan,BULUKUMBA,kabkota,2010,9.02,35.6
Sulawesi Selatan,BULUKUMBA,kabkota,2011,8.12,32.4
Sulawesi Selatan,BULUKUMBA,kabkota,2012,7.83,31.5
Sulawesi Selatan,BULUKUMBA,kabkota,2013,9.04,36.7
Sulawesi Selatan,BULUKUMBA,kabkota,2014,8.37,34.2
Sulawesi Selatan,BULUKUMBA,kabkota,2015,8.15,33.36
Sulawesi Selatan,BULUKUMBA,kabkota,2016,8.06,33.25
Sulawesi Selatan,BULUKUMBA,kabkota,2017,7.97,33.1
Sulawesi Selatan,BULUKUMBA,kabkota,2018,7.48,31.25
Sulawesi Selatan,BULUKUMBA,kabkota,2019,7.26,30.49
Sulawesi Selatan,BULUKUMBA,kabkota,2020,7.1,30.0
Sulawesi Selatan,BULUKUMBA,kabkota,2021,7.43,31.31
Sulawesi Selatan,BULUKUMBA,kabkota,2022,7.39,31.29
Sulawesi Selatan,BULUKUMBA,kabkota,2023,7.22,30.65
Sulawesi Selatan,BULUKUMBA,kabkota,2024,6.71,28.6
Sulawesi Selatan,BULUKUMBA,kabkota,2025,6.06,25.88
Sulawesi Selatan,ENREKANG,kabkota,2004,21.33,38.1
Sulawesi Selatan,ENREKANG,kabkota,2005,21.59,39.5
Sulawesi Selatan,ENREKANG,kabkota,2006,23.18,42.6
Sulawesi Selatan,ENREKANG,kabkota,2007,22.79,41.9
Sulawesi Selatan,ENREKANG,kabkota,2008,20.51,38.4
Sulawesi Selatan,ENREKANG,kabkota,2009,18.1,34.2
Sulawesi Selatan,ENREKANG,kabkota,2010,16.84,32.1
Sulawesi Selatan,ENREKANG,kabkota,2011,15.18,29.2
Sulawesi Selatan,ENREKANG,kabkota,2012,14.45,28.2
Sulawesi Selatan,ENREKANG,kabkota,2013,15.11,29.7
Sulawesi Selatan,ENREKANG,kabkota,2014,13.9,27.6
Sulawesi Selatan,ENREKANG,kabkota,2015,13.82,27.6
Sulawesi Selatan,ENREKANG,kabkota,2016,13.41,26.98
Sulawesi Selatan,ENREKANG,kabkota,2017,13.16,26.71
Sulawesi Selatan,ENREKANG,kabkota,2018,12.49,25.53
Sulawesi Selatan,ENREKANG,kabkota,2019,12.33,25.4
Sulawesi Selatan,ENREKANG,kabkota,2020,12.17,25.25
Sulawesi Selatan,ENREKANG,kabkota,2021,12.47,26.13
Sulawesi Selatan,ENREKANG,kabkota,2022,12.39,26.15
Sulawesi Selatan,ENREKANG,kabkota,2023,12.69,26.97
Sulawesi Selatan,ENREKANG,kabkota,2024,11.25,24.06
Sulawesi Selatan,ENREKANG,kabkota,2025,10.73,23.09
Sulawesi Selatan,GOWA,kabkota,2004,16.69,94.1
Sulawesi Selatan,GOWA,kabkota,2005,16.9,97.7
Sulawesi Selatan,GOWA,kabkota,2006,14.55,85.4
Sulawesi Selatan,GOWA,kabkota,2007,14.13,83.9
Sulawesi Selatan,GOWA,kabkota,2008,12.79,77.2
Sulawesi Selatan,GOWA,kabkota,2009,10.93,67.0
Sulawesi Selatan,GOWA,kabkota,2010,9.49,62.1
Sulawesi Selatan,GOWA,kabkota,2011,8.55,56.6
Sulawesi Selatan,GOWA,kabkota,2012,8.06,55.3
Sulawesi Selatan,GOWA,kabkota,2013,8.73,61.0
Sulawesi Selatan,GOWA,kabkota,2014,8.0,57.0
Sulawesi Selatan,GOWA,kabkota,2015,8.27,59.47
Sulawesi Selatan,GOWA,kabkota,2016,8.4,61.52
Sulawesi Selatan,GOWA,kabkota,2017,8.42,62.77
Sulawesi Selatan,GOWA,kabkota,2018,7.83,59.34
Sulawesi Selatan,GOWA,kabkota,2019,7.53,57.99
Sulawesi Selatan,GOWA,kabkota,2020,7.38,57.68
Sulawesi Selatan,GOWA,kabkota,2021,7.54,58.66
Sulawesi Selatan,GOWA,kabkota,2022,7.36,57.96
Sulawesi Selatan,GOWA,kabkota,2023,7.42,59.1
Sulawesi Selatan,GOWA,kabkota,2024,6.85,55.13
Sulawesi Selatan,GOWA,kabkota,2025,6.64,54.04
Sulawesi Selatan,JENEPONTO,kabkota,2004,22.78,74.5
Sulawesi Selatan,JENEPONTO,kabkota,2005,23.18,77.3
Sulawesi Selatan,JENEPONTO,kabkota,2006,25.06,82.5
Sulawesi Selatan,JENEPONTO,kabkota,2007,24.55,81.1
Sulawesi Selatan,JENEPONTO,kabkota,2008,22.48,74.3
Sulawesi Selatan,JENEPONTO,kabkota,2009,20.58,68.2
Sulawesi Selatan,JENEPONTO,kabkota,2010,19.09,65.4
Sulawesi Selatan,JENEPONTO,kabkota,2011,17.16,59.6
Sulawesi Selatan,JENEPONTO,kabkota,2012,16.59,58.0
Sulawesi Selatan,JENEPONTO,kabkota,2013,16.52,58.1
Sulawesi Selatan,JENEPONTO,kabkota,2014,15.31,54.2
Sulawesi Selatan,JENEPONTO,kabkota,2015,15.18,53.87
Sulawesi Selatan,JENEPONTO,kabkota,2016,15.49,55.32
Sulawesi Selatan,JENEPONTO,kabkota,2017,15.4,55.34
Sulawesi Selatan,JENEPONTO,kabkota,2018,15.48,55.95
Sulawesi Selatan,JENEPONTO,kabkota,2019,14.88,54.05
Sulawesi Selatan,JENEPONTO,kabkota,2020,14.58,53.24
Sulawesi Selatan,JENEPONTO,kabkota,2021,14.28,52.35
Sulawesi Selatan,JENEPONTO,kabkota,2022,13.73,50.59
Sulawesi Selatan,JENEPONTO,kabkota,2023,13.06,48.32
Sulawesi Selatan,JENEPONTO,kabkota,2024,11.82,43.9
Sulawesi Selatan,JENEPONTO,kabkota,2025,11.42,42.56
Sulawesi Selatan,KEPULAUAN SELAYAR,kabkota,2004,22.18,24.5
Sulawesi Selatan,KEPULAUAN SELAYAR,kabkota,2005,22.71,25.4
Sulawesi Selatan,KEPULAUAN SELAYAR,kabkota,2006,20.82,24.2
Sulawesi Selatan,KEPULAUAN SELAYAR,kabkota,2007,20.45,23.8
Sulawesi Selatan,KEPULAUAN SELAYAR,kabkota,2008,18.49,22.1
Sulawesi Selatan,KEPULAUAN SELAYAR,kabkota,2009,16.41,19.8
Sulawesi Selatan,KEPULAUAN SELAYAR,kabkota,2010,14.98,18.3
Sulawesi Selatan,KEPULAUAN SELAYAR,kabkota,2011,13.49,16.7
Sulawesi Selatan,KEPULAUAN SELAYAR,kabkota,2012,12.87,16.2
Sulawesi Selatan,KEPULAUAN SELAYAR,kabkota,2013,14.23,18.2
Sulawesi Selatan,KEPULAUAN SELAYAR,kabkota,2014,13.13,17.0
Sulawesi Selatan,KEPULAUAN SELAYAR,kabkota,2015,12.94,16.9
Sulawesi Selatan,KEPULAUAN SELAYAR,kabkota,2016,13.11,17.21
Sulawesi Selatan,KEPULAUAN SELAYAR,kabkota,2017,13.28,17.61
Sulawesi Selatan,KEPULAUAN SELAYAR,kabkota,2018,13.13,17.59
Sulawesi Selatan,KEPULAUAN SELAYAR,kabkota,2019,12.83,17.36
Sulawesi Selatan,KEPULAUAN SELAYAR,kabkota,2020,12.48,17.04
Sulawesi Selatan,KEPULAUAN SELAYAR,kabkota,2021,12.45,16.93
Sulawesi Selatan,KEPULAUAN SELAYAR,kabkota,2022,12.24,16.74
Sulawesi Selatan,KEPULAUAN SELAYAR,kabkota,2023,12.27,16.89
Sulawesi Selatan,KEPULAUAN SELAYAR,kabkota,2024,10.79,14.94
Sulawesi Selatan,KEPULAUAN SELAYAR,kabkota,2025,10.61,14.77
Sulawesi Selatan,KOTA MAKASSAR,kabkota,2004,6.15,71.6
Sulawesi Selatan,KOTA MAKASSAR,kabkota,2005,6.19,74.3
Sulawesi Selatan,KOTA MAKASSAR,kabkota,2006,7.22,88.4
Sulawesi Selatan,KOTA MAKASSAR,kabkota,2007,5.66,69.9
Sulawesi Selatan,KOTA MAKASSAR,kabkota,2008,5.36,66.9
Sulawesi Selatan,KOTA MAKASSAR,kabkota,2009,5.52,69.7
Sulawesi Selatan,KOTA MAKASSAR,kabkota,2010,5.86,78.7
Sulawesi Selatan,KOTA MAKASSAR,kabkota,2011,5.29,71.7
Sulawesi Selatan,KOTA MAKASSAR,kabkota,2012,5.02,69.9
Sulawesi Selatan,KOTA MAKASSAR,kabkota,2013,4.7,66.4
Sulawesi Selatan,KOTA MAKASSAR,kabkota,2014,4.48,64.2
Sulawesi Selatan,KOTA MAKASSAR,kabkota,2015,4.38,63.24
Sulawesi Selatan,KOTA MAKASSAR,kabkota,2016,4.56,66.78
Sulawesi Selatan,KOTA MAKASSAR,kabkota,2017,4.59,68.19
Sulawesi Selatan,KOTA MAKASSAR,kabkota,2018,4.41,66.22
Sulawesi Selatan,KOTA MAKASSAR,kabkota,2019,4.28,65.12
Sulawesi Selatan,KOTA MAKASSAR,kabkota,2020,4.54,69.98
Sulawesi Selatan,KOTA MAKASSAR,kabkota,2021,4.82,74.69
Sulawesi Selatan,KOTA MAKASSAR,kabkota,2022,4.58,71.83
Sulawesi Selatan,KOTA MAKASSAR,kabkota,2023,5.07,80.32
Sulawesi Selatan,KOTA MAKASSAR,kabkota,2024,4.97,79.53
Sulawesi Selatan,KOTA MAKASSAR,kabkota,2025,4.43,71.63
Sulawesi Selatan,KOTA PALOPO,kabkota,2004,11.25,14.0
Sulawesi Selatan,KOTA PALOPO,kabkota,2005,11.36,14.6
Sulawesi Selatan,KOTA PALOPO,kabkota,2006,12.92,17.4
Sulawesi Selatan,KOTA PALOPO,kabkota,2007,12.71,17.4
Sulawesi Selatan,KOTA PALOPO,kabkota,2008,12.83,18.2
Sulawesi Selatan,KOTA PALOPO,kabkota,2009,11.85,17.3
Sulawesi Selatan,KOTA PALOPO,kabkota,2010,11.28,16.8
Sulawesi Selatan,KOTA PALOPO,kabkota,2011,10.22,15.3
Sulawesi Selatan,KOTA PALOPO,kabkota,2012,9.47,14.9
Sulawesi Selatan,KOTA PALOPO,kabkota,2013,9.57,15.5
Sulawesi Selatan,KOTA PALOPO,kabkota,2014,8.8,14.6
Sulawesi Selatan,KOTA PALOPO,kabkota,2015,8.58,14.51
Sulawesi Selatan,KOTA PALOPO,kabkota,2016,8.74,15.02
Sulawesi Selatan,KOTA PALOPO,kabkota,2017,8.78,15.44
Sulawesi Selatan,KOTA PALOPO,kabkota,2018,7.94,14.27
Sulawesi Selatan,KOTA PALOPO,kabkota,2019,7.82,14.37
Sulawesi Selatan,KOTA PALOPO,kabkota,2020,7.85,14.71
Sulawesi Selatan,KOTA PALOPO,kabkota,2021,8.14,15.21
Sulawesi Selatan,KOTA PALOPO,kabkota,2022,7.78,14.78
Sulawesi Selatan,KOTA PALOPO,kabkota,2023,7.69,14.85
Sulawesi Selatan,KOTA PALOPO,kabkota,2024,7.35,14.43
Sulawesi Selatan,KOTA PALOPO,kabkota,2025,7.18,14.31
Sulawesi Selatan,KOTA PAREPARE,kabkota,2004,6.87,7.8
Sulawesi Selatan,KOTA PAREPARE,kabkota,2005,6.7,7.8
Sulawesi Selatan,KOTA PAREPARE,kabkota,2006,7.86,9.1
Sulawesi Selatan,KOTA PAREPARE,kabkota,2007,7.65,8.8
Sulawesi Selatan,KOTA PAREPARE,kabkota,2008,7.1,8.3
Sulawesi Selatan,KOTA PAREPARE,kabkota,2009,6.52,7.7
Sulawesi Selatan,KOTA PAREPARE,kabkota,2010,6.53,8.5
Sulawesi Selatan,KOTA PAREPARE,kabkota,2011,5.91,7.7
Sulawesi Selatan,KOTA PAREPARE,kabkota,2012,5.58,7.5
Sulawesi Selatan,KOTA PAREPARE,kabkota,2013,6.38,8.6
Sulawesi Selatan,KOTA PAREPARE,kabkota,2014,5.88,8.1
Sulawesi Selatan,KOTA PAREPARE,kabkota,2015,6.08,8.41
Sulawesi Selatan,KOTA PAREPARE,kabkota,2016,5.73,8.02
Sulawesi Selatan,KOTA PAREPARE,kabkota,2017,5.7,8.07
Sulawesi Selatan,KOTA PAREPARE,kabkota,2018,5.59,8.01
Sulawesi Selatan,KOTA PAREPARE,kabkota,2019,5.26,7.62
Sulawesi Selatan,KOTA PAREPARE,kabkota,2020,5.44,7.96
Sulawesi Selatan,KOTA PAREPARE,kabkota,2021,5.4,7.93
Sulawesi Selatan,KOTA PAREPARE,kabkota,2022,5.41,8.01
Sulawesi Selatan,KOTA PAREPARE,kabkota,2023,5.34,7.98
Sulawesi Selatan,KOTA PAREPARE,kabkota,2024,5.27,7.94
Sulawesi Selatan,KOTA PAREPARE,kabkota,2025,4.44,6.73
Sulawesi Selatan,LUWU,kabkota,2004,18.59,57.3
Sulawesi Selatan,LUWU,kabkota,2005,18.51,58.7
Sulawesi Selatan,LUWU,kabkota,2006,20.13,64.0
Sulawesi Selatan,LUWU,kabkota,2007,21.24,67.8
Sulawesi Selatan,LUWU,kabkota,2008,19.44,62.8
Sulawesi Selatan,LUWU,kabkota,2009,16.96,55.2
Sulawesi Selatan,LUWU,kabkota,2010,15.43,51.5
Sulawesi Selatan,LUWU,kabkota,2011,13.93,46.9
Sulawesi Selatan,LUWU,kabkota,2012,13.34,45.5
Sulawesi Selatan,LUWU,kabkota,2013,15.1,52.0
Sulawesi Selatan,LUWU,kabkota,2014,13.95,48.5
Sulawesi Selatan,LUWU,kabkota,2015,13.89,48.64
Sulawesi Selatan,LUWU,kabkota,2016,14.35,50.58
Sulawesi Selatan,LUWU,kabkota,2017,14.01,49.8
Sulawesi Selatan,LUWU,kabkota,2018,13.36,47.91
Sulawesi Selatan,LUWU,kabkota,2019,12.78,46.18
Sulawesi Selatan,LUWU,kabkota,2020,12.65,46.04
Sulawesi Selatan,LUWU,kabkota,2021,12.53,46.26
Sulawesi Selatan,LUWU,kabkota,2022,12.49,46.5
Sulawesi Selatan,LUWU,kabkota,2023,12.71,47.67
Sulawesi Selatan,LUWU,kabkota,2024,11.7,44.24
Sulawesi Selatan,LUWU,kabkota,2025,10.97,41.76
Sulawesi Selatan,LUWU TIMUR,kabkota,2004,13.12,26.1
Sulawesi Selatan,LUWU TIMUR,kabkota,2005,13.05,27.1
Sulawesi Selatan,LUWU TIMUR,kabkota,2006,11.35,24.9
Sulawesi Selatan,LUWU TIMUR,kabkota,2007,10.21,22.9
Sulawesi Selatan,LUWU TIMUR,kabkota,2008,10.98,25.3
Sulawesi Selatan,LUWU TIMUR,kabkota,2009,8.91,21.0
Sulawesi Selatan,LUWU TIMUR,kabkota,2010,9.18,22.4
Sulawesi Selatan,LUWU TIMUR,kabkota,2011,8.29,20.4
Sulawesi Selatan,LUWU TIMUR,kabkota,2012,7.72,19.9
Sulawesi Selatan,LUWU TIMUR,kabkota,2013,8.38,22.2
Sulawesi Selatan,LUWU TIMUR,kabkota,2014,7.67,20.8
Sulawesi Selatan,LUWU TIMUR,kabkota,2015,7.18,19.67
Sulawesi Selatan,LUWU TIMUR,kabkota,2016,7.52,21.08
Sulawesi Selatan,LUWU TIMUR,kabkota,2017,7.66,21.94
Sulawesi Selatan,LUWU TIMUR,kabkota,2018,7.23,21.15
Sulawesi Selatan,LUWU TIMUR,kabkota,2019,6.98,20.83
Sulawesi Selatan,LUWU TIMUR,kabkota,2020,6.85,20.82
Sulawesi Selatan,LUWU TIMUR,kabkota,2021,6.94,20.99
Sulawesi Selatan,LUWU TIMUR,kabkota,2022,6.81,20.89
Sulawesi Selatan,LUWU TIMUR,kabkota,2023,6.93,21.57
Sulawesi Selatan,LUWU TIMUR,kabkota,2024,6.55,20.7
Sulawesi Selatan,LUWU TIMUR,kabkota,2025,5.79,18.55
Sulawesi Selatan,LUWU UTARA,kabkota,2004,14.7,40.7
Sulawesi Selatan,LUWU UTARA,kabkota,2005,14.63,42.3
Sulawesi Selatan,LUWU UTARA,kabkota,2006,14.48,43.3
Sulawesi Selatan,LUWU UTARA,kabkota,2007,14.03,42.6
Sulawesi Selatan,LUWU UTARA,kabkota,2008,18.38,57.5
Sulawesi Selatan,LUWU UTARA,kabkota,2009,16.4,52.5
Sulawesi Selatan,LUWU UTARA,kabkota,2010,16.24,46.8
Sulawesi Selatan,LUWU UTARA,kabkota,2011,14.64,42.6
Sulawesi Selatan,LUWU UTARA,kabkota,2012,14.03,41.4
Sulawesi Selatan,LUWU UTARA,kabkota,2013,15.52,46.2
Sulawesi Selatan,LUWU UTARA,kabkota,2014,14.31,43.0
Sulawesi Selatan,LUWU UTARA,kabkota,2015,13.87,41.89
Sulawesi Selatan,LUWU UTARA,kabkota,2016,14.36,43.75
Sulawesi Selatan,LUWU UTARA,kabkota,2017,14.33,44.04
Sulawesi Selatan,LUWU UTARA,kabkota,2018,13.69,42.43
Sulawesi Selatan,LUWU UTARA,kabkota,2019,13.6,42.48
Sulawesi Selatan,LUWU UTARA,kabkota,2020,13.41,42.2
Sulawesi Selatan,LUWU UTARA,kabkota,2021,13.59,43.15
Sulawesi Selatan,LUWU UTARA,kabkota,2022,13.22,42.29
Sulawesi Selatan,LUWU UTARA,kabkota,2023,12.66,40.79
Sulawesi Selatan,LUWU UTARA,kabkota,2024,11.24,36.46
Sulawesi Selatan,LUWU UTARA,kabkota,2025,10.74,35.03
Sulawesi Selatan,MAROS,kabkota,2004,20.63,59.9
Sulawesi Selatan,MAROS,kabkota,2005,20.13,60.0
Sulawesi Selatan,MAROS,kabkota,2006,20.09,59.8
Sulawesi Selatan,MAROS,kabkota,2007,20.08,59.9
Sulawesi Selatan,MAROS,kabkota,2008,18.55,56.0
Sulawesi Selatan,MAROS,kabkota,2009,16.35,49.8
Sulawesi Selatan,MAROS,kabkota,2010,14.62,46.6
Sulawesi Selatan,MAROS,kabkota,2011,13.14,42.4
Sulawesi Selatan,MAROS,kabkota,2012,12.56,41.3
Sulawesi Selatan,MAROS,kabkota,2013,12.94,43.1
Sulawesi Selatan,MAROS,kabkota,2014,11.93,40.1
Sulawesi Selatan,MAROS,kabkota,2015,11.85,40.08
Sulawesi Selatan,MAROS,kabkota,2016,11.41,39.02
Sulawesi Selatan,MAROS,kabkota,2017,11.14,38.5
Sulawesi Selatan,MAROS,kabkota,2018,10.31,35.97
Sulawesi Selatan,MAROS,kabkota,2019,9.89,34.85
Sulawesi Selatan,MAROS,kabkota,2020,9.74,34.62
Sulawesi Selatan,MAROS,kabkota,2021,9.57,34.11
Sulawesi Selatan,MAROS,kabkota,2022,9.43,33.9
Sulawesi Selatan,MAROS,kabkota,2023,9.65,34.96
Sulawesi Selatan,MAROS,kabkota,2024,9.32,34.0
Sulawesi Selatan,MAROS,kabkota,2025,8.9,32.67
Sulawesi Selatan,PANGKAJENE DAN KEPULAUAN,kabkota,2004,22.29,61.7
Sulawesi Selatan,PANGKAJENE DAN KEPULAUAN,kabkota,2005,22.79,64.1
Sulawesi Selatan,PANGKAJENE DAN KEPULAUAN,kabkota,2006,23.82,68.9
Sulawesi Selatan,PANGKAJENE DAN KEPULAUAN,kabkota,2007,23.93,69.3
Sulawesi Selatan,PANGKAJENE DAN KEPULAUAN,kabkota,2008,21.36,62.8
Sulawesi Selatan,PANGKAJENE DAN KEPULAUAN,kabkota,2009,19.35,57.4
Sulawesi Selatan,PANGKAJENE DAN KEPULAUAN,kabkota,2010,19.26,59.0
Sulawesi Selatan,PANGKAJENE DAN KEPULAUAN,kabkota,2011,17.36,53.7
Sulawesi Selatan,PANGKAJENE DAN KEPULAUAN,kabkota,2012,16.63,52.3
Sulawesi Selatan,PANGKAJENE DAN KEPULAUAN,kabkota,2013,17.75,56.4
Sulawesi Selatan,PANGKAJENE DAN KEPULAUAN,kabkota,2014,16.38,52.6
Sulawesi Selatan,PANGKAJENE DAN KEPULAUAN,kabkota,2015,16.7,53.85
Sulawesi Selatan,PANGKAJENE DAN KEPULAUAN,kabkota,2016,16.22,52.86
Sulawesi Selatan,PANGKAJENE DAN KEPULAUAN,kabkota,2017,16.22,53.38
Sulawesi Selatan,PANGKAJENE DAN KEPULAUAN,kabkota,2018,15.1,50.12
Sulawesi Selatan,PANGKAJENE DAN KEPULAUAN,kabkota,2019,14.06,47.07
Sulawesi Selatan,PANGKAJENE DAN KEPULAUAN,kabkota,2020,13.96,47.12
Sulawesi Selatan,PANGKAJENE DAN KEPULAUAN,kabkota,2021,14.28,48.4
Sulawesi Selatan,PANGKAJENE DAN KEPULAUAN,kabkota,2022,13.92,47.53
Sulawesi Selatan,PANGKAJENE DAN KEPULAUAN,kabkota,2023,13.4,46.06
Sulawesi Selatan,PANGKAJENE DAN KEPULAUAN,kabkota,2024,12.41,42.94
Sulawesi Selatan,PANGKAJENE DAN KEPULAUAN,kabkota,2025,11.6,40.37
Sulawesi Selatan,PINRANG,kabkota,2004,8.84,29.5
Sulawesi Selatan,PINRANG,kabkota,2005,9.07,30.6
Sulawesi Selatan,PINRANG,kabkota,2006,10.7,36.4
Sulawesi Selatan,PINRANG,kabkota,2007,10.44,35.8
Sulawesi Selatan,PINRANG,kabkota,2008,9.65,33.3
Sulawesi Selatan,PINRANG,kabkota,2009,8.7,30.3
Sulawesi Selatan,PINRANG,kabkota,2010,9.01,31.7
Sulawesi Selatan,PINRANG,kabkota,2011,8.12,28.9
Sulawesi Selatan,PINRANG,kabkota,2012,7.83,28.1
Sulawesi Selatan,PINRANG,kabkota,2013,8.86,32.1
Sulawesi Selatan,PINRANG,kabkota,2014,8.2,29.9
Sulawesi Selatan,PINRANG,kabkota,2015,8.34,30.51
Sulawesi Selatan,PINRANG,kabkota,2016,8.48,31.28
Sulawesi Selatan,PINRANG,kabkota,2017,8.46,31.43
Sulawesi Selatan,PINRANG,kabkota,2018,8.81,32.94
Sulawesi Selatan,PINRANG,kabkota,2019,8.46,31.85
Sulawesi Selatan,PINRANG,kabkota,2020,8.86,33.56
Sulawesi Selatan,PINRANG,kabkota,2021,8.81,33.51
Sulawesi Selatan,PINRANG,kabkota,2022,8.79,33.64
Sulawesi Selatan,PINRANG,kabkota,2023,8.9,34.23
Sulawesi Selatan,PINRANG,kabkota,2024,8.55,33.04
Sulawesi Selatan,PINRANG,kabkota,2025,8.38,32.52
Sulawesi Selatan,SIDENRENG RAPPANG,kabkota,2004,8.09,19.9
Sulawesi Selatan,SIDENRENG RAPPANG,kabkota,2005,8.38,20.8
Sulawesi Selatan,SIDENRENG RAPPANG,kabkota,2006,8.19,20.2
Sulawesi Selatan,SIDENRENG RAPPANG,kabkota,2007,8.05,19.9
Sulawesi Selatan,SIDENRENG RAPPANG,kabkota,2008,7.64,19.1
Sulawesi Selatan,SIDENRENG RAPPANG,kabkota,2009,6.73,16.9
Sulawesi Selatan,SIDENRENG RAPPANG,kabkota,2010,6.99,19.0
Sulawesi Selatan,SIDENRENG RAPPANG,kabkota,2011,6.29,17.3
Sulawesi Selatan,SIDENRENG RAPPANG,kabkota,2012,6.0,16.9
Sulawesi Selatan,SIDENRENG RAPPANG,kabkota,2013,6.3,17.9
Sulawesi Selatan,SIDENRENG RAPPANG,kabkota,2014,5.82,16.7
Sulawesi Selatan,SIDENRENG RAPPANG,kabkota,2015,5.55,16.03
Sulawesi Selatan,SIDENRENG RAPPANG,kabkota,2016,5.45,15.92
Sulawesi Selatan,SIDENRENG RAPPANG,kabkota,2017,5.32,15.72
Sulawesi Selatan,SIDENRENG RAPPANG,kabkota,2018,5.16,15.41
Sulawesi Selatan,SIDENRENG RAPPANG,kabkota,2019,4.79,14.44
Sulawesi Selatan,SIDENRENG RAPPANG,kabkota,2020,5.05,15.36
Sulawesi Selatan,SIDENRENG RAPPANG,kabkota,2021,5.04,15.25
Sulawesi Selatan,SIDENRENG RAPPANG,kabkota,2022,5.11,15.56
Sulawesi Selatan,SIDENRENG RAPPANG,kabkota,2023,5.14,15.75
Sulawesi Selatan,SIDENRENG RAPPANG,kabkota,2024,5.02,15.48
Sulawesi Selatan,SIDENRENG RAPPANG,kabkota,2025,4.91,15.2
Sulawesi Selatan,SINJAI,kabkota,2004,13.83,30.2
Sulawesi Selatan,SINJAI,kabkota,2005,14.15,31.3
Sulawesi Selatan,SINJAI,kabkota,2006,15.76,35.0
Sulawesi Selatan,SINJAI,kabkota,2007,13.87,30.8
Sulawesi Selatan,SINJAI,kabkota,2008,12.73,28.6
Sulawesi Selatan,SINJAI,kabkota,2009,11.37,25.8
Sulawesi Selatan,SINJAI,kabkota,2010,10.68,24.5
Sulawesi Selatan,SINJAI,kabkota,2011,9.63,22.3
Sulawesi Selatan,SINJAI,kabkota,2012,9.29,21.7
Sulawesi Selatan,SINJAI,kabkota,2013,10.32,24.3
Sulawesi Selatan,SINJAI,kabkota,2014,9.56,22.6
Sulawesi Selatan,SINJAI,kabkota,2015,9.26,21.99
Sulawesi Selatan,SINJAI,kabkota,2016,9.41,22.51
Sulawesi Selatan,SINJAI,kabkota,2017,9.24,22.25
Sulawesi Selatan,SINJAI,kabkota,2018,9.28,22.48
Sulawesi Selatan,SINJAI,kabkota,2019,9.14,22.27
Sulawesi Selatan,SINJAI,kabkota,2020,9.0,22.06
Sulawesi Selatan,SINJAI,kabkota,2021,8.84,21.69
Sulawesi Selatan,SINJAI,kabkota,2022,8.8,21.67
Sulawesi Selatan,SINJAI,kabkota,2023,8.55,21.14
Sulawesi Selatan,SINJAI,kabkota,2024,7.82,19.4
Sulawesi Selatan,SINJAI,kabkota,2025,7.41,18.44
Sulawesi Selatan,SOPPENG,kabkota,2004,4.6,10.3
Sulawesi Selatan,SOPPENG,kabkota,2005,4.65,10.7
Sulawesi Selatan,SOPPENG,kabkota,2006,5.6,12.7
Sulawesi Selatan,SOPPENG,kabkota,2007,5.45,12.4
Sulawesi Selatan,SOPPENG,kabkota,2008,11.22,25.6
Sulawesi Selatan,SOPPENG,kabkota,2009,9.95,22.8
Sulawesi Selatan,SOPPENG,kabkota,2010,10.41,23.3
Sulawesi Selatan,SOPPENG,kabkota,2011,9.36,21.2
Sulawesi Selatan,SOPPENG,kabkota,2012,9.12,20.6
Sulawesi Selatan,SOPPENG,kabkota,2013,9.43,21.3
Sulawesi Selatan,SOPPENG,kabkota,2014,8.76,19.8
Sulawesi Selatan,SOPPENG,kabkota,2015,8.36,18.88
Sulawesi Selatan,SOPPENG,kabkota,2016,8.45,19.12
Sulawesi Selatan,SOPPENG,kabkota,2017,8.29,18.76
Sulawesi Selatan,SOPPENG,kabkota,2018,7.5,17.0
Sulawesi Selatan,SOPPENG,kabkota,2019,7.25,16.45
Sulawesi Selatan,SOPPENG,kabkota,2020,7.59,17.23
Sulawesi Selatan,SOPPENG,kabkota,2021,7.53,17.27
Sulawesi Selatan,SOPPENG,kabkota,2022,7.49,17.21
Sulawesi Selatan,SOPPENG,kabkota,2023,7.48,17.21
Sulawesi Selatan,SOPPENG,kabkota,2024,6.9,15.9
Sulawesi Selatan,SOPPENG,kabkota,2025,6.65,15.34
Sulawesi Selatan,Sulawesi Selatan,provinsi,2004,14.9,
Sulawesi Selatan,Sulawesi Selatan,provinsi,2005,14.98,
Sulawesi Selatan,Sulawesi Selatan,provinsi,2006,14.57,
Sulawesi Selatan,Sulawesi Selatan,provinsi,2007,14.11,
Sulawesi Selatan,Sulawesi Selatan,provinsi,2008,13.41,
Sulawesi Selatan,Sulawesi Selatan,provinsi,2009,11.93,936.9
Sulawesi Selatan,Sulawesi Selatan,provinsi,2010,11.4,917.4
Sulawesi Selatan,Sulawesi Selatan,provinsi,2011,10.27,835.5
Sulawesi Selatan,Sulawesi Selatan,provinsi,2012,9.82,812.3
Sulawesi Selatan,Sulawesi Selatan,provinsi,2013,10.32,863.2
Sulawesi Selatan,Sulawesi Selatan,provinsi,2014,9.54,806.3
Sulawesi Selatan,Sulawesi Selatan,provinsi,2015,9.39,797.72
Sulawesi Selatan,Sulawesi Selatan,provinsi,2016,9.4,807.03
Sulawesi Selatan,Sulawesi Selatan,provinsi,2017,9.38,813.07
Sulawesi Selatan,Sulawesi Selatan,provinsi,2018,9.06,792.63
Sulawesi Selatan,Sulawesi Selatan,provinsi,2019,8.69,767.8
Sulawesi Selatan,Sulawesi Selatan,provinsi,2020,8.72,776.83
Sulawesi Selatan,Sulawesi Selatan,provinsi,2021,8.78,784.98
Sulawesi Selatan,Sulawesi Selatan,provinsi,2022,8.63,777.44
Sulawesi Selatan,Sulawesi Selatan,provinsi,2023,8.7,788.85
Sulawesi Selatan,Sulawesi Selatan,provinsi,2024,8.06,736.48
Sulawesi Selatan,Sulawesi Selatan,provinsi,2025,7.6,698.13
Sulawesi Selatan,TAKALAR,kabkota,2004,12.99,31.7
Sulawesi Selatan,TAKALAR,kabkota,2005,14.94,37.3
Sulawesi Selatan,TAKALAR,kabkota,2006,14.09,35.3
Sulawesi Selatan,TAKALAR,kabkota,2007,13.8,34.7
Sulawesi Selatan,TAKALAR,kabkota,2008,12.68,32.2
Sulawesi Selatan,TAKALAR,kabkota,2009,11.06,28.3
Sulawesi Selatan,TAKALAR,kabkota,2010,11.16,30.1
Sulawesi Selatan,TAKALAR,kabkota,2011,10.04,27.4
Sulawesi Selatan,TAKALAR,kabkota,2012,9.6,26.7
Sulawesi Selatan,TAKALAR,kabkota,2013,10.42,29.3
Sulawesi Selatan,TAKALAR,kabkota,2014,9.62,27.4
Sulawesi Selatan,TAKALAR,kabkota,2015,9.48,27.12
Sulawesi Selatan,TAKALAR,kabkota,2016,9.35,27.05
Sulawesi Selatan,TAKALAR,kabkota,2017,9.24,26.99
Sulawesi Selatan,TAKALAR,kabkota,2018,9.0,26.57
Sulawesi Selatan,TAKALAR,kabkota,2019,8.7,25.93
Sulawesi Selatan,TAKALAR,kabkota,2020,8.44,25.38
Sulawesi Selatan,TAKALAR,kabkota,2021,8.25,24.6
Sulawesi Selatan,TAKALAR,kabkota,2022,8.25,24.75
Sulawesi Selatan,TAKALAR,kabkota,2023,8.29,25.01
Sulawesi Selatan,TAKALAR,kabkota,2024,7.75,23.51
Sulawesi Selatan,TAKALAR,kabkota,2025,7.27,22.17
Sulawesi Selatan,TANA TORAJA,kabkota,2004,18.54,78.1
Sulawesi Selatan,TANA TORAJA,kabkota,2005,18.87,81.1
Sulawesi Selatan,TANA TORAJA,kabkota,2006,20.44,91.3
Sulawesi Selatan,TANA TORAJA,kabkota,2007,19.91,89.8
Sulawesi Selatan,TANA TORAJA,kabkota,2008,18.57,85.3
Sulawesi Selatan,TANA TORAJA,kabkota,2009,16.14,75.2
Sulawesi Selatan,TANA TORAJA,kabkota,2010,14.61,32.5
Sulawesi Selatan,TANA TORAJA,kabkota,2011,13.22,29.6
Sulawesi Selatan,TANA TORAJA,kabkota,2012,12.73,28.7
Sulawesi Selatan,TANA TORAJA,kabkota,2013,13.81,31.3
Sulawesi Selatan,TANA TORAJA,kabkota,2014,12.77,29.1
Sulawesi Selatan,TANA TORAJA,kabkota,2015,12.46,28.59
Sulawesi Selatan,TANA TORAJA,kabkota,2016,12.36,28.42
Sulawesi Selatan,TANA TORAJA,kabkota,2017,12.62,29.18
Sulawesi Selatan,TANA TORAJA,kabkota,2018,12.75,29.65
Sulawesi Selatan,TANA TORAJA,kabkota,2019,12.35,28.87
Sulawesi Selatan,TANA TORAJA,kabkota,2020,12.1,28.41
Sulawesi Selatan,TANA TORAJA,kabkota,2021,12.27,29.33
Sulawesi Selatan,TANA TORAJA,kabkota,2022,12.18,29.31
Sulawesi Selatan,TANA TORAJA,kabkota,2023,12.48,30.23
Sulawesi Selatan,TANA TORAJA,kabkota,2024,10.79,26.3
Sulawesi Selatan,TANA TORAJA,kabkota,2025,10.54,25.82
Sulawesi Selatan,TORAJA UTARA,kabkota,2004,,
Sulawesi Selatan,TORAJA UTARA,kabkota,2005,,
Sulawesi Selatan,TORAJA UTARA,kabkota,2006,,
Sulawesi Selatan,TORAJA UTARA,kabkota,2007,,
Sulawesi Selatan,TORAJA UTARA,kabkota,2008,,
Sulawesi Selatan,TORAJA UTARA,kabkota,2009,,
Sulawesi Selatan,TORAJA UTARA,kabkota,2010,19.08,41.1
Sulawesi Selatan,TORAJA UTARA,kabkota,2011,17.06,37.4
Sulawesi Selatan,TORAJA UTARA,kabkota,2012,16.28,36.0
Sulawesi Selatan,TORAJA UTARA,kabkota,2013,16.53,36.8
Sulawesi Selatan,TORAJA UTARA,kabkota,2014,15.1,33.9
Sulawesi Selatan,TORAJA UTARA,kabkota,2015,15.19,34.37
Sulawesi Selatan,TORAJA UTARA,kabkota,2016,14.57,33.02
Sulawesi Selatan,TORAJA UTARA,kabkota,2017,14.41,32.85
Sulawesi Selatan,TORAJA UTARA,kabkota,2018,13.37,30.68
Sulawesi Selatan,TORAJA UTARA,kabkota,2019,12.41,28.64
Sulawesi Selatan,TORAJA UTARA,kabkota,2020,12.01,27.88
Sulawesi Selatan,TORAJA UTARA,kabkota,2021,11.99,28.39
Sulawesi Selatan,TORAJA UTARA,kabkota,2022,11.65,27.79
Sulawesi Selatan,TORAJA UTARA,kabkota,2023,12.12,29.14
Sulawesi Selatan,TORAJA UTARA,kabkota,2024,10.73,25.97
Sulawesi Selatan,TORAJA UTARA,kabkota,2025,10.05,24.48
Sulawesi Selatan,WAJO,kabkota,2004,9.66,35.1
Sulawesi Selatan,WAJO,kabkota,2005,9.95,36.4
Sulawesi Selatan,WAJO,kabkota,2006,11.57,43.3
Sulawesi Selatan,WAJO,kabkota,2007,11.36,42.6
Sulawesi Selatan,WAJO,kabkota,2008,10.16,38.3
Sulawesi Selatan,WAJO,kabkota,2009,8.93,33.8
Sulawesi Selatan,WAJO,kabkota,2010,8.96,34.5
Sulawesi Selatan,WAJO,kabkota,2011,8.06,31.4
Sulawesi Selatan,WAJO,kabkota,2012,7.83,30.5
Sulawesi Selatan,WAJO,kabkota,2013,8.17,31.9
Sulawesi Selatan,WAJO,kabkota,2014,7.74,30.3
Sulawesi Selatan,WAJO,kabkota,2015,7.66,30.08
Sulawesi Selatan,WAJO,kabkota,2016,7.47,29.46
Sulawesi Selatan,WAJO,kabkota,2017,7.38,29.19
Sulawesi Selatan,WAJO,kabkota,2018,7.5,29.73
Sulawesi Selatan,WAJO,kabkota,2019,6.91,27.48
Sulawesi Selatan,WAJO,kabkota,2020,6.95,27.69
Sulawesi Selatan,WAJO,kabkota,2021,6.46,26.22
Sulawesi Selatan,WAJO,kabkota,2022,6.57,26.75
Sulawesi Selatan,WAJO,kabkota,2023,6.73,27.54
Sulawesi Selatan,WAJO,kabkota,2024,6.47,26.57
Sulawesi Selatan,WAJO,kabkota,2025,5.86,24.15
Sulawesi Tengah,BANGGAI,kabkota,2004,16.72,47.4
Sulawesi Tengah,BANGGAI,kabkota,2005,16.27,49.8
Sulawesi Tengah,BANGGAI,kabkota,2006,18.52,53.9
Sulawesi Tengah,BANGGAI,kabkota,2007,17.28,52.9
Sulawesi Tengah,BANGGAI,kabkota,2008,16.7,51.5
Sulawesi Tengah,BANGGAI,kabkota,2009,14.6,45.3
Sulawesi Tengah,BANGGAI,kabkota,2010,12.06,39.2
Sulawesi Tengah,BANGGAI,kabkota,2011,11.25,37.2
Sulawesi Tengah,BANGGAI,kabkota,2012,10.48,35.5
Sulawesi Tengah,BANGGAI,kabkota,2013,9.81,33.8
Sulawesi Tengah,BANGGAI,kabkota,2014,9.27,32.5
Sulawesi Tengah,BANGGAI,kabkota,2015,9.84,34.74
Sulawesi Tengah,BANGGAI,kabkota,2016,9.47,33.97
Sulawesi Tengah,BANGGAI,kabkota,2017,9.2,33.5
Sulawesi Tengah,BANGGAI,kabkota,2018,9.12,33.73
Sulawesi Tengah,BANGGAI,kabkota,2019,7.8,29.3
Sulawesi Tengah,BANGGAI,kabkota,2020,7.39,28.16
Sulawesi Tengah,BANGGAI,kabkota,2021,7.83,30.1
Sulawesi Tengah,BANGGAI,kabkota,2022,7.33,28.55
Sulawesi Tengah,BANGGAI,kabkota,2023,6.94,27.38
Sulawesi Tengah,BANGGAI,kabkota,2024,6.56,26.21
Sulawesi Tengah,BANGGAI,kabkota,2025,6.23,25.17
Sulawesi Tengah,BANGGAI KEPULAUAN,kabkota,2004,26.51,40.1
Sulawesi Tengah,BANGGAI KEPULAUAN,kabkota,2005,25.53,42.1
Sulawesi Tengah,BANGGAI KEPULAUAN,kabkota,2006,28.08,42.8
Sulawesi Tengah,BANGGAI KEPULAUAN,kabkota,2007,27.92,44.4
Sulawesi Tengah,BANGGAI KEPULAUAN,kabkota,2008,24.66,40.1
Sulawesi Tengah,BANGGAI KEPULAUAN,kabkota,2009,21.99,36.1
Sulawesi Tengah,BANGGAI KEPULAUAN,kabkota,2010,19.47,33.5
Sulawesi Tengah,BANGGAI KEPULAUAN,kabkota,2011,18.08,31.8
Sulawesi Tengah,BANGGAI KEPULAUAN,kabkota,2012,17.03,30.3
Sulawesi Tengah,BANGGAI KEPULAUAN,kabkota,2013,16.3,29.4
Sulawesi Tengah,BANGGAI KEPULAUAN,kabkota,2014,15.45,28.2
Sulawesi Tengah,BANGGAI KEPULAUAN,kabkota,2015,16.08,18.57
Sulawesi Tengah,BANGGAI KEPULAUAN,kabkota,2016,16.18,18.72
Sulawesi Tengah,BANGGAI KEPULAUAN,kabkota,2017,15.92,18.56
Sulawesi Tengah,BANGGAI KEPULAUAN,kabkota,2018,15.65,18.38
Sulawesi Tengah,BANGGAI KEPULAUAN,kabkota,2019,14.84,17.54
Sulawesi Tengah,BANGGAI KEPULAUAN,kabkota,2020,14.04,16.7
Sulawesi Tengah,BANGGAI KEPULAUAN,kabkota,2021,13.72,16.33
Sulawesi Tengah,BANGGAI KEPULAUAN,kabkota,2022,13.44,16.07
Sulawesi Tengah,BANGGAI KEPULAUAN,kabkota,2023,12.9,15.5
Sulawesi Tengah,BANGGAI KEPULAUAN,kabkota,2024,12.32,14.86
Sulawesi Tengah,BANGGAI KEPULAUAN,kabkota,2025,11.49,13.92
Sulawesi Tengah,BANGGAI LAUT,kabkota,2004,,
Sulawesi Tengah,BANGGAI LAUT,kabkota,2005,,
Sulawesi Tengah,BANGGAI LAUT,kabkota,2006,,
Sulawesi Tengah,BANGGAI LAUT,kabkota,2007,,
Sulawesi Tengah,BANGGAI LAUT,kabkota,2008,,
Sulawesi Tengah,BANGGAI LAUT,kabkota,2009,,
Sulawesi Tengah,BANGGAI LAUT,kabkota,2010,,
Sulawesi Tengah,BANGGAI LAUT,kabkota,2011,,
Sulawesi Tengah,BANGGAI LAUT,kabkota,2012,,
Sulawesi Tengah,BANGGAI LAUT,kabkota,2013,,
Sulawesi Tengah,BANGGAI LAUT,kabkota,2014,,
Sulawesi Tengah,BANGGAI LAUT,kabkota,2015,17.68,12.33
Sulawesi Tengah,BANGGAI LAUT,kabkota,2016,16.6,11.59
Sulawesi Tengah,BANGGAI LAUT,kabkota,2017,16.17,11.63
Sulawesi Tengah,BANGGAI LAUT,kabkota,2018,16.32,11.97
Sulawesi Tengah,BANGGAI LAUT,kabkota,2019,15.34,11.46
Sulawesi Tengah,BANGGAI LAUT,kabkota,2020,14.6,11.09
Sulawesi Tengah,BANGGAI LAUT,kabkota,2021,14.17,10.92
Sulawesi Tengah,BANGGAI LAUT,kabkota,2022,13.17,10.32
Sulawesi Tengah,BANGGAI LAUT,kabkota,2023,14.15,11.27
Sulawesi Tengah,BANGGAI LAUT,kabkota,2024,13.78,11.16
Sulawesi Tengah,BANGGAI LAUT,kabkota,2025,12.71,10.44
Sulawesi Tengah,BUOL,kabkota,2004,26.66,29.5
Sulawesi Tengah,BUOL,kabkota,2005,28.58,34.1
Sulawesi Tengah,BUOL,kabkota,2006,26.66,30.1
Sulawesi Tengah,BUOL,kabkota,2007,25.5,30.5
Sulawesi Tengah,BUOL,kabkota,2008,23.11,28.3
Sulawesi Tengah,BUOL,kabkota,2009,20.68,25.7
Sulawesi Tengah,BUOL,kabkota,2010,18.67,24.8
Sulawesi Tengah,BUOL,kabkota,2011,17.4,23.5
Sulawesi Tengah,BUOL,kabkota,2012,15.99,22.4
Sulawesi Tengah,BUOL,kabkota,2013,15.06,21.6
Sulawesi Tengah,BUOL,kabkota,2014,14.18,20.8
Sulawesi Tengah,BUOL,kabkota,2015,16.36,24.31
Sulawesi Tengah,BUOL,kabkota,2016,16.68,25.27
Sulawesi Tengah,BUOL,kabkota,2017,16.65,25.76
Sulawesi Tengah,BUOL,kabkota,2018,16.08,25.4
Sulawesi Tengah,BUOL,kabkota,2019,15.19,24.51
Sulawesi Tengah,BUOL,kabkota,2020,13.93,22.93
Sulawesi Tengah,BUOL,kabkota,2021,14.06,23.46
Sulawesi Tengah,BUOL,kabkota,2022,12.85,21.84
Sulawesi Tengah,BUOL,kabkota,2023,13.36,23.13
Sulawesi Tengah,BUOL,kabkota,2024,13.08,23.05
Sulawesi Tengah,BUOL,kabkota,2025,12.48,22.35
Sulawesi Tengah,DONGGALA,kabkota,2004,22.23,97.1
Sulawesi Tengah,DONGGALA,kabkota,2005,22.4,105.1
Sulawesi Tengah,DONGGALA,kabkota,2006,24.84,113.7
Sulawesi Tengah,DONGGALA,kabkota,2007,23.59,114.4
Sulawesi Tengah,DONGGALA,kabkota,2008,21.01,103.5
Sulawesi Tengah,DONGGALA,kabkota,2009,18.91,94.3
Sulawesi Tengah,DONGGALA,kabkota,2010,19.42,53.9
Sulawesi Tengah,DONGGALA,kabkota,2011,18.03,51.1
Sulawesi Tengah,DONGGALA,kabkota,2012,17.03,48.6
Sulawesi Tengah,DONGGALA,kabkota,2013,17.18,49.6
Sulawesi Tengah,DONGGALA,kabkota,2014,16.3,47.6
Sulawesi Tengah,DONGGALA,kabkota,2015,18.11,54.17
Sulawesi Tengah,DONGGALA,kabkota,2016,18.59,55.69
Sulawesi Tengah,DONGGALA,kabkota,2017,18.17,54.44
Sulawesi Tengah,DONGGALA,kabkota,2018,18.03,54.28
Sulawesi Tengah,DONGGALA,kabkota,2019,18.4,55.83
Sulawesi Tengah,DONGGALA,kabkota,2020,17.39,53.17
Sulawesi Tengah,DONGGALA,kabkota,2021,16.73,51.23
Sulawesi Tengah,DONGGALA,kabkota,2022,16.3,50.22
Sulawesi Tengah,DONGGALA,kabkota,2023,16.25,50.37
Sulawesi Tengah,DONGGALA,kabkota,2024,15.3,47.68
Sulawesi Tengah,DONGGALA,kabkota,2025,14.66,45.92
Sulawesi Tengah,KOTA PALU,kabkota,2004,8.43,23.9
Sulawesi Tengah,KOTA PALU,kabkota,2005,10.78,32.8
Sulawesi Tengah,KOTA PALU,kabkota,2006,10.49,31.4
Sulawesi Tengah,KOTA PALU,kabkota,2007,9.73,30.8
Sulawesi Tengah,KOTA PALU,kabkota,2008,10.1,32.6
Sulawesi Tengah,KOTA PALU,kabkota,2009,9.19,30.1
Sulawesi Tengah,KOTA PALU,kabkota,2010,9.98,33.5
Sulawesi Tengah,KOTA PALU,kabkota,2011,9.24,31.8
Sulawesi Tengah,KOTA PALU,kabkota,2012,8.58,30.2
Sulawesi Tengah,KOTA PALU,kabkota,2013,7.24,25.9
Sulawesi Tengah,KOTA PALU,kabkota,2014,7.05,25.7
Sulawesi Tengah,KOTA PALU,kabkota,2015,7.42,27.19
Sulawesi Tengah,KOTA PALU,kabkota,2016,7.06,26.24
Sulawesi Tengah,KOTA PALU,kabkota,2017,6.74,25.49
Sulawesi Tengah,KOTA PALU,kabkota,2018,6.58,25.26
Sulawesi Tengah,KOTA PALU,kabkota,2019,6.83,26.62
Sulawesi Tengah,KOTA PALU,kabkota,2020,6.8,26.89
Sulawesi Tengah,KOTA PALU,kabkota,2021,7.17,28.6
Sulawesi Tengah,KOTA PALU,kabkota,2022,6.63,26.75
Sulawesi Tengah,KOTA PALU,kabkota,2023,6.56,26.83
Sulawesi Tengah,KOTA PALU,kabkota,2024,5.94,24.57
Sulawesi Tengah,KOTA PALU,kabkota,2025,5.26,21.99
Sulawesi Tengah,MOROWALI,kabkota,2004,25.53,42.6
Sulawesi Tengah,MOROWALI,kabkota,2005,27.49,49.4
Sulawesi Tengah,MOROWALI,kabkota,2006,30.14,52.1
Sulawesi Tengah,MOROWALI,kabkota,2007,28.27,51.1
Sulawesi Tengah,MOROWALI,kabkota,2008,25.1,46.6
Sulawesi Tengah,MOROWALI,kabkota,2009,22.53,42.3
Sulawesi Tengah,MOROWALI,kabkota,2010,20.27,41.9
Sulawesi Tengah,MOROWALI,kabkota,2011,18.85,39.8
Sulawesi Tengah,MOROWALI,kabkota,2012,17.25,37.6
Sulawesi Tengah,MOROWALI,kabkota,2013,15.92,35.4
Sulawesi Tengah,MOROWALI,kabkota,2014,14.97,34.0
Sulawesi Tengah,MOROWALI,kabkota,2015,15.8,17.79
Sulawesi Tengah,MOROWALI,kabkota,2016,15.13,17.36
Sulawesi Tengah,MOROWALI,kabkota,2017,14.55,16.99
Sulawesi Tengah,MOROWALI,kabkota,2018,14.34,17.03
Sulawesi Tengah,MOROWALI,kabkota,2019,13.75,16.61
Sulawesi Tengah,MOROWALI,kabkota,2020,13.43,16.5
Sulawesi Tengah,MOROWALI,kabkota,2021,13.75,17.07
Sulawesi Tengah,MOROWALI,kabkota,2022,12.58,15.86
Sulawesi Tengah,MOROWALI,kabkota,2023,12.31,15.75
Sulawesi Tengah,MOROWALI,kabkota,2024,11.55,14.99
Sulawesi Tengah,MOROWALI,kabkota,2025,10.38,13.65
Sulawesi Tengah,MOROWALI UTARA,kabkota,2004,,
Sulawesi Tengah,MOROWALI UTARA,kabkota,2005,,
Sulawesi Tengah,MOROWALI UTARA,kabkota,2006,,
Sulawesi Tengah,MOROWALI UTARA,kabkota,2007,,
Sulawesi Tengah,MOROWALI UTARA,kabkota,2008,,
Sulawesi Tengah,MOROWALI UTARA,kabkota,2009,,
Sulawesi Tengah,MOROWALI UTARA,kabkota,2010,,
Sulawesi Tengah,MOROWALI UTARA,kabkota,2011,,
Sulawesi Tengah,MOROWALI UTARA,kabkota,2012,,
Sulawesi Tengah,MOROWALI UTARA,kabkota,2013,,
Sulawesi Tengah,MOROWALI UTARA,kabkota,2014,,
Sulawesi Tengah,MOROWALI UTARA,kabkota,2015,16.91,19.81
Sulawesi Tengah,MOROWALI UTARA,kabkota,2016,16.07,19.22
Sulawesi Tengah,MOROWALI UTARA,kabkota,2017,15.73,19.25
Sulawesi Tengah,MOROWALI UTARA,kabkota,2018,15.53,19.4
Sulawesi Tengah,MOROWALI UTARA,kabkota,2019,15.08,19.25
Sulawesi Tengah,MOROWALI UTARA,kabkota,2020,14.1,18.38
Sulawesi Tengah,MOROWALI UTARA,kabkota,2021,13.9,18.4
Sulawesi Tengah,MOROWALI UTARA,kabkota,2022,12.97,17.49
Sulawesi Tengah,MOROWALI UTARA,kabkota,2023,12.85,17.66
Sulawesi Tengah,MOROWALI UTARA,kabkota,2024,11.95,16.74
Sulawesi Tengah,MOROWALI UTARA,kabkota,2025,10.38,14.78
Sulawesi Tengah,PARIGI MOUTONG,kabkota,2004,23.21,80.4
Sulawesi Tengah,PARIGI MOUTONG,kabkota,2005,22.66,84.4
Sulawesi Tengah,PARIGI MOUTONG,kabkota,2006,25.1,90.3
Sulawesi Tengah,PARIGI MOUTONG,kabkota,2007,23.69,90.1
Sulawesi Tengah,PARIGI MOUTONG,kabkota,2008,21.73,84.5
Sulawesi Tengah,PARIGI MOUTONG,kabkota,2009,19.72,77.9
Sulawesi Tengah,PARIGI MOUTONG,kabkota,2010,20.11,83.4
Sulawesi Tengah,PARIGI MOUTONG,kabkota,2011,18.7,79.1
Sulawesi Tengah,PARIGI MOUTONG,kabkota,2012,17.36,75.4
Sulawesi Tengah,PARIGI MOUTONG,kabkota,2013,17.03,75.5
Sulawesi Tengah,PARIGI MOUTONG,kabkota,2014,16.6,75.0
Sulawesi Tengah,PARIGI MOUTONG,kabkota,2015,18.05,82.61
Sulawesi Tengah,PARIGI MOUTONG,kabkota,2016,17.8,82.38
Sulawesi Tengah,PARIGI MOUTONG,kabkota,2017,17.55,82.88
Sulawesi Tengah,PARIGI MOUTONG,kabkota,2018,17.41,83.66
Sulawesi Tengah,PARIGI MOUTONG,kabkota,2019,16.64,81.36
Sulawesi Tengah,PARIGI MOUTONG,kabkota,2020,15.85,78.76
Sulawesi Tengah,PARIGI MOUTONG,kabkota,2021,15.28,76.79
Sulawesi Tengah,PARIGI MOUTONG,kabkota,2022,14.63,74.6
Sulawesi Tengah,PARIGI MOUTONG,kabkota,2023,14.91,77.18
Sulawesi Tengah,PARIGI MOUTONG,kabkota,2024,14.2,74.57
Sulawesi Tengah,PARIGI MOUTONG,kabkota,2025,13.51,71.88
Sulawesi Tengah,POSO,kabkota,2004,30.4,82.8
Sulawesi Tengah,POSO,kabkota,2005,28.19,38.7
Sulawesi Tengah,POSO,kabkota,2006,29.28,41.9
Sulawesi Tengah,POSO,kabkota,2007,28.02,44.0
Sulawesi Tengah,POSO,kabkota,2008,25.75,43.4
Sulawesi Tengah,POSO,kabkota,2009,23.29,41.6
Sulawesi Tengah,POSO,kabkota,2010,21.42,45.3
Sulawesi Tengah,POSO,kabkota,2011,20.1,43.0
Sulawesi Tengah,POSO,kabkota,2012,18.46,40.9
Sulawesi Tengah,POSO,kabkota,2013,18.22,41.3
Sulawesi Tengah,POSO,kabkota,2014,17.09,39.6
Sulawesi Tengah,POSO,kabkota,2015,18.16,42.64
Sulawesi Tengah,POSO,kabkota,2016,17.71,42.23
Sulawesi Tengah,POSO,kabkota,2017,17.16,41.88
Sulawesi Tengah,POSO,kabkota,2018,16.71,41.75
Sulawesi Tengah,POSO,kabkota,2019,15.65,39.92
Sulawesi Tengah,POSO,kabkota,2020,15.45,40.2
Sulawesi Tengah,POSO,kabkota,2021,15.92,41.99
Sulawesi Tengah,POSO,kabkota,2022,15.18,40.78
Sulawesi Tengah,POSO,kabkota,2023,15.16,41.48
Sulawesi Tengah,POSO,kabkota,2024,14.23,39.63
Sulawesi Tengah,POSO,kabkota,2025,12.9,36.49
Sulawesi Tengah,SIGI,kabkota,2004,,
Sulawesi Tengah,SIGI,kabkota,2005,,
Sulawesi Tengah,SIGI,kabkota,2006,,
Sulawesi Tengah,SIGI,kabkota,2007,,
Sulawesi Tengah,SIGI,kabkota,2008,,
Sulawesi Tengah,SIGI,kabkota,2009,,
Sulawesi Tengah,SIGI,kabkota,2010,15.09,32.5
Sulawesi Tengah,SIGI,kabkota,2011,14.03,30.8
Sulawesi Tengah,SIGI,kabkota,2012,13.2,29.3
Sulawesi Tengah,SIGI,kabkota,2013,12.27,27.6
Sulawesi Tengah,SIGI,kabkota,2014,11.63,26.5
Sulawesi Tengah,SIGI,kabkota,2015,12.75,29.14
Sulawesi Tengah,SIGI,kabkota,2016,12.76,29.55
Sulawesi Tengah,SIGI,kabkota,2017,12.66,29.55
Sulawesi Tengah,SIGI,kabkota,2018,12.6,29.78
Sulawesi Tengah,SIGI,kabkota,2019,12.91,30.82
Sulawesi Tengah,SIGI,kabkota,2020,12.45,30.0
Sulawesi Tengah,SIGI,kabkota,2021,13.05,31.51
Sulawesi Tengah,SIGI,kabkota,2022,12.3,29.94
Sulawesi Tengah,SIGI,kabkota,2023,12.83,31.47
Sulawesi Tengah,SIGI,kabkota,2024,12.06,29.8
Sulawesi Tengah,SIGI,kabkota,2025,10.47,26.03
Sulawesi Tengah,Sulawesi Tengah,provinsi,2004,21.69,486.3
Sulawesi Tengah,Sulawesi Tengah,provinsi,2005,21.8,527.5
Sulawesi Tengah,Sulawesi Tengah,provinsi,2006,23.63,553.5
Sulawesi Tengah,Sulawesi Tengah,provinsi,2007,22.42,557.4
Sulawesi Tengah,Sulawesi Tengah,provinsi,2008,20.61,525.2
Sulawesi Tengah,Sulawesi Tengah,provinsi,2009,18.61,483.1
Sulawesi Tengah,Sulawesi Tengah,provinsi,2010,17.24,455.6
Sulawesi Tengah,Sulawesi Tengah,provinsi,2011,16.04,432.1
Sulawesi Tengah,Sulawesi Tengah,provinsi,2012,14.94,411.0
Sulawesi Tengah,Sulawesi Tengah,provinsi,2013,14.32,400.4
Sulawesi Tengah,Sulawesi Tengah,provinsi,2014,13.61,387.1
Sulawesi Tengah,Sulawesi Tengah,provinsi,2015,14.66,421.63
Sulawesi Tengah,Sulawesi Tengah,provinsi,2016,14.45,420.52
Sulawesi Tengah,Sulawesi Tengah,provinsi,2017,14.14,417.87
Sulawesi Tengah,Sulawesi Tengah,provinsi,2018,14.01,420.21
Sulawesi Tengah,Sulawesi Tengah,provinsi,2019,13.48,410.36
Sulawesi Tengah,Sulawesi Tengah,provinsi,2020,12.92,398.73
Sulawesi Tengah,Sulawesi Tengah,provinsi,2021,13.0,404.44
Sulawesi Tengah,Sulawesi Tengah,provinsi,2022,12.33,388.36
Sulawesi Tengah,Sulawesi Tengah,provinsi,2023,12.41,395.66
Sulawesi Tengah,Sulawesi Tengah,provinsi,2024,11.77,379.76
Sulawesi Tengah,Sulawesi Tengah,provinsi,2025,10.92,356.19
Sulawesi Tengah,TOJO UNA-UNA,kabkota,2004,,
Sulawesi Tengah,TOJO UNA-UNA,kabkota,2005,29.26,46.4
Sulawesi Tengah,TOJO UNA-UNA,kabkota,2006,31.63,51.0
Sulawesi Tengah,TOJO UNA-UNA,kabkota,2007,30.22,54.0
Sulawesi Tengah,TOJO UNA-UNA,kabkota,2008,28.48,53.8
Sulawesi Tengah,TOJO UNA-UNA,kabkota,2009,26.23,52.3
Sulawesi Tengah,TOJO UNA-UNA,kabkota,2010,24.06,33.2
Sulawesi Tengah,TOJO UNA-UNA,kabkota,2011,22.37,31.5
Sulawesi Tengah,TOJO UNA-UNA,kabkota,2012,20.98,29.9
Sulawesi Tengah,TOJO UNA-UNA,kabkota,2013,20.61,29.7
Sulawesi Tengah,TOJO UNA-UNA,kabkota,2014,18.95,27.7
Sulawesi Tengah,TOJO UNA-UNA,kabkota,2015,18.79,27.62
Sulawesi Tengah,TOJO UNA-UNA,kabkota,2016,18.56,27.62
Sulawesi Tengah,TOJO UNA-UNA,kabkota,2017,18.15,27.3
Sulawesi Tengah,TOJO UNA-UNA,kabkota,2018,18.27,27.78
Sulawesi Tengah,TOJO UNA-UNA,kabkota,2019,17.16,26.36
Sulawesi Tengah,TOJO UNA-UNA,kabkota,2020,16.39,25.43
Sulawesi Tengah,TOJO UNA-UNA,kabkota,2021,16.6,25.86
Sulawesi Tengah,TOJO UNA-UNA,kabkota,2022,16.12,25.33
Sulawesi Tengah,TOJO UNA-UNA,kabkota,2023,16.74,26.51
Sulawesi Tengah,TOJO UNA-UNA,kabkota,2024,16.36,26.12
Sulawesi Tengah,TOJO UNA-UNA,kabkota,2025,14.67,23.59
Sulawesi Tengah,TOLI-TOLI,kabkota,2004,22.29,42.6
Sulawesi Tengah,TOLI-TOLI,kabkota,2005,21.5,44.7
Sulawesi Tengah,TOLI-TOLI,kabkota,2006,24.05,46.4
Sulawesi Tengah,TOLI-TOLI,kabkota,2007,22.18,45.2
Sulawesi Tengah,TOLI-TOLI,kabkota,2008,19.69,40.8
Sulawesi Tengah,TOLI-TOLI,kabkota,2009,17.83,37.4
Sulawesi Tengah,TOLI-TOLI,kabkota,2010,16.16,34.2
Sulawesi Tengah,TOLI-TOLI,kabkota,2011,15.03,32.4
Sulawesi Tengah,TOLI-TOLI,kabkota,2012,14.12,30.9
Sulawesi Tengah,TOLI-TOLI,kabkota,2013,13.86,30.7
Sulawesi Tengah,TOLI-TOLI,kabkota,2014,13.14,29.5
Sulawesi Tengah,TOLI-TOLI,kabkota,2015,13.64,30.7
Sulawesi Tengah,TOLI-TOLI,kabkota,2016,13.47,30.68
Sulawesi Tengah,TOLI-TOLI,kabkota,2017,13.3,30.64
Sulawesi Tengah,TOLI-TOLI,kabkota,2018,13.66,31.8
Sulawesi Tengah,TOLI-TOLI,kabkota,2019,13.09,30.79
Sulawesi Tengah,TOLI-TOLI,kabkota,2020,12.85,30.51
Sulawesi Tengah,TOLI-TOLI,kabkota,2021,13.51,32.19
Sulawesi Tengah,TOLI-TOLI,kabkota,2022,12.74,30.61
Sulawesi Tengah,TOLI-TOLI,kabkota,2023,12.85,31.13
Sulawesi Tengah,TOLI-TOLI,kabkota,2024,12.45,30.39
Sulawesi Tengah,TOLI-TOLI,kabkota,2025,12.2,29.98
Sulawesi Tenggara,BOMBANA,kabkota,2004,,
Sulawesi Tenggara,BOMBANA,kabkota,2005,20.83,23.7
Sulawesi Tenggara,BOMBANA,kabkota,2006,22.6,24.2
Sulawesi Tenggara,BOMBANA,kabkota,2007,20.51,23.6
Sulawesi Tenggara,BOMBANA,kabkota,2008,18.25,21.8
Sulawesi Tenggara,BOMBANA,kabkota,2009,16.63,20.2
Sulawesi Tenggara,BOMBANA,kabkota,2010,15.7,22.0
Sulawesi Tenggara,BOMBANA,kabkota,2011,14.68,20.9
Sulawesi Tenggara,BOMBANA,kabkota,2012,12.81,19.3
Sulawesi Tenggara,BOMBANA,kabkota,2013,14.28,22.3
Sulawesi Tenggara,BOMBANA,kabkota,2014,13.2,21.2
Sulawesi Tenggara,BOMBANA,kabkota,2015,12.55,20.73
Sulawesi Tenggara,BOMBANA,kabkota,2016,13.06,22.04
Sulawesi Tenggara,BOMBANA,kabkota,2017,12.36,21.52
Sulawesi Tenggara,BOMBANA,kabkota,2018,11.05,19.77
Sulawesi Tenggara,BOMBANA,kabkota,2019,10.56,19.37
Sulawesi Tenggara,BOMBANA,kabkota,2020,10.01,18.84
Sulawesi Tenggara,BOMBANA,kabkota,2021,10.76,19.73
Sulawesi Tenggara,BOMBANA,kabkota,2022,10.26,19.21
Sulawesi Tenggara,BOMBANA,kabkota,2023,10.73,20.52
Sulawesi Tenggara,BOMBANA,kabkota,2024,10.54,20.56
Sulawesi Tenggara,BOMBANA,kabkota,2025,10.14,20.15
Sulawesi Tenggara,BUTON,kabkota,2004,22.43,102.3
Sulawesi Tenggara,BUTON,kabkota,2005,23.22,67.2
Sulawesi Tenggara,BUTON,kabkota,2006,25.2,68.1
Sulawesi Tenggara,BUTON,kabkota,2007,22.94,67.7
Sulawesi Tenggara,BUTON,kabkota,2008,22.93,69.7
Sulawesi Tenggara,BUTON,kabkota,2009,20.16,62.6
Sulawesi Tenggara,BUTON,kabkota,2010,17.95,45.9
Sulawesi Tenggara,BUTON,kabkota,2011,16.64,43.7
Sulawesi Tenggara,BUTON,kabkota,2012,15.46,40.1
Sulawesi Tenggara,BUTON,kabkota,2013,15.25,39.7
Sulawesi Tenggara,BUTON,kabkota,2014,14.31,37.6
Sulawesi Tenggara,BUTON,kabkota,2015,13.75,36.6
Sulawesi Tenggara,BUTON,kabkota,2016,13.22,13.03
Sulawesi Tenggara,BUTON,kabkota,2017,13.46,13.41
Sulawesi Tenggara,BUTON,kabkota,2018,13.67,13.78
Sulawesi Tenggara,BUTON,kabkota,2019,13.65,13.97
Sulawesi Tenggara,BUTON,kabkota,2020,13.21,13.68
Sulawesi Tenggara,BUTON,kabkota,2021,13.92,14.25
Sulawesi Tenggara,BUTON,kabkota,2022,13.27,13.61
Sulawesi Tenggara,BUTON,kabkota,2023,13.77,14.15
Sulawesi Tenggara,BUTON,kabkota,2024,13.99,14.41
Sulawesi Tenggara,BUTON,kabkota,2025,13.46,13.89
Sulawesi Tenggara,BUTON SELATAN,kabkota,2004,,
Sulawesi Tenggara,BUTON SELATAN,kabkota,2005,,
Sulawesi Tenggara,BUTON SELATAN,kabkota,2006,,
Sulawesi Tenggara,BUTON SELATAN,kabkota,2007,,
Sulawesi Tenggara,BUTON SELATAN,kabkota,2008,,
Sulawesi Tenggara,BUTON SELATAN,kabkota,2009,,
Sulawesi Tenggara,BUTON SELATAN,kabkota,2010,,
Sulawesi Tenggara,BUTON SELATAN,kabkota,2011,,
Sulawesi Tenggara,BUTON SELATAN,kabkota,2012,,
Sulawesi Tenggara,BUTON SELATAN,kabkota,2013,,
Sulawesi Tenggara,BUTON SELATAN,kabkota,2014,,
Sulawesi Tenggara,BUTON SELATAN,kabkota,2015,,
Sulawesi Tenggara,BUTON SELATAN,kabkota,2016,13.74,10.75
Sulawesi Tenggara,BUTON SELATAN,kabkota,2017,15.99,12.66
Sulawesi Tenggara,BUTON SELATAN,kabkota,2018,14.82,11.86
Sulawesi Tenggara,BUTON SELATAN,kabkota,2019,14.66,11.81
Sulawesi Tenggara,BUTON SELATAN,kabkota,2020,14.11,11.5
Sulawesi Tenggara,BUTON SELATAN,kabkota,2021,14.62,11.71
Sulawesi Tenggara,BUTON SELATAN,kabkota,2022,14.41,11.57
Sulawesi Tenggara,BUTON SELATAN,kabkota,2023,14.76,11.88
Sulawesi Tenggara,BUTON SELATAN,kabkota,2024,14.28,11.5
Sulawesi Tenggara,BUTON SELATAN,kabkota,2025,13.64,11.0
Sulawesi Tenggara,BUTON TENGAH,kabkota,2004,,
Sulawesi Tenggara,BUTON TENGAH,kabkota,2005,,
Sulawesi Tenggara,BUTON TENGAH,kabkota,2006,,
Sulawesi Tenggara,BUTON TENGAH,kabkota,2007,,
Sulawesi Tenggara,BUTON TENGAH,kabkota,2008,,
Sulawesi Tenggara,BUTON TENGAH,kabkota,2009,,
Sulawesi Tenggara,BUTON TENGAH,kabkota,2010,,
Sulawesi Tenggara,BUTON TENGAH,kabkota,2011,,
Sulawesi Tenggara,BUTON TENGAH,kabkota,2012,,
Sulawesi Tenggara,BUTON TENGAH,kabkota,2013,,
Sulawesi Tenggara,BUTON TENGAH,kabkota,2014,,
Sulawesi Tenggara,BUTON TENGAH,kabkota,2015,,
Sulawesi Tenggara,BUTON TENGAH,kabkota,2016,13.69,12.33
Sulawesi Tenggara,BUTON TENGAH,kabkota,2017,18.35,16.73
Sulawesi Tenggara,BUTON TENGAH,kabkota,2018,14.88,13.72
Sulawesi Tenggara,BUTON TENGAH,kabkota,2019,15.77,14.64
Sulawesi Tenggara,BUTON TENGAH,kabkota,2020,15.32,14.4
Sulawesi Tenggara,BUTON TENGAH,kabkota,2021,15.8,14.73
Sulawesi Tenggara,BUTON TENGAH,kabkota,2022,14.9,13.92
Sulawesi Tenggara,BUTON TENGAH,kabkota,2023,15.43,14.46
Sulawesi Tenggara,BUTON TENGAH,kabkota,2024,14.4,13.52
Sulawesi Tenggara,BUTON TENGAH,kabkota,2025,13.4,12.61
Sulawesi Tenggara,BUTON UTARA,kabkota,2004,,
Sulawesi Tenggara,BUTON UTARA,kabkota,2005,,
Sulawesi Tenggara,BUTON UTARA,kabkota,2006,,
Sulawesi Tenggara,BUTON UTARA,kabkota,2007,25.09,13.2
Sulawesi Tenggara,BUTON UTARA,kabkota,2008,22.86,12.1
Sulawesi Tenggara,BUTON UTARA,kabkota,2009,20.58,11.0
Sulawesi Tenggara,BUTON UTARA,kabkota,2010,18.78,10.3
Sulawesi Tenggara,BUTON UTARA,kabkota,2011,17.34,9.8
Sulawesi Tenggara,BUTON UTARA,kabkota,2012,15.74,9.0
Sulawesi Tenggara,BUTON UTARA,kabkota,2013,17.53,10.2
Sulawesi Tenggara,BUTON UTARA,kabkota,2014,16.35,9.7
Sulawesi Tenggara,BUTON UTARA,kabkota,2015,15.86,9.48
Sulawesi Tenggara,BUTON UTARA,kabkota,2016,15.78,9.6
Sulawesi Tenggara,BUTON UTARA,kabkota,2017,15.58,9.63
Sulawesi Tenggara,BUTON UTARA,kabkota,2018,14.93,9.38
Sulawesi Tenggara,BUTON UTARA,kabkota,2019,14.38,9.18
Sulawesi Tenggara,BUTON UTARA,kabkota,2020,14.1,9.13
Sulawesi Tenggara,BUTON UTARA,kabkota,2021,14.89,9.45
Sulawesi Tenggara,BUTON UTARA,kabkota,2022,14.26,9.13
Sulawesi Tenggara,BUTON UTARA,kabkota,2023,14.06,9.09
Sulawesi Tenggara,BUTON UTARA,kabkota,2024,14.09,9.18
Sulawesi Tenggara,BUTON UTARA,kabkota,2025,13.22,8.69
Sulawesi Tenggara,KOLAKA,kabkota,2004,25.08,88.5
Sulawesi Tenggara,KOLAKA,kabkota,2005,25.72,72.8
Sulawesi Tenggara,KOLAKA,kabkota,2006,27.82,75.8
Sulawesi Tenggara,KOLAKA,kabkota,2007,25.35,75.6
Sulawesi Tenggara,KOLAKA,kabkota,2008,22.46,68.7
Sulawesi Tenggara,KOLAKA,kabkota,2009,20.46,64.1
Sulawesi Tenggara,KOLAKA,kabkota,2010,18.9,59.8
Sulawesi Tenggara,KOLAKA,kabkota,2011,17.62,56.9
Sulawesi Tenggara,KOLAKA,kabkota,2012,15.55,52.6
Sulawesi Tenggara,KOLAKA,kabkota,2013,16.2,56.3
Sulawesi Tenggara,KOLAKA,kabkota,2014,14.99,53.6
Sulawesi Tenggara,KOLAKA,kabkota,2015,14.68,27.21
Sulawesi Tenggara,KOLAKA,kabkota,2016,15.05,28.56
Sulawesi Tenggara,KOLAKA,kabkota,2017,13.78,26.64
Sulawesi Tenggara,KOLAKA,kabkota,2018,12.51,24.74
Sulawesi Tenggara,KOLAKA,kabkota,2019,11.92,24.0
Sulawesi Tenggara,KOLAKA,kabkota,2020,11.63,23.76
Sulawesi Tenggara,KOLAKA,kabkota,2021,12.43,33.45
Sulawesi Tenggara,KOLAKA,kabkota,2022,11.51,31.56
Sulawesi Tenggara,KOLAKA,kabkota,2023,11.8,32.96
Sulawesi Tenggara,KOLAKA,kabkota,2024,11.67,33.2
Sulawesi Tenggara,KOLAKA,kabkota,2025,10.19,29.45
Sulawesi Tenggara,KOLAKA TIMUR,kabkota,2004,,
Sulawesi Tenggara,KOLAKA TIMUR,kabkota,2005,,
Sulawesi Tenggara,KOLAKA TIMUR,kabkota,2006,,
Sulawesi Tenggara,KOLAKA TIMUR,kabkota,2007,,
Sulawesi Tenggara,KOLAKA TIMUR,kabkota,2008,,
Sulawesi Tenggara,KOLAKA TIMUR,kabkota,2009,,
Sulawesi Tenggara,KOLAKA TIMUR,kabkota,2010,,
Sulawesi Tenggara,KOLAKA TIMUR,kabkota,2011,,
Sulawesi Tenggara,KOLAKA TIMUR,kabkota,2012,,
Sulawesi Tenggara,KOLAKA TIMUR,kabkota,2013,,
Sulawesi Tenggara,KOLAKA TIMUR,kabkota,2014,,
Sulawesi Tenggara,KOLAKA TIMUR,kabkota,2015,15.57,28.22
Sulawesi Tenggara,KOLAKA TIMUR,kabkota,2016,15.71,28.52
Sulawesi Tenggara,KOLAKA TIMUR,kabkota,2017,15.64,28.86
Sulawesi Tenggara,KOLAKA TIMUR,kabkota,2018,13.82,25.97
Sulawesi Tenggara,KOLAKA TIMUR,kabkota,2019,13.71,26.29
Sulawesi Tenggara,KOLAKA TIMUR,kabkota,2020,13.47,26.38
Sulawesi Tenggara,KOLAKA TIMUR,kabkota,2021,14.35,20.03
Sulawesi Tenggara,KOLAKA TIMUR,kabkota,2022,13.57,19.33
Sulawesi Tenggara,KOLAKA TIMUR,kabkota,2023,14.04,20.41
Sulawesi Tenggara,KOLAKA TIMUR,kabkota,2024,13.71,20.33
Sulawesi Tenggara,KOLAKA TIMUR,kabkota,2025,12.57,18.99
Sulawesi Tenggara,KOLAKA UTARA,kabkota,2004,,
Sulawesi Tenggara,KOLAKA UTARA,kabkota,2005,26.17,27.1
Sulawesi Tenggara,KOLAKA UTARA,kabkota,2006,28.09,26.7
Sulawesi Tenggara,KOLAKA UTARA,kabkota,2007,26.29,26.8
Sulawesi Tenggara,KOLAKA UTARA,kabkota,2008,24.08,29.3
Sulawesi Tenggara,KOLAKA UTARA,kabkota,2009,21.88,28.4
Sulawesi Tenggara,KOLAKA UTARA,kabkota,2010,20.04,24.5
Sulawesi Tenggara,KOLAKA UTARA,kabkota,2011,18.76,23.3
Sulawesi Tenggara,KOLAKA UTARA,kabkota,2012,16.39,21.4
Sulawesi Tenggara,KOLAKA UTARA,kabkota,2013,17.41,23.3
Sulawesi Tenggara,KOLAKA UTARA,kabkota,2014,16.1,22.2
Sulawesi Tenggara,KOLAKA UTARA,kabkota,2015,16.53,23.07
Sulawesi Tenggara,KOLAKA UTARA,kabkota,2016,17.11,24.32
Sulawesi Tenggara,KOLAKA UTARA,kabkota,2017,16.24,23.42
Sulawesi Tenggara,KOLAKA UTARA,kabkota,2018,14.3,21.03
Sulawesi Tenggara,KOLAKA UTARA,kabkota,2019,13.19,19.8
Sulawesi Tenggara,KOLAKA UTARA,kabkota,2020,12.96,19.83
Sulawesi Tenggara,KOLAKA UTARA,kabkota,2021,13.79,21.36
Sulawesi Tenggara,KOLAKA UTARA,kabkota,2022,13.08,20.63
Sulawesi Tenggara,KOLAKA UTARA,kabkota,2023,13.57,21.79
Sulawesi Tenggara,KOLAKA UTARA,kabkota,2024,13.51,22.07
Sulawesi Tenggara,KOLAKA UTARA,kabkota,2025,12.94,21.47
Sulawesi Tenggara,KONAWE,kabkota,2004,26.06,65.4
Sulawesi Tenggara,KONAWE,kabkota,2005,23.56,64.5
Sulawesi Tenggara,KONAWE,kabkota,2006,25.59,67.8
Sulawesi Tenggara,KONAWE,kabkota,2007,24.63,61.1
Sulawesi Tenggara,KONAWE,kabkota,2008,22.4,55.7
Sulawesi Tenggara,KONAWE,kabkota,2009,19.97,50.8
Sulawesi Tenggara,KONAWE,kabkota,2010,17.45,42.3
Sulawesi Tenggara,KONAWE,kabkota,2011,16.24,40.2
Sulawesi Tenggara,KONAWE,kabkota,2012,14.62,37.0
Sulawesi Tenggara,KONAWE,kabkota,2013,16.58,42.7
Sulawesi Tenggara,KONAWE,kabkota,2014,15.47,40.5
Sulawesi Tenggara,KONAWE,kabkota,2015,16.09,37.41
Sulawesi Tenggara,KONAWE,kabkota,2016,16.09,38.14
Sulawesi Tenggara,KONAWE,kabkota,2017,15.65,37.99
Sulawesi Tenggara,KONAWE,kabkota,2018,13.48,33.4
Sulawesi Tenggara,KONAWE,kabkota,2019,12.34,31.25
Sulawesi Tenggara,KONAWE,kabkota,2020,12.2,31.63
Sulawesi Tenggara,KONAWE,kabkota,2021,13.03,32.46
Sulawesi Tenggara,KONAWE,kabkota,2022,12.75,32.09
Sulawesi Tenggara,KONAWE,kabkota,2023,13.02,33.09
Sulawesi Tenggara,KONAWE,kabkota,2024,13.25,33.99
Sulawesi Tenggara,KONAWE,kabkota,2025,12.78,33.04
Sulawesi Tenggara,KONAWE KEPULAUAN,kabkota,2004,,
Sulawesi Tenggara,KONAWE KEPULAUAN,kabkota,2005,,
Sulawesi Tenggara,KONAWE KEPULAUAN,kabkota,2006,,
Sulawesi Tenggara,KONAWE KEPULAUAN,kabkota,2007,,
Sulawesi Tenggara,KONAWE KEPULAUAN,kabkota,2008,,
Sulawesi Tenggara,KONAWE KEPULAUAN,kabkota,2009,,
Sulawesi Tenggara,KONAWE KEPULAUAN,kabkota,2010,,
Sulawesi Tenggara,KONAWE KEPULAUAN,kabkota,2011,,
Sulawesi Tenggara,KONAWE KEPULAUAN,kabkota,2012,,
Sulawesi Tenggara,KONAWE KEPULAUAN,kabkota,2013,,
Sulawesi Tenggara,KONAWE KEPULAUAN,kabkota,2014,,
Sulawesi Tenggara,KONAWE KEPULAUAN,kabkota,2015,16.73,5.27
Sulawesi Tenggara,KONAWE KEPULAUAN,kabkota,2016,17.72,5.7
Sulawesi Tenggara,KONAWE KEPULAUAN,kabkota,2017,18.1,5.97
Sulawesi Tenggara,KONAWE KEPULAUAN,kabkota,2018,17.48,5.87
Sulawesi Tenggara,KONAWE KEPULAUAN,kabkota,2019,17.18,5.86
Sulawesi Tenggara,KONAWE KEPULAUAN,kabkota,2020,17.01,5.88
Sulawesi Tenggara,KONAWE KEPULAUAN,kabkota,2021,17.81,5.98
Sulawesi Tenggara,KONAWE KEPULAUAN,kabkota,2022,16.15,5.47
Sulawesi Tenggara,KONAWE KEPULAUAN,kabkota,2023,15.9,5.44
Sulawesi Tenggara,KONAWE KEPULAUAN,kabkota,2024,15.54,5.36
Sulawesi Tenggara,KONAWE KEPULAUAN,kabkota,2025,14.42,5.01
Sulawesi Tenggara,KONAWE SELATAN,kabkota,2004,21.37,47.5
Sulawesi Tenggara,KONAWE SELATAN,kabkota,2005,18.94,46.0
Sulawesi Tenggara,KONAWE SELATAN,kabkota,2006,20.51,48.2
Sulawesi Tenggara,KONAWE SELATAN,kabkota,2007,18.31,47.1
Sulawesi Tenggara,KONAWE SELATAN,kabkota,2008,16.74,43.7
Sulawesi Tenggara,KONAWE SELATAN,kabkota,2009,15.17,40.4
Sulawesi Tenggara,KONAWE SELATAN,kabkota,2010,13.49,35.8
Sulawesi Tenggara,KONAWE SELATAN,kabkota,2011,12.57,34.1
Sulawesi Tenggara,KONAWE SELATAN,kabkota,2012,11.22,31.5
Sulawesi Tenggara,KONAWE SELATAN,kabkota,2013,12.45,35.7
Sulawesi Tenggara,KONAWE SELATAN,kabkota,2014,11.6,33.8
Sulawesi Tenggara,KONAWE SELATAN,kabkota,2015,11.58,34.05
Sulawesi Tenggara,KONAWE SELATAN,kabkota,2016,11.36,33.94
Sulawesi Tenggara,KONAWE SELATAN,kabkota,2017,11.14,33.73
Sulawesi Tenggara,KONAWE SELATAN,kabkota,2018,10.95,33.73
Sulawesi Tenggara,KONAWE SELATAN,kabkota,2019,10.81,33.89
Sulawesi Tenggara,KONAWE SELATAN,kabkota,2020,10.74,34.22
Sulawesi Tenggara,KONAWE SELATAN,kabkota,2021,11.34,36.17
Sulawesi Tenggara,KONAWE SELATAN,kabkota,2022,11.08,35.79
Sulawesi Tenggara,KONAWE SELATAN,kabkota,2023,11.26,36.84
Sulawesi Tenggara,KONAWE SELATAN,kabkota,2024,11.2,37.09
Sulawesi Tenggara,KONAWE SELATAN,kabkota,2025,11.18,37.4
Sulawesi Tenggara,KONAWE UTARA,kabkota,2004,,
Sulawesi Tenggara,KONAWE UTARA,kabkota,2005,,
Sulawesi Tenggara,KONAWE UTARA,kabkota,2006,,
Sulawesi Tenggara,KONAWE UTARA,kabkota,2007,18.15,7.5
Sulawesi Tenggara,KONAWE UTARA,kabkota,2008,16.5,8.2
Sulawesi Tenggara,KONAWE UTARA,kabkota,2009,15.19,7.7
Sulawesi Tenggara,KONAWE UTARA,kabkota,2010,13.69,7.1
Sulawesi Tenggara,KONAWE UTARA,kabkota,2011,12.8,6.8
Sulawesi Tenggara,KONAWE UTARA,kabkota,2012,11.78,6.4
Sulawesi Tenggara,KONAWE UTARA,kabkota,2013,10.62,6.0
Sulawesi Tenggara,KONAWE UTARA,kabkota,2014,10.15,5.8
Sulawesi Tenggara,KONAWE UTARA,kabkota,2015,9.97,5.8
Sulawesi Tenggara,KONAWE UTARA,kabkota,2016,9.75,5.79
Sulawesi Tenggara,KONAWE UTARA,kabkota,2017,13.93,8.44
Sulawesi Tenggara,KONAWE UTARA,kabkota,2018,14.22,8.82
Sulawesi Tenggara,KONAWE UTARA,kabkota,2019,13.66,8.67
Sulawesi Tenggara,KONAWE UTARA,kabkota,2020,13.53,8.78
Sulawesi Tenggara,KONAWE UTARA,kabkota,2021,14.32,9.26
Sulawesi Tenggara,KONAWE UTARA,kabkota,2022,13.72,9.02
Sulawesi Tenggara,KONAWE UTARA,kabkota,2023,13.48,9.01
Sulawesi Tenggara,KONAWE UTARA,kabkota,2024,13.17,8.94
Sulawesi Tenggara,KONAWE UTARA,kabkota,2025,11.89,8.19
Sulawesi Tenggara,KOTA BAUBAU,kabkota,2004,18.8,22.1
Sulawesi Tenggara,KOTA BAUBAU,kabkota,2005,16.36,21.3
Sulawesi Tenggara,KOTA BAUBAU,kabkota,2006,18.9,23.1
Sulawesi Tenggara,KOTA BAUBAU,kabkota,2007,17.08,22.6
Sulawesi Tenggara,KOTA BAUBAU,kabkota,2008,14.13,19.6
Sulawesi Tenggara,KOTA BAUBAU,kabkota,2009,12.72,18.2
Sulawesi Tenggara,KOTA BAUBAU,kabkota,2010,12.06,16.6
Sulawesi Tenggara,KOTA BAUBAU,kabkota,2011,11.24,15.8
Sulawesi Tenggara,KOTA BAUBAU,kabkota,2012,10.02,14.6
Sulawesi Tenggara,KOTA BAUBAU,kabkota,2013,10.11,15.1
Sulawesi Tenggara,KOTA BAUBAU,kabkota,2014,9.25,14.1
Sulawesi Tenggara,KOTA BAUBAU,kabkota,2015,9.24,14.27
Sulawesi Tenggara,KOTA BAUBAU,kabkota,2016,8.81,13.87
Sulawesi Tenggara,KOTA BAUBAU,kabkota,2017,8.39,13.55
Sulawesi Tenggara,KOTA BAUBAU,kabkota,2018,7.57,12.59
Sulawesi Tenggara,KOTA BAUBAU,kabkota,2019,7.27,12.42
Sulawesi Tenggara,KOTA BAUBAU,kabkota,2020,7.15,12.53
Sulawesi Tenggara,KOTA BAUBAU,kabkota,2021,7.78,13.3
Sulawesi Tenggara,KOTA BAUBAU,kabkota,2022,7.31,12.69
Sulawesi Tenggara,KOTA BAUBAU,kabkota,2023,7.53,13.29
Sulawesi Tenggara,KOTA BAUBAU,kabkota,2024,7.4,13.25
Sulawesi Tenggara,KOTA BAUBAU,kabkota,2025,6.83,12.41
Sulawesi Tenggara,KOTA KENDARI,kabkota,2004,8.84,19.5
Sulawesi Tenggara,KOTA KENDARI,kabkota,2005,10.65,25.9
Sulawesi Tenggara,KOTA KENDARI,kabkota,2006,12.51,30.5
Sulawesi Tenggara,KOTA KENDARI,kabkota,2007,10.15,27.5
Sulawesi Tenggara,KOTA KENDARI,kabkota,2008,8.53,23.6
Sulawesi Tenggara,KOTA KENDARI,kabkota,2009,7.88,22.4
Sulawesi Tenggara,KOTA KENDARI,kabkota,2010,8.02,23.3
Sulawesi Tenggara,KOTA KENDARI,kabkota,2011,7.46,22.2
Sulawesi Tenggara,KOTA KENDARI,kabkota,2012,6.39,20.2
Sulawesi Tenggara,KOTA KENDARI,kabkota,2013,6.07,19.9
Sulawesi Tenggara,KOTA KENDARI,kabkota,2014,5.56,18.8
Sulawesi Tenggara,KOTA KENDARI,kabkota,2015,5.59,19.25
Sulawesi Tenggara,KOTA KENDARI,kabkota,2016,5.51,19.58
Sulawesi Tenggara,KOTA KENDARI,kabkota,2017,5.01,18.44
Sulawesi Tenggara,KOTA KENDARI,kabkota,2018,4.69,17.76
Sulawesi Tenggara,KOTA KENDARI,kabkota,2019,4.44,17.3
Sulawesi Tenggara,KOTA KENDARI,kabkota,2020,4.34,17.46
Sulawesi Tenggara,KOTA KENDARI,kabkota,2021,4.87,19.46
Sulawesi Tenggara,KOTA KENDARI,kabkota,2022,4.57,18.72
Sulawesi Tenggara,KOTA KENDARI,kabkota,2023,4.59,19.24
Sulawesi Tenggara,KOTA KENDARI,kabkota,2024,4.23,18.2
Sulawesi Tenggara,KOTA KENDARI,kabkota,2025,4.18,18.38
Sulawesi Tenggara,MUNA,kabkota,2004,25.19,73.0
Sulawesi Tenggara,MUNA,kabkota,2005,24.77,78.7
Sulawesi Tenggara,MUNA,kabkota,2006,26.95,78.0
Sulawesi Tenggara,MUNA,kabkota,2007,25.35,66.7
Sulawesi Tenggara,MUNA,kabkota,2008,22.42,59.9
Sulawesi Tenggara,MUNA,kabkota,2009,20.02,54.2
Sulawesi Tenggara,MUNA,kabkota,2010,17.35,46.6
Sulawesi Tenggara,MUNA,kabkota,2011,16.14,44.3
Sulawesi Tenggara,MUNA,kabkota,2012,14.64,40.7
Sulawesi Tenggara,MUNA,kabkota,2013,15.32,43.3
Sulawesi Tenggara,MUNA,kabkota,2014,14.46,41.3
Sulawesi Tenggara,MUNA,kabkota,2015,15.45,44.43
Sulawesi Tenggara,MUNA,kabkota,2016,15.22,32.65
Sulawesi Tenggara,MUNA,kabkota,2017,14.85,32.35
Sulawesi Tenggara,MUNA,kabkota,2018,13.19,29.12
Sulawesi Tenggara,MUNA,kabkota,2019,12.85,28.47
Sulawesi Tenggara,MUNA,kabkota,2020,12.83,28.73
Sulawesi Tenggara,MUNA,kabkota,2021,13.54,30.54
Sulawesi Tenggara,MUNA,kabkota,2022,13.41,30.48
Sulawesi Tenggara,MUNA,kabkota,2023,14.07,32.24
Sulawesi Tenggara,MUNA,kabkota,2024,13.78,31.82
Sulawesi Tenggara,MUNA,kabkota,2025,12.4,28.81
Sulawesi Tenggara,MUNA BARAT,kabkota,2004,,
Sulawesi Tenggara,MUNA BARAT,kabkota,2005,,
Sulawesi Tenggara,MUNA BARAT,kabkota,2006,,
Sulawesi Tenggara,MUNA BARAT,kabkota,2007,,
Sulawesi Tenggara,MUNA BARAT,kabkota,2008,,
Sulawesi Tenggara,MUNA BARAT,kabkota,2009,,
Sulawesi Tenggara,MUNA BARAT,kabkota,2010,,
Sulawesi Tenggara,MUNA BARAT,kabkota,2011,,
Sulawesi Tenggara,MUNA BARAT,kabkota,2012,,
Sulawesi Tenggara,MUNA BARAT,kabkota,2013,,
Sulawesi Tenggara,MUNA BARAT,kabkota,2014,,
Sulawesi Tenggara,MUNA BARAT,kabkota,2015,,
Sulawesi Tenggara,MUNA BARAT,kabkota,2016,15.77,12.32
Sulawesi Tenggara,MUNA BARAT,kabkota,2017,16.24,12.89
Sulawesi Tenggara,MUNA BARAT,kabkota,2018,14.17,11.39
Sulawesi Tenggara,MUNA BARAT,kabkota,2019,13.84,11.52
Sulawesi Tenggara,MUNA BARAT,kabkota,2020,13.3,11.32
Sulawesi Tenggara,MUNA BARAT,kabkota,2021,13.96,11.55
Sulawesi Tenggara,MUNA BARAT,kabkota,2022,13.85,11.56
Sulawesi Tenggara,MUNA BARAT,kabkota,2023,14.03,11.81
Sulawesi Tenggara,MUNA BARAT,kabkota,2024,13.38,11.36
Sulawesi Tenggara,MUNA BARAT,kabkota,2025,12.83,10.97
Sulawesi Tenggara,Sulawesi Tenggara,provinsi,2004,21.89,418.4
Sulawesi Tenggara,Sulawesi Tenggara,provinsi,2005,21.45,450.5
Sulawesi Tenggara,Sulawesi Tenggara,provinsi,2006,23.37,466.8
Sulawesi Tenggara,Sulawesi Tenggara,provinsi,2007,21.33,465.4
Sulawesi Tenggara,Sulawesi Tenggara,provinsi,2008,19.38,437.1
Sulawesi Tenggara,Sulawesi Tenggara,provinsi,2009,17.44,403.1
Sulawesi Tenggara,Sulawesi Tenggara,provinsi,2010,15.69,351.3
Sulawesi Tenggara,Sulawesi Tenggara,provinsi,2011,14.61,334.3
Sulawesi Tenggara,Sulawesi Tenggara,provinsi,2012,13.05,307.9
Sulawesi Tenggara,Sulawesi Tenggara,provinsi,2013,13.73,330.8
Sulawesi Tenggara,Sulawesi Tenggara,provinsi,2014,12.77,314.1
Sulawesi Tenggara,Sulawesi Tenggara,provinsi,2015,12.9,321.88
Sulawesi Tenggara,Sulawesi Tenggara,provinsi,2016,12.88,326.87
Sulawesi Tenggara,Sulawesi Tenggara,provinsi,2017,12.81,331.71
Sulawesi Tenggara,Sulawesi Tenggara,provinsi,2018,11.63,307.1
Sulawesi Tenggara,Sulawesi Tenggara,provinsi,2019,11.24,302.58
Sulawesi Tenggara,Sulawesi Tenggara,provinsi,2020,11.0,301.82
Sulawesi Tenggara,Sulawesi Tenggara,provinsi,2021,11.66,318.7
Sulawesi Tenggara,Sulawesi Tenggara,provinsi,2022,11.17,309.79
Sulawesi Tenggara,Sulawesi Tenggara,provinsi,2023,11.43,321.53
Sulawesi Tenggara,Sulawesi Tenggara,provinsi,2024,11.21,319.71
Sulawesi Tenggara,Sulawesi Tenggara,provinsi,2025,10.54,304.43
Sulawesi Tenggara,WAKATOBI,kabkota,2004,,
Sulawesi Tenggara,WAKATOBI,kabkota,2005,22.72,23.3
Sulawesi Tenggara,WAKATOBI,kabkota,2006,24.99,24.5
Sulawesi Tenggara,WAKATOBI,kabkota,2007,24.51,26.0
Sulawesi Tenggara,WAKATOBI,kabkota,2008,22.53,24.9
Sulawesi Tenggara,WAKATOBI,kabkota,2009,20.42,23.0
Sulawesi Tenggara,WAKATOBI,kabkota,2010,18.49,17.2
Sulawesi Tenggara,WAKATOBI,kabkota,2011,17.1,16.4
Sulawesi Tenggara,WAKATOBI,kabkota,2012,15.99,15.1
Sulawesi Tenggara,WAKATOBI,kabkota,2013,17.4,16.5
Sulawesi Tenggara,WAKATOBI,kabkota,2014,16.27,15.4
Sulawesi Tenggara,WAKATOBI,kabkota,2015,16.88,16.1
Sulawesi Tenggara,WAKATOBI,kabkota,2016,16.46,15.73
Sulawesi Tenggara,WAKATOBI,kabkota,2017,16.19,15.48
Sulawesi Tenggara,WAKATOBI,kabkota,2018,14.85,14.2
Sulawesi Tenggara,WAKATOBI,kabkota,2019,14.75,14.14
Sulawesi Tenggara,WAKATOBI,kabkota,2020,14.31,13.75
Sulawesi Tenggara,WAKATOBI,kabkota,2021,14.91,15.3
Sulawesi Tenggara,WAKATOBI,kabkota,2022,14.55,15.01
Sulawesi Tenggara,WAKATOBI,kabkota,2023,14.81,15.34
Sulawesi Tenggara,WAKATOBI,kabkota,2024,14.36,14.93
Sulawesi Tenggara,WAKATOBI,kabkota,2025,13.4,13.98
Sulawesi Utara,BOLAANG MONGONDOW,kabkota,2004,9.79,45.4
Sulawesi Utara,BOLAANG MONGONDOW,kabkota,2005,11.39,52.9
Sulawesi Utara,BOLAANG MONGONDOW,kabkota,2006,13.42,65.1
Sulawesi Utara,BOLAANG MONGONDOW,kabkota,2007,13.2,39.6
Sulawesi Utara,BOLAANG MONGONDOW,kabkota,2008,10.64,32.5
Sulawesi Utara,BOLAANG MONGONDOW,kabkota,2009,10.16,31.6
Sulawesi Utara,BOLAANG MONGONDOW,kabkota,2010,9.7,20.8
Sulawesi Utara,BOLAANG MONGONDOW,kabkota,2011,8.6,18.6
Sulawesi Utara,BOLAANG MONGONDOW,kabkota,2012,7.68,17.1
Sulawesi Utara,BOLAANG MONGONDOW,kabkota,2013,8.91,20.2
Sulawesi Utara,BOLAANG MONGONDOW,kabkota,2014,8.59,19.8
Sulawesi Utara,BOLAANG MONGONDOW,kabkota,2015,8.63,20.04
Sulawesi Utara,BOLAANG MONGONDOW,kabkota,2016,8.34,19.55
Sulawesi Utara,BOLAANG MONGONDOW,kabkota,2017,8.02,19.05
Sulawesi Utara,BOLAANG MONGONDOW,kabkota,2018,7.67,18.49
Sulawesi Utara,BOLAANG MONGONDOW,kabkota,2019,7.47,18.3
Sulawesi Utara,BOLAANG MONGONDOW,kabkota,2020,7.27,18.07
Sulawesi Utara,BOLAANG MONGONDOW,kabkota,2021,7.58,19.08
Sulawesi Utara,BOLAANG MONGONDOW,kabkota,2022,7.04,17.96
Sulawesi Utara,BOLAANG MONGONDOW,kabkota,2023,7.37,19.02
Sulawesi Utara,BOLAANG MONGONDOW,kabkota,2024,7.74,20.19
Sulawesi Utara,BOLAANG MONGONDOW,kabkota,2025,6.98,18.4
Sulawesi Utara,BOLAANG MONGONDOW SELATAN,kabkota,2004,,
Sulawesi Utara,BOLAANG MONGONDOW SELATAN,kabkota,2005,,
Sulawesi Utara,BOLAANG MONGONDOW SELATAN,kabkota,2006,,
Sulawesi Utara,BOLAANG MONGONDOW SELATAN,kabkota,2007,,
Sulawesi Utara,BOLAANG MONGONDOW SELATAN,kabkota,2008,,
Sulawesi Utara,BOLAANG MONGONDOW SELATAN,kabkota,2009,,
Sulawesi Utara,BOLAANG MONGONDOW SELATAN,kabkota,2010,18.81,10.7
Sulawesi Utara,BOLAANG MONGONDOW SELATAN,kabkota,2011,16.57,9.6
Sulawesi Utara,BOLAANG MONGONDOW SELATAN,kabkota,2012,15.07,9.0
Sulawesi Utara,BOLAANG MONGONDOW SELATAN,kabkota,2013,15.28,9.2
Sulawesi Utara,BOLAANG MONGONDOW SELATAN,kabkota,2014,15.0,9.2
Sulawesi Utara,BOLAANG MONGONDOW SELATAN,kabkota,2015,15.17,9.4
Sulawesi Utara,BOLAANG MONGONDOW SELATAN,kabkota,2016,14.85,9.35
Sulawesi Utara,BOLAANG MONGONDOW SELATAN,kabkota,2017,14.16,9.05
Sulawesi Utara,BOLAANG MONGONDOW SELATAN,kabkota,2018,13.6,8.82
Sulawesi Utara,BOLAANG MONGONDOW SELATAN,kabkota,2019,13.27,8.74
Sulawesi Utara,BOLAANG MONGONDOW SELATAN,kabkota,2020,12.77,8.53
Sulawesi Utara,BOLAANG MONGONDOW SELATAN,kabkota,2021,12.85,8.63
Sulawesi Utara,BOLAANG MONGONDOW SELATAN,kabkota,2022,11.92,8.1
Sulawesi Utara,BOLAANG MONGONDOW SELATAN,kabkota,2023,12.04,8.28
Sulawesi Utara,BOLAANG MONGONDOW SELATAN,kabkota,2024,11.33,7.88
Sulawesi Utara,BOLAANG MONGONDOW SELATAN,kabkota,2025,10.52,7.39
Sulawesi Utara,BOLAANG MONGONDOW TIMUR,kabkota,2004,,
Sulawesi Utara,BOLAANG MONGONDOW TIMUR,kabkota,2005,,
Sulawesi Utara,BOLAANG MONGONDOW TIMUR,kabkota,2006,,
Sulawesi Utara,BOLAANG MONGONDOW TIMUR,kabkota,2007,,
Sulawesi Utara,BOLAANG MONGONDOW TIMUR,kabkota,2008,,
Sulawesi Utara,BOLAANG MONGONDOW TIMUR,kabkota,2009,,
Sulawesi Utara,BOLAANG MONGONDOW TIMUR,kabkota,2010,7.81,5.0
Sulawesi Utara,BOLAANG MONGONDOW TIMUR,kabkota,2011,6.93,4.5
Sulawesi Utara,BOLAANG MONGONDOW TIMUR,kabkota,2012,6.2,4.1
Sulawesi Utara,BOLAANG MONGONDOW TIMUR,kabkota,2013,6.92,4.6
Sulawesi Utara,BOLAANG MONGONDOW TIMUR,kabkota,2014,6.61,4.5
Sulawesi Utara,BOLAANG MONGONDOW TIMUR,kabkota,2015,6.9,4.73
Sulawesi Utara,BOLAANG MONGONDOW TIMUR,kabkota,2016,6.77,4.69
Sulawesi Utara,BOLAANG MONGONDOW TIMUR,kabkota,2017,6.2,4.37
Sulawesi Utara,BOLAANG MONGONDOW TIMUR,kabkota,2018,6.03,4.3
Sulawesi Utara,BOLAANG MONGONDOW TIMUR,kabkota,2019,6.1,4.41
Sulawesi Utara,BOLAANG MONGONDOW TIMUR,kabkota,2020,5.88,4.3
Sulawesi Utara,BOLAANG MONGONDOW TIMUR,kabkota,2021,6.1,4.47
Sulawesi Utara,BOLAANG MONGONDOW TIMUR,kabkota,2022,5.85,4.32
Sulawesi Utara,BOLAANG MONGONDOW TIMUR,kabkota,2023,5.8,4.32
Sulawesi Utara,BOLAANG MONGONDOW TIMUR,kabkota,2024,5.87,4.41
Sulawesi Utara,BOLAANG MONGONDOW TIMUR,kabkota,2025,5.32,4.04
Sulawesi Utara,BOLAANG MONGONDOW UTARA,kabkota,2004,,
Sulawesi Utara,BOLAANG MONGONDOW UTARA,kabkota,2005,,
Sulawesi Utara,BOLAANG MONGONDOW UTARA,kabkota,2006,,
Sulawesi Utara,BOLAANG MONGONDOW UTARA,kabkota,2007,13.03,10.4
Sulawesi Utara,BOLAANG MONGONDOW UTARA,kabkota,2008,10.44,8.4
Sulawesi Utara,BOLAANG MONGONDOW UTARA,kabkota,2009,9.93,8.1
Sulawesi Utara,BOLAANG MONGONDOW UTARA,kabkota,2010,10.23,7.2
Sulawesi Utara,BOLAANG MONGONDOW UTARA,kabkota,2011,8.98,6.4
Sulawesi Utara,BOLAANG MONGONDOW UTARA,kabkota,2012,8.01,5.9
Sulawesi Utara,BOLAANG MONGONDOW UTARA,kabkota,2013,9.61,7.2
Sulawesi Utara,BOLAANG MONGONDOW UTARA,kabkota,2014,9.27,7.0
Sulawesi Utara,BOLAANG MONGONDOW UTARA,kabkota,2015,9.72,7.38
Sulawesi Utara,BOLAANG MONGONDOW UTARA,kabkota,2016,9.38,7.22
Sulawesi Utara,BOLAANG MONGONDOW UTARA,kabkota,2017,8.89,6.95
Sulawesi Utara,BOLAANG MONGONDOW UTARA,kabkota,2018,8.64,6.84
Sulawesi Utara,BOLAANG MONGONDOW UTARA,kabkota,2019,8.45,6.77
Sulawesi Utara,BOLAANG MONGONDOW UTARA,kabkota,2020,8.41,6.82
Sulawesi Utara,BOLAANG MONGONDOW UTARA,kabkota,2021,8.03,6.53
Sulawesi Utara,BOLAANG MONGONDOW UTARA,kabkota,2022,7.31,6.01
Sulawesi Utara,BOLAANG MONGONDOW UTARA,kabkota,2023,7.9,6.56
Sulawesi Utara,BOLAANG MONGONDOW UTARA,kabkota,2024,7.88,6.6
Sulawesi Utara,BOLAANG MONGONDOW UTARA,kabkota,2025,7.15,6.03
Sulawesi Utara,KEPULAUAN SANGIHE,kabkota,2004,13.25,24.9
Sulawesi Utara,KEPULAUAN SANGIHE,kabkota,2005,15.07,29.0
Sulawesi Utara,KEPULAUAN SANGIHE,kabkota,2006,17.64,33.8
Sulawesi Utara,KEPULAUAN SANGIHE,kabkota,2007,17.7,23.2
Sulawesi Utara,KEPULAUAN SANGIHE,kabkota,2008,14.01,18.4
Sulawesi Utara,KEPULAUAN SANGIHE,kabkota,2009,13.23,17.4
Sulawesi Utara,KEPULAUAN SANGIHE,kabkota,2010,13.21,16.7
Sulawesi Utara,KEPULAUAN SANGIHE,kabkota,2011,11.69,14.9
Sulawesi Utara,KEPULAUAN SANGIHE,kabkota,2012,10.66,13.6
Sulawesi Utara,KEPULAUAN SANGIHE,kabkota,2013,12.19,15.7
Sulawesi Utara,KEPULAUAN SANGIHE,kabkota,2014,11.84,15.3
Sulawesi Utara,KEPULAUAN SANGIHE,kabkota,2015,12.27,15.87
Sulawesi Utara,KEPULAUAN SANGIHE,kabkota,2016,12.28,15.95
Sulawesi Utara,KEPULAUAN SANGIHE,kabkota,2017,11.8,15.38
Sulawesi Utara,KEPULAUAN SANGIHE,kabkota,2018,11.82,15.46
Sulawesi Utara,KEPULAUAN SANGIHE,kabkota,2019,11.15,14.62
Sulawesi Utara,KEPULAUAN SANGIHE,kabkota,2020,11.14,14.64
Sulawesi Utara,KEPULAUAN SANGIHE,kabkota,2021,11.02,14.55
Sulawesi Utara,KEPULAUAN SANGIHE,kabkota,2022,10.5,13.89
Sulawesi Utara,KEPULAUAN SANGIHE,kabkota,2023,11.01,14.6
Sulawesi Utara,KEPULAUAN SANGIHE,kabkota,2024,10.84,14.38
Sulawesi Utara,KEPULAUAN SANGIHE,kabkota,2025,10.91,14.49
Sulawesi Utara,KEPULAUAN TALAUD,kabkota,2004,14.03,10.9
Sulawesi Utara,KEPULAUAN TALAUD,kabkota,2005,12.94,10.1
Sulawesi Utara,KEPULAUAN TALAUD,kabkota,2006,15.55,11.7
Sulawesi Utara,KEPULAUAN TALAUD,kabkota,2007,15.77,11.9
Sulawesi Utara,KEPULAUAN TALAUD,kabkota,2008,12.9,9.7
Sulawesi Utara,KEPULAUAN TALAUD,kabkota,2009,12.16,9.2
Sulawesi Utara,KEPULAUAN TALAUD,kabkota,2010,11.37,9.5
Sulawesi Utara,KEPULAUAN TALAUD,kabkota,2011,10.05,8.5
Sulawesi Utara,KEPULAUAN TALAUD,kabkota,2012,9.06,7.8
Sulawesi Utara,KEPULAUAN TALAUD,kabkota,2013,10.27,9.0
Sulawesi Utara,KEPULAUAN TALAUD,kabkota,2014,9.92,8.7
Sulawesi Utara,KEPULAUAN TALAUD,kabkota,2015,10.09,8.92
Sulawesi Utara,KEPULAUAN TALAUD,kabkota,2016,10.29,9.22
Sulawesi Utara,KEPULAUAN TALAUD,kabkota,2017,9.77,8.84
Sulawesi Utara,KEPULAUAN TALAUD,kabkota,2018,9.5,8.68
Sulawesi Utara,KEPULAUAN TALAUD,kabkota,2019,9.86,9.1
Sulawesi Utara,KEPULAUAN TALAUD,kabkota,2020,9.49,8.84
Sulawesi Utara,KEPULAUAN TALAUD,kabkota,2021,9.0,8.37
Sulawesi Utara,KEPULAUAN TALAUD,kabkota,2022,8.25,7.72
Sulawesi Utara,KEPULAUAN TALAUD,kabkota,2023,8.46,7.97
Sulawesi Utara,KEPULAUAN TALAUD,kabkota,2024,8.17,7.74
Sulawesi Utara,KEPULAUAN TALAUD,kabkota,2025,8.34,7.95
Sulawesi Utara,KOTA BITUNG,kabkota,2004,8.83,14.7
Sulawesi Utara,KOTA BITUNG,kabkota,2005,8.92,15.0
Sulawesi Utara,KOTA BITUNG,kabkota,2006,11.23,19.0
Sulawesi Utara,KOTA BITUNG,kabkota,2007,11.14,19.4
Sulawesi Utara,KOTA BITUNG,kabkota,2008,9.33,16.8
Sulawesi Utara,KOTA BITUNG,kabkota,2009,8.93,16.3
Sulawesi Utara,KOTA BITUNG,kabkota,2010,9.52,18.0
Sulawesi Utara,KOTA BITUNG,kabkota,2011,8.46,16.1
Sulawesi Utara,KOTA BITUNG,kabkota,2012,7.45,14.6
Sulawesi Utara,KOTA BITUNG,kabkota,2013,6.45,12.9
Sulawesi Utara,KOTA BITUNG,kabkota,2014,6.34,12.9
Sulawesi Utara,KOTA BITUNG,kabkota,2015,6.87,14.13
Sulawesi Utara,KOTA BITUNG,kabkota,2016,6.57,13.64
Sulawesi Utara,KOTA BITUNG,kabkota,2017,6.62,14.0
Sulawesi Utara,KOTA BITUNG,kabkota,2018,6.67,14.34
Sulawesi Utara,KOTA BITUNG,kabkota,2019,6.49,14.1
Sulawesi Utara,KOTA BITUNG,kabkota,2020,6.41,14.18
Sulawesi Utara,KOTA BITUNG,kabkota,2021,6.43,14.33
Sulawesi Utara,KOTA BITUNG,kabkota,2022,6.2,14.0
Sulawesi Utara,KOTA BITUNG,kabkota,2023,6.56,15.0
Sulawesi Utara,KOTA BITUNG,kabkota,2024,6.27,14.5
Sulawesi Utara,KOTA BITUNG,kabkota,2025,5.81,13.57
Sulawesi Utara,KOTA KOTAMOBAGU,kabkota,2004,,
Sulawesi Utara,KOTA KOTAMOBAGU,kabkota,2005,,
Sulawesi Utara,KOTA KOTAMOBAGU,kabkota,2006,,
Sulawesi Utara,KOTA KOTAMOBAGU,kabkota,2007,10.02,11.8
Sulawesi Utara,KOTA KOTAMOBAGU,kabkota,2008,7.6,9.0
Sulawesi Utara,KOTA KOTAMOBAGU,kabkota,2009,7.16,8.6
Sulawesi Utara,KOTA KOTAMOBAGU,kabkota,2010,7.57,8.1
Sulawesi Utara,KOTA KOTAMOBAGU,kabkota,2011,6.64,7.2
Sulawesi Utara,KOTA KOTAMOBAGU,kabkota,2012,5.85,6.6
Sulawesi Utara,KOTA KOTAMOBAGU,kabkota,2013,5.98,6.9
Sulawesi Utara,KOTA KOTAMOBAGU,kabkota,2014,5.75,6.8
Sulawesi Utara,KOTA KOTAMOBAGU,kabkota,2015,5.85,6.95
Sulawesi Utara,KOTA KOTAMOBAGU,kabkota,2016,6.01,7.24
Sulawesi Utara,KOTA KOTAMOBAGU,kabkota,2017,5.9,7.28
Sulawesi Utara,KOTA KOTAMOBAGU,kabkota,2018,5.96,7.49
Sulawesi Utara,KOTA KOTAMOBAGU,kabkota,2019,5.71,7.31
Sulawesi Utara,KOTA KOTAMOBAGU,kabkota,2020,5.42,7.06
Sulawesi Utara,KOTA KOTAMOBAGU,kabkota,2021,5.74,7.56
Sulawesi Utara,KOTA KOTAMOBAGU,kabkota,2022,5.19,6.94
Sulawesi Utara,KOTA KOTAMOBAGU,kabkota,2023,5.03,6.82
Sulawesi Utara,KOTA KOTAMOBAGU,kabkota,2024,5.12,7.05
Sulawesi Utara,KOTA KOTAMOBAGU,kabkota,2025,5.14,7.18
Sulawesi Utara,KOTA MANADO,kabkota,2004,4.14,17.3
Sulawesi Utara,KOTA MANADO,kabkota,2005,5.09,21.2
Sulawesi Utara,KOTA MANADO,kabkota,2006,6.73,28.1
Sulawesi Utara,KOTA MANADO,kabkota,2007,5.43,23.0
Sulawesi Utara,KOTA MANADO,kabkota,2008,6.59,28.5
Sulawesi Utara,KOTA MANADO,kabkota,2009,6.32,27.8
Sulawesi Utara,KOTA MANADO,kabkota,2010,6.15,25.1
Sulawesi Utara,KOTA MANADO,kabkota,2011,5.4,22.4
Sulawesi Utara,KOTA MANADO,kabkota,2012,4.91,20.5
Sulawesi Utara,KOTA MANADO,kabkota,2013,4.88,20.5
Sulawesi Utara,KOTA MANADO,kabkota,2014,4.81,20.4
Sulawesi Utara,KOTA MANADO,kabkota,2015,5.63,23.96
Sulawesi Utara,KOTA MANADO,kabkota,2016,5.24,22.41
Sulawesi Utara,KOTA MANADO,kabkota,2017,5.46,23.39
Sulawesi Utara,KOTA MANADO,kabkota,2018,5.38,23.21
Sulawesi Utara,KOTA MANADO,kabkota,2019,5.51,23.89
Sulawesi Utara,KOTA MANADO,kabkota,2020,5.86,25.55
Sulawesi Utara,KOTA MANADO,kabkota,2021,6.19,26.78
Sulawesi Utara,KOTA MANADO,kabkota,2022,5.85,25.38
Sulawesi Utara,KOTA MANADO,kabkota,2023,5.79,25.17
Sulawesi Utara,KOTA MANADO,kabkota,2024,5.43,23.59
Sulawesi Utara,KOTA MANADO,kabkota,2025,4.99,21.73
Sulawesi Utara,KOTA TOMOHON,kabkota,2004,7.53,6.4
Sulawesi Utara,KOTA TOMOHON,kabkota,2005,6.43,5.3
Sulawesi Utara,KOTA TOMOHON,kabkota,2006,8.76,7.1
Sulawesi Utara,KOTA TOMOHON,kabkota,2007,8.65,7.0
Sulawesi Utara,KOTA TOMOHON,kabkota,2008,7.53,6.3
Sulawesi Utara,KOTA TOMOHON,kabkota,2009,7.19,6.1
Sulawesi Utara,KOTA TOMOHON,kabkota,2010,7.39,6.8
Sulawesi Utara,KOTA TOMOHON,kabkota,2011,6.56,6.1
Sulawesi Utara,KOTA TOMOHON,kabkota,2012,5.82,5.6
Sulawesi Utara,KOTA TOMOHON,kabkota,2013,6.57,6.4
Sulawesi Utara,KOTA TOMOHON,kabkota,2014,6.32,6.3
Sulawesi Utara,KOTA TOMOHON,kabkota,2015,6.78,6.77
Sulawesi Utara,KOTA TOMOHON,kabkota,2016,6.56,6.63
Sulawesi Utara,KOTA TOMOHON,kabkota,2017,6.47,6.68
Sulawesi Utara,KOTA TOMOHON,kabkota,2018,5.95,6.25
Sulawesi Utara,KOTA TOMOHON,kabkota,2019,5.62,5.99
Sulawesi Utara,KOTA TOMOHON,kabkota,2020,5.6,6.06
Sulawesi Utara,KOTA TOMOHON,kabkota,2021,5.69,6.18
Sulawesi Utara,KOTA TOMOHON,kabkota,2022,5.26,5.79
Sulawesi Utara,KOTA TOMOHON,kabkota,2023,5.6,6.24
Sulawesi Utara,KOTA TOMOHON,kabkota,2024,5.38,6.07
Sulawesi Utara,KOTA TOMOHON,kabkota,2025,4.86,5.55
Sulawesi Utara,MINAHASA,kabkota,2004,9.25,46.0
Sulawesi Utara,MINAHASA,kabkota,2005,8.09,23.8
Sulawesi Utara,MINAHASA,kabkota,2006,10.13,29.7
Sulawesi Utara,MINAHASA,kabkota,2007,10.31,30.5
Sulawesi Utara,MINAHASA,kabkota,2008,9.0,27.1
Sulawesi Utara,MINAHASA,kabkota,2009,8.47,25.7
Sulawesi Utara,MINAHASA,kabkota,2010,8.99,27.9
Sulawesi Utara,MINAHASA,kabkota,2011,7.93,24.9
Sulawesi Utara,MINAHASA,kabkota,2012,7.16,22.9
Sulawesi Utara,MINAHASA,kabkota,2013,8.81,28.5
Sulawesi Utara,MINAHASA,kabkota,2014,8.53,27.8
Sulawesi Utara,MINAHASA,kabkota,2015,8.8,28.88
Sulawesi Utara,MINAHASA,kabkota,2016,8.36,27.64
Sulawesi Utara,MINAHASA,kabkota,2017,7.9,26.34
Sulawesi Utara,MINAHASA,kabkota,2018,7.3,24.49
Sulawesi Utara,MINAHASA,kabkota,2019,7.18,24.32
Sulawesi Utara,MINAHASA,kabkota,2020,7.3,24.95
Sulawesi Utara,MINAHASA,kabkota,2021,7.67,26.3
Sulawesi Utara,MINAHASA,kabkota,2022,7.05,24.34
Sulawesi Utara,MINAHASA,kabkota,2023,6.87,23.86
Sulawesi Utara,MINAHASA,kabkota,2024,6.53,22.78
Sulawesi Utara,MINAHASA,kabkota,2025,5.88,20.63
Sulawesi Utara,MINAHASA SELATAN,kabkota,2004,9.12,26.8
Sulawesi Utara,MINAHASA SELATAN,kabkota,2005,10.74,31.3
Sulawesi Utara,MINAHASA SELATAN,kabkota,2006,13.45,37.3
Sulawesi Utara,MINAHASA SELATAN,kabkota,2007,13.61,24.9
Sulawesi Utara,MINAHASA SELATAN,kabkota,2008,11.66,21.4
Sulawesi Utara,MINAHASA SELATAN,kabkota,2009,11.13,20.5
Sulawesi Utara,MINAHASA SELATAN,kabkota,2010,10.74,21.0
Sulawesi Utara,MINAHASA SELATAN,kabkota,2011,9.48,18.8
Sulawesi Utara,MINAHASA SELATAN,kabkota,2012,8.61,17.3
Sulawesi Utara,MINAHASA SELATAN,kabkota,2013,10.08,20.4
Sulawesi Utara,MINAHASA SELATAN,kabkota,2014,9.85,20.1
Sulawesi Utara,MINAHASA SELATAN,kabkota,2015,10.22,20.88
Sulawesi Utara,MINAHASA SELATAN,kabkota,2016,9.92,20.42
Sulawesi Utara,MINAHASA SELATAN,kabkota,2017,9.78,20.26
Sulawesi Utara,MINAHASA SELATAN,kabkota,2018,9.34,19.54
Sulawesi Utara,MINAHASA SELATAN,kabkota,2019,9.26,19.49
Sulawesi Utara,MINAHASA SELATAN,kabkota,2020,9.14,19.38
Sulawesi Utara,MINAHASA SELATAN,kabkota,2021,9.37,19.77
Sulawesi Utara,MINAHASA SELATAN,kabkota,2022,9.0,19.07
Sulawesi Utara,MINAHASA SELATAN,kabkota,2023,8.89,18.9
Sulawesi Utara,MINAHASA SELATAN,kabkota,2024,8.97,19.13
Sulawesi Utara,MINAHASA SELATAN,kabkota,2025,8.26,17.67
Sulawesi Utara,MINAHASA TENGGARA,kabkota,2004,,
Sulawesi Utara,MINAHASA TENGGARA,kabkota,2005,,
Sulawesi Utara,MINAHASA TENGGARA,kabkota,2006,,
Sulawesi Utara,MINAHASA TENGGARA,kabkota,2007,22.21,21.0
Sulawesi Utara,MINAHASA TENGGARA,kabkota,2008,18.3,17.5
Sulawesi Utara,MINAHASA TENGGARA,kabkota,2009,17.49,16.9
Sulawesi Utara,MINAHASA TENGGARA,kabkota,2010,17.64,17.7
Sulawesi Utara,MINAHASA TENGGARA,kabkota,2011,15.35,15.8
Sulawesi Utara,MINAHASA TENGGARA,kabkota,2012,14.24,14.6
Sulawesi Utara,MINAHASA TENGGARA,kabkota,2013,16.1,16.6
Sulawesi Utara,MINAHASA TENGGARA,kabkota,2014,15.76,16.4
Sulawesi Utara,MINAHASA TENGGARA,kabkota,2015,15.88,17.45
Sulawesi Utara,MINAHASA TENGGARA,kabkota,2016,14.71,16.19
Sulawesi Utara,MINAHASA TENGGARA,kabkota,2017,14.08,15.56
Sulawesi Utara,MINAHASA TENGGARA,kabkota,2018,13.29,14.73
Sulawesi Utara,MINAHASA TENGGARA,kabkota,2019,12.78,14.22
Sulawesi Utara,MINAHASA TENGGARA,kabkota,2020,12.3,13.73
Sulawesi Utara,MINAHASA TENGGARA,kabkota,2021,12.47,13.31
Sulawesi Utara,MINAHASA TENGGARA,kabkota,2022,11.78,12.61
Sulawesi Utara,MINAHASA TENGGARA,kabkota,2023,11.84,12.7
Sulawesi Utara,MINAHASA TENGGARA,kabkota,2024,11.72,12.59
Sulawesi Utara,MINAHASA TENGGARA,kabkota,2025,10.31,11.09
Sulawesi Utara,MINAHASA UTARA,kabkota,2004,,
Sulawesi Utara,MINAHASA UTARA,kabkota,2005,7.61,12.8
Sulawesi Utara,MINAHASA UTARA,kabkota,2006,10.29,17.5
Sulawesi Utara,MINAHASA UTARA,kabkota,2007,10.14,17.5
Sulawesi Utara,MINAHASA UTARA,kabkota,2008,8.35,14.7
Sulawesi Utara,MINAHASA UTARA,kabkota,2009,7.98,14.2
Sulawesi Utara,MINAHASA UTARA,kabkota,2010,8.38,15.8
Sulawesi Utara,MINAHASA UTARA,kabkota,2011,7.38,14.1
Sulawesi Utara,MINAHASA UTARA,kabkota,2012,6.69,12.9
Sulawesi Utara,MINAHASA UTARA,kabkota,2013,8.02,15.7
Sulawesi Utara,MINAHASA UTARA,kabkota,2014,7.75,15.3
Sulawesi Utara,MINAHASA UTARA,kabkota,2015,8.12,16.03
Sulawesi Utara,MINAHASA UTARA,kabkota,2016,7.9,15.71
Sulawesi Utara,MINAHASA UTARA,kabkota,2017,7.46,14.93
Sulawesi Utara,MINAHASA UTARA,kabkota,2018,6.99,14.13
Sulawesi Utara,MINAHASA UTARA,kabkota,2019,6.93,14.09
Sulawesi Utara,MINAHASA UTARA,kabkota,2020,7.0,14.33
Sulawesi Utara,MINAHASA UTARA,kabkota,2021,7.11,14.49
Sulawesi Utara,MINAHASA UTARA,kabkota,2022,6.6,13.5
Sulawesi Utara,MINAHASA UTARA,kabkota,2023,6.65,13.66
Sulawesi Utara,MINAHASA UTARA,kabkota,2024,6.95,14.32
Sulawesi Utara,MINAHASA UTARA,kabkota,2025,6.05,12.5
Sulawesi Utara,SIAU TAGULANDANG BIARO,kabkota,2004,,
Sulawesi Utara,SIAU TAGULANDANG BIARO,kabkota,2005,,
Sulawesi Utara,SIAU TAGULANDANG BIARO,kabkota,2006,,
Sulawesi Utara,SIAU TAGULANDANG BIARO,kabkota,2007,16.14,9.9
Sulawesi Utara,SIAU TAGULANDANG BIARO,kabkota,2008,12.68,7.9
Sulawesi Utara,SIAU TAGULANDANG BIARO,kabkota,2009,12.11,7.6
Sulawesi Utara,SIAU TAGULANDANG BIARO,kabkota,2010,11.79,7.5
Sulawesi Utara,SIAU TAGULANDANG BIARO,kabkota,2011,10.38,6.7
Sulawesi Utara,SIAU TAGULANDANG BIARO,kabkota,2012,9.48,6.1
Sulawesi Utara,SIAU TAGULANDANG BIARO,kabkota,2013,11.36,7.4
Sulawesi Utara,SIAU TAGULANDANG BIARO,kabkota,2014,11.03,7.2
Sulawesi Utara,SIAU TAGULANDANG BIARO,kabkota,2015,10.93,7.15
Sulawesi Utara,SIAU TAGULANDANG BIARO,kabkota,2016,10.58,6.96
Sulawesi Utara,SIAU TAGULANDANG BIARO,kabkota,2017,10.33,6.81
Sulawesi Utara,SIAU TAGULANDANG BIARO,kabkota,2018,9.87,6.53
Sulawesi Utara,SIAU TAGULANDANG BIARO,kabkota,2019,9.56,6.35
Sulawesi Utara,SIAU TAGULANDANG BIARO,kabkota,2020,8.94,5.95
Sulawesi Utara,SIAU TAGULANDANG BIARO,kabkota,2021,8.94,6.0
Sulawesi Utara,SIAU TAGULANDANG BIARO,kabkota,2022,8.2,5.53
Sulawesi Utara,SIAU TAGULANDANG BIARO,kabkota,2023,8.76,5.92
Sulawesi Utara,SIAU TAGULANDANG BIARO,kabkota,2024,8.32,5.63
Sulawesi Utara,SIAU TAGULANDANG BIARO,kabkota,2025,8.32,5.64
Sulawesi Utara,Sulawesi Utara,provinsi,2004,8.93,192.2
Sulawesi Utara,Sulawesi Utara,provinsi,2005,9.34,201.4
Sulawesi Utara,Sulawesi Utara,provinsi,2006,11.54,249.4
Sulawesi Utara,Sulawesi Utara,provinsi,2007,11.42,250.1
Sulawesi Utara,Sulawesi Utara,provinsi,2008,9.8,218.2
Sulawesi Utara,Sulawesi Utara,provinsi,2009,9.32,210.1
Sulawesi Utara,Sulawesi Utara,provinsi,2010,9.59,217.8
Sulawesi Utara,Sulawesi Utara,provinsi,2011,8.46,194.7
Sulawesi Utara,Sulawesi Utara,provinsi,2012,7.63,178.7
Sulawesi Utara,Sulawesi Utara,provinsi,2013,8.5,201.1
Sulawesi Utara,Sulawesi Utara,provinsi,2014,8.26,197.6
Sulawesi Utara,Sulawesi Utara,provinsi,2015,8.65,208.54
Sulawesi Utara,Sulawesi Utara,provinsi,2016,8.34,202.82
Sulawesi Utara,Sulawesi Utara,provinsi,2017,8.1,198.88
Sulawesi Utara,Sulawesi Utara,provinsi,2018,7.8,193.31
Sulawesi Utara,Sulawesi Utara,provinsi,2019,7.66,191.7
Sulawesi Utara,Sulawesi Utara,provinsi,2020,7.62,192.37
Sulawesi Utara,Sulawesi Utara,provinsi,2021,7.77,196.35
Sulawesi Utara,Sulawesi Utara,provinsi,2022,7.28,185.14
Sulawesi Utara,Sulawesi Utara,provinsi,2023,7.38,189.0
Sulawesi Utara,Sulawesi Utara,provinsi,2024,7.25,186.86
Sulawesi Utara,Sulawesi Utara,provinsi,2025,6.71,173.84
Sumatera Barat,AGAM,kabkota,2004,13.4,57.2
Sumatera Barat,AGAM,kabkota,2005,13.36,56.0
Sumatera Barat,AGAM,kabkota,2006,13.93,59.4
Sumatera Barat,AGAM,kabkota,2007,12.59,51.1
Sumatera Barat,AGAM,kabkota,2008,11.2,45.3
Sumatera Barat,AGAM,kabkota,2009,9.86,39.7
Sumatera Barat,AGAM,kabkota,2010,9.84,44.9
Sumatera Barat,AGAM,kabkota,2011,9.39,43.3
Sumatera Barat,AGAM,kabkota,2012,8.43,39.3
Sumatera Barat,AGAM,kabkota,2013,7.68,36.1
Sumatera Barat,AGAM,kabkota,2014,7.02,33.3
Sumatera Barat,AGAM,kabkota,2015,7.58,36.06
Sumatera Barat,AGAM,kabkota,2016,7.83,37.55
Sumatera Barat,AGAM,kabkota,2017,7.59,36.57
Sumatera Barat,AGAM,kabkota,2018,6.76,32.92
Sumatera Barat,AGAM,kabkota,2019,6.75,33.1
Sumatera Barat,AGAM,kabkota,2020,6.75,33.31
Sumatera Barat,AGAM,kabkota,2021,6.85,34.26
Sumatera Barat,AGAM,kabkota,2022,6.22,31.33
Sumatera Barat,AGAM,kabkota,2023,6.6,33.41
Sumatera Barat,AGAM,kabkota,2024,6.83,34.82
Sumatera Barat,AGAM,kabkota,2025,5.97,30.57
Sumatera Barat,DHARMASRAYA,kabkota,2004,,
Sumatera Barat,DHARMASRAYA,kabkota,2005,13.01,20.5
Sumatera Barat,DHARMASRAYA,kabkota,2006,14.93,25.4
Sumatera Barat,DHARMASRAYA,kabkota,2007,14.42,23.8
Sumatera Barat,DHARMASRAYA,kabkota,2008,12.53,21.4
Sumatera Barat,DHARMASRAYA,kabkota,2009,11.4,19.9
Sumatera Barat,DHARMASRAYA,kabkota,2010,10.56,20.3
Sumatera Barat,DHARMASRAYA,kabkota,2011,10.09,19.6
Sumatera Barat,DHARMASRAYA,kabkota,2012,8.82,18.2
Sumatera Barat,DHARMASRAYA,kabkota,2013,7.74,16.4
Sumatera Barat,DHARMASRAYA,kabkota,2014,6.97,15.2
Sumatera Barat,DHARMASRAYA,kabkota,2015,7.17,15.89
Sumatera Barat,DHARMASRAYA,kabkota,2016,7.16,16.24
Sumatera Barat,DHARMASRAYA,kabkota,2017,6.68,15.63
Sumatera Barat,DHARMASRAYA,kabkota,2018,6.42,15.42
Sumatera Barat,DHARMASRAYA,kabkota,2019,6.29,15.49
Sumatera Barat,DHARMASRAYA,kabkota,2020,6.23,15.7
Sumatera Barat,DHARMASRAYA,kabkota,2021,6.67,17.6
Sumatera Barat,DHARMASRAYA,kabkota,2022,5.56,15.08
Sumatera Barat,DHARMASRAYA,kabkota,2023,5.56,15.49
Sumatera Barat,DHARMASRAYA,kabkota,2024,5.32,15.25
Sumatera Barat,DHARMASRAYA,kabkota,2025,4.61,13.52
Sumatera Barat,KEPULAUAN MENTAWAI,kabkota,2004,17.59,11.8
Sumatera Barat,KEPULAUAN MENTAWAI,kabkota,2005,19.26,12.7
Sumatera Barat,KEPULAUAN MENTAWAI,kabkota,2006,16.87,11.1
Sumatera Barat,KEPULAUAN MENTAWAI,kabkota,2007,15.99,10.0
Sumatera Barat,KEPULAUAN MENTAWAI,kabkota,2008,22.86,14.7
Sumatera Barat,KEPULAUAN MENTAWAI,kabkota,2009,20.54,13.2
Sumatera Barat,KEPULAUAN MENTAWAI,kabkota,2010,19.74,15.1
Sumatera Barat,KEPULAUAN MENTAWAI,kabkota,2011,18.85,14.6
Sumatera Barat,KEPULAUAN MENTAWAI,kabkota,2012,16.7,13.4
Sumatera Barat,KEPULAUAN MENTAWAI,kabkota,2013,16.12,13.3
Sumatera Barat,KEPULAUAN MENTAWAI,kabkota,2014,14.96,12.6
Sumatera Barat,KEPULAUAN MENTAWAI,kabkota,2015,15.52,13.16
Sumatera Barat,KEPULAUAN MENTAWAI,kabkota,2016,15.12,13.09
Sumatera Barat,KEPULAUAN MENTAWAI,kabkota,2017,14.67,12.95
Sumatera Barat,KEPULAUAN MENTAWAI,kabkota,2018,14.44,12.99
Sumatera Barat,KEPULAUAN MENTAWAI,kabkota,2019,14.43,13.22
Sumatera Barat,KEPULAUAN MENTAWAI,kabkota,2020,14.35,13.37
Sumatera Barat,KEPULAUAN MENTAWAI,kabkota,2021,14.84,14.31
Sumatera Barat,KEPULAUAN MENTAWAI,kabkota,2022,13.97,13.74
Sumatera Barat,KEPULAUAN MENTAWAI,kabkota,2023,13.72,13.76
Sumatera Barat,KEPULAUAN MENTAWAI,kabkota,2024,13.89,14.19
Sumatera Barat,KEPULAUAN MENTAWAI,kabkota,2025,13.22,13.74
Sumatera Barat,KOTA BUKITTINGGI,kabkota,2004,3.32,3.3
Sumatera Barat,KOTA BUKITTINGGI,kabkota,2005,4.97,5.0
Sumatera Barat,KOTA BUKITTINGGI,kabkota,2006,5.12,5.3
Sumatera Barat,KOTA BUKITTINGGI,kabkota,2007,5.23,5.2
Sumatera Barat,KOTA BUKITTINGGI,kabkota,2008,7.2,7.2
Sumatera Barat,KOTA BUKITTINGGI,kabkota,2009,6.19,6.2
Sumatera Barat,KOTA BUKITTINGGI,kabkota,2010,6.82,7.6
Sumatera Barat,KOTA BUKITTINGGI,kabkota,2011,6.49,7.3
Sumatera Barat,KOTA BUKITTINGGI,kabkota,2012,5.73,6.7
Sumatera Barat,KOTA BUKITTINGGI,kabkota,2013,5.36,6.4
Sumatera Barat,KOTA BUKITTINGGI,kabkota,2014,4.96,6.0
Sumatera Barat,KOTA BUKITTINGGI,kabkota,2015,5.36,6.54
Sumatera Barat,KOTA BUKITTINGGI,kabkota,2016,5.48,6.81
Sumatera Barat,KOTA BUKITTINGGI,kabkota,2017,5.35,6.75
Sumatera Barat,KOTA BUKITTINGGI,kabkota,2018,4.92,6.32
Sumatera Barat,KOTA BUKITTINGGI,kabkota,2019,4.6,6.0
Sumatera Barat,KOTA BUKITTINGGI,kabkota,2020,4.54,6.01
Sumatera Barat,KOTA BUKITTINGGI,kabkota,2021,5.14,6.98
Sumatera Barat,KOTA BUKITTINGGI,kabkota,2022,4.46,6.16
Sumatera Barat,KOTA BUKITTINGGI,kabkota,2023,4.11,5.78
Sumatera Barat,KOTA BUKITTINGGI,kabkota,2024,4.08,5.82
Sumatera Barat,KOTA BUKITTINGGI,kabkota,2025,3.78,5.46
Sumatera Barat,KOTA PADANG,kabkota,2004,4.07,31.8
Sumatera Barat,KOTA PADANG,kabkota,2005,4.41,34.0
Sumatera Barat,KOTA PADANG,kabkota,2006,5.15,42.1
Sumatera Barat,KOTA PADANG,kabkota,2007,4.97,39.5
Sumatera Barat,KOTA PADANG,kabkota,2008,6.4,51.7
Sumatera Barat,KOTA PADANG,kabkota,2009,5.72,46.8
Sumatera Barat,KOTA PADANG,kabkota,2010,6.31,52.8
Sumatera Barat,KOTA PADANG,kabkota,2011,6.02,50.9
Sumatera Barat,KOTA PADANG,kabkota,2012,5.3,45.9
Sumatera Barat,KOTA PADANG,kabkota,2013,5.02,44.2
Sumatera Barat,KOTA PADANG,kabkota,2014,4.56,40.7
Sumatera Barat,KOTA PADANG,kabkota,2015,4.93,44.43
Sumatera Barat,KOTA PADANG,kabkota,2016,4.68,42.56
Sumatera Barat,KOTA PADANG,kabkota,2017,4.74,43.75
Sumatera Barat,KOTA PADANG,kabkota,2018,4.7,44.04
Sumatera Barat,KOTA PADANG,kabkota,2019,4.48,42.44
Sumatera Barat,KOTA PADANG,kabkota,2020,4.4,42.17
Sumatera Barat,KOTA PADANG,kabkota,2021,4.94,48.44
Sumatera Barat,KOTA PADANG,kabkota,2022,4.26,42.37
Sumatera Barat,KOTA PADANG,kabkota,2023,4.17,41.97
Sumatera Barat,KOTA PADANG,kabkota,2024,4.06,41.4
Sumatera Barat,KOTA PADANG,kabkota,2025,3.63,37.38
Sumatera Barat,KOTA PADANG PANJANG,kabkota,2004,3.71,1.6
Sumatera Barat,KOTA PADANG PANJANG,kabkota,2005,4.74,2.0
Sumatera Barat,KOTA PADANG PANJANG,kabkota,2006,4.94,2.5
Sumatera Barat,KOTA PADANG PANJANG,kabkota,2007,5.19,2.6
Sumatera Barat,KOTA PADANG PANJANG,kabkota,2008,8.24,4.2
Sumatera Barat,KOTA PADANG PANJANG,kabkota,2009,7.58,4.0
Sumatera Barat,KOTA PADANG PANJANG,kabkota,2010,7.6,3.6
Sumatera Barat,KOTA PADANG PANJANG,kabkota,2011,7.25,3.5
Sumatera Barat,KOTA PADANG PANJANG,kabkota,2012,6.5,3.2
Sumatera Barat,KOTA PADANG PANJANG,kabkota,2013,6.66,3.3
Sumatera Barat,KOTA PADANG PANJANG,kabkota,2014,6.4,3.2
Sumatera Barat,KOTA PADANG PANJANG,kabkota,2015,6.74,3.44
Sumatera Barat,KOTA PADANG PANJANG,kabkota,2016,6.75,3.47
Sumatera Barat,KOTA PADANG PANJANG,kabkota,2017,6.17,3.22
Sumatera Barat,KOTA PADANG PANJANG,kabkota,2018,5.88,3.11
Sumatera Barat,KOTA PADANG PANJANG,kabkota,2019,5.6,3.0
Sumatera Barat,KOTA PADANG PANJANG,kabkota,2020,5.24,2.84
Sumatera Barat,KOTA PADANG PANJANG,kabkota,2021,5.92,3.28
Sumatera Barat,KOTA PADANG PANJANG,kabkota,2022,5.14,2.89
Sumatera Barat,KOTA PADANG PANJANG,kabkota,2023,5.24,2.99
Sumatera Barat,KOTA PADANG PANJANG,kabkota,2024,5.31,3.06
Sumatera Barat,KOTA PADANG PANJANG,kabkota,2025,4.97,2.9
Sumatera Barat,KOTA PARIAMAN,kabkota,2004,7.69,5.7
Sumatera Barat,KOTA PARIAMAN,kabkota,2005,8.36,6.2
Sumatera Barat,KOTA PARIAMAN,kabkota,2006,7.86,5.5
Sumatera Barat,KOTA PARIAMAN,kabkota,2007,5.87,3.9
Sumatera Barat,KOTA PARIAMAN,kabkota,2008,5.33,3.5
Sumatera Barat,KOTA PARIAMAN,kabkota,2009,5.48,3.6
Sumatera Barat,KOTA PARIAMAN,kabkota,2010,5.9,4.7
Sumatera Barat,KOTA PARIAMAN,kabkota,2011,5.66,4.5
Sumatera Barat,KOTA PARIAMAN,kabkota,2012,5.02,4.1
Sumatera Barat,KOTA PARIAMAN,kabkota,2013,5.35,4.4
Sumatera Barat,KOTA PARIAMAN,kabkota,2014,5.12,4.3
Sumatera Barat,KOTA PARIAMAN,kabkota,2015,5.42,4.58
Sumatera Barat,KOTA PARIAMAN,kabkota,2016,5.23,4.47
Sumatera Barat,KOTA PARIAMAN,kabkota,2017,5.2,4.49
Sumatera Barat,KOTA PARIAMAN,kabkota,2018,5.03,4.4
Sumatera Barat,KOTA PARIAMAN,kabkota,2019,4.76,4.2
Sumatera Barat,KOTA PARIAMAN,kabkota,2020,4.1,3.66
Sumatera Barat,KOTA PARIAMAN,kabkota,2021,4.38,3.99
Sumatera Barat,KOTA PARIAMAN,kabkota,2022,4.13,3.8
Sumatera Barat,KOTA PARIAMAN,kabkota,2023,4.2,3.91
Sumatera Barat,KOTA PARIAMAN,kabkota,2024,4.26,4.01
Sumatera Barat,KOTA PARIAMAN,kabkota,2025,3.83,3.63
Sumatera Barat,KOTA PAYAKUMBUH,kabkota,2004,6.1,6.3
Sumatera Barat,KOTA PAYAKUMBUH,kabkota,2005,6.46,6.6
Sumatera Barat,KOTA PAYAKUMBUH,kabkota,2006,7.88,8.2
Sumatera Barat,KOTA PAYAKUMBUH,kabkota,2007,7.77,7.7
Sumatera Barat,KOTA PAYAKUMBUH,kabkota,2008,10.96,10.9
Sumatera Barat,KOTA PAYAKUMBUH,kabkota,2009,10.15,10.1
Sumatera Barat,KOTA PAYAKUMBUH,kabkota,2010,10.58,12.4
Sumatera Barat,KOTA PAYAKUMBUH,kabkota,2011,10.09,12.0
Sumatera Barat,KOTA PAYAKUMBUH,kabkota,2012,9.0,11.0
Sumatera Barat,KOTA PAYAKUMBUH,kabkota,2013,7.81,9.7
Sumatera Barat,KOTA PAYAKUMBUH,kabkota,2014,7.01,8.8
Sumatera Barat,KOTA PAYAKUMBUH,kabkota,2015,6.67,8.51
Sumatera Barat,KOTA PAYAKUMBUH,kabkota,2016,6.46,8.35
Sumatera Barat,KOTA PAYAKUMBUH,kabkota,2017,5.88,7.72
Sumatera Barat,KOTA PAYAKUMBUH,kabkota,2018,5.77,7.69
Sumatera Barat,KOTA PAYAKUMBUH,kabkota,2019,5.68,7.68
Sumatera Barat,KOTA PAYAKUMBUH,kabkota,2020,5.65,7.74
Sumatera Barat,KOTA PAYAKUMBUH,kabkota,2021,6.16,8.66
Sumatera Barat,KOTA PAYAKUMBUH,kabkota,2022,5.66,8.08
Sumatera Barat,KOTA PAYAKUMBUH,kabkota,2023,5.44,7.88
Sumatera Barat,KOTA PAYAKUMBUH,kabkota,2024,5.19,7.62
Sumatera Barat,KOTA PAYAKUMBUH,kabkota,2025,4.95,7.37
Sumatera Barat,KOTA SAWAH LUNTO,kabkota,2004,,
Sumatera Barat,KOTA SAWAH LUNTO,kabkota,2005,5.21,2.7
Sumatera Barat,KOTA SAWAH LUNTO,kabkota,2006,2.86,1.5
Sumatera Barat,KOTA SAWAH LUNTO,kabkota,2007,2.25,1.1
Sumatera Barat,KOTA SAWAH LUNTO,kabkota,2008,1.94,1.0
Sumatera Barat,KOTA SAWAH LUNTO,kabkota,2009,2.42,1.2
Sumatera Barat,KOTA SAWAH LUNTO,kabkota,2010,2.47,1.4
Sumatera Barat,KOTA SAWAH LUNTO,kabkota,2011,2.34,1.4
Sumatera Barat,KOTA SAWAH LUNTO,kabkota,2012,2.17,1.3
Sumatera Barat,KOTA SAWAH LUNTO,kabkota,2013,2.28,1.4
Sumatera Barat,KOTA SAWAH LUNTO,kabkota,2014,2.25,1.3
Sumatera Barat,KOTA SAWAH LUNTO,kabkota,2015,2.22,1.34
Sumatera Barat,KOTA SAWAH LUNTO,kabkota,2016,2.21,1.34
Sumatera Barat,KOTA SAWAH LUNTO,kabkota,2017,2.01,1.23
Sumatera Barat,KOTA SAWAH LUNTO,kabkota,2018,2.39,1.48
Sumatera Barat,KOTA SAWAH LUNTO,kabkota,2019,2.17,1.35
Sumatera Barat,KOTA SAWAH LUNTO,kabkota,2020,2.16,1.36
Sumatera Barat,KOTA SAWAH LUNTO,kabkota,2021,2.38,1.52
Sumatera Barat,KOTA SAWAH LUNTO,kabkota,2022,2.28,1.47
Sumatera Barat,KOTA SAWAH LUNTO,kabkota,2023,2.27,1.47
Sumatera Barat,KOTA SAWAH LUNTO,kabkota,2024,2.33,1.52
Sumatera Barat,KOTA SAWAH LUNTO,kabkota,2025,2.72,1.79
Sumatera Barat,KOTA SOLOK,kabkota,2004,5.5,2.9
Sumatera Barat,KOTA SOLOK,kabkota,2005,4.08,2.2
Sumatera Barat,KOTA SOLOK,kabkota,2006,4.86,2.7
Sumatera Barat,KOTA SOLOK,kabkota,2007,4.59,2.5
Sumatera Barat,KOTA SOLOK,kabkota,2008,7.32,4.0
Sumatera Barat,KOTA SOLOK,kabkota,2009,6.76,3.8
Sumatera Barat,KOTA SOLOK,kabkota,2010,6.99,4.2
Sumatera Barat,KOTA SOLOK,kabkota,2011,6.72,4.0
Sumatera Barat,KOTA SOLOK,kabkota,2012,5.87,3.7
Sumatera Barat,KOTA SOLOK,kabkota,2013,4.6,2.9
Sumatera Barat,KOTA SOLOK,kabkota,2014,4.16,2.7
Sumatera Barat,KOTA SOLOK,kabkota,2015,4.12,2.72
Sumatera Barat,KOTA SOLOK,kabkota,2016,3.86,2.59
Sumatera Barat,KOTA SOLOK,kabkota,2017,3.66,2.5
Sumatera Barat,KOTA SOLOK,kabkota,2018,3.3,2.29
Sumatera Barat,KOTA SOLOK,kabkota,2019,3.24,2.29
Sumatera Barat,KOTA SOLOK,kabkota,2020,2.77,1.99
Sumatera Barat,KOTA SOLOK,kabkota,2021,3.12,2.31
Sumatera Barat,KOTA SOLOK,kabkota,2022,3.02,2.28
Sumatera Barat,KOTA SOLOK,kabkota,2023,3.05,2.35
Sumatera Barat,KOTA SOLOK,kabkota,2024,3.07,2.4
Sumatera Barat,KOTA SOLOK,kabkota,2025,2.91,2.31
Sumatera Barat,LIMA PULUH KOTA,kabkota,2004,12.26,39.8
Sumatera Barat,LIMA PULUH KOTA,kabkota,2005,13.37,42.7
Sumatera Barat,LIMA PULUH KOTA,kabkota,2006,16.19,52.9
Sumatera Barat,LIMA PULUH KOTA,kabkota,2007,14.79,46.1
Sumatera Barat,LIMA PULUH KOTA,kabkota,2008,11.01,34.4
Sumatera Barat,LIMA PULUH KOTA,kabkota,2009,9.98,31.1
Sumatera Barat,LIMA PULUH KOTA,kabkota,2010,10.47,36.5
Sumatera Barat,LIMA PULUH KOTA,kabkota,2011,9.96,35.2
Sumatera Barat,LIMA PULUH KOTA,kabkota,2012,8.89,31.9
Sumatera Barat,LIMA PULUH KOTA,kabkota,2013,8.26,30.0
Sumatera Barat,LIMA PULUH KOTA,kabkota,2014,7.48,27.4
Sumatera Barat,LIMA PULUH KOTA,kabkota,2015,7.65,28.76
Sumatera Barat,LIMA PULUH KOTA,kabkota,2016,7.59,28.57
Sumatera Barat,LIMA PULUH KOTA,kabkota,2017,7.15,26.93
Sumatera Barat,LIMA PULUH KOTA,kabkota,2018,6.99,26.47
Sumatera Barat,LIMA PULUH KOTA,kabkota,2019,6.97,26.64
Sumatera Barat,LIMA PULUH KOTA,kabkota,2020,6.86,26.43
Sumatera Barat,LIMA PULUH KOTA,kabkota,2021,7.29,28.51
Sumatera Barat,LIMA PULUH KOTA,kabkota,2022,6.59,26.0
Sumatera Barat,LIMA PULUH KOTA,kabkota,2023,6.8,27.02
Sumatera Barat,LIMA PULUH KOTA,kabkota,2024,6.92,27.72
Sumatera Barat,LIMA PULUH KOTA,kabkota,2025,6.1,24.61
Sumatera Barat,PADANG PARIAMAN,kabkota,2004,12.53,47.0
Sumatera Barat,PADANG PARIAMAN,kabkota,2005,14.67,53.7
Sumatera Barat,PADANG PARIAMAN,kabkota,2006,17.45,66.5
Sumatera Barat,PADANG PARIAMAN,kabkota,2007,17.12,62.5
Sumatera Barat,PADANG PARIAMAN,kabkota,2008,14.15,51.5
Sumatera Barat,PADANG PARIAMAN,kabkota,2009,12.41,45.2
Sumatera Barat,PADANG PARIAMAN,kabkota,2010,11.86,46.3
Sumatera Barat,PADANG PARIAMAN,kabkota,2011,11.26,44.6
Sumatera Barat,PADANG PARIAMAN,kabkota,2012,10.12,40.4
Sumatera Barat,PADANG PARIAMAN,kabkota,2013,9.17,36.8
Sumatera Barat,PADANG PARIAMAN,kabkota,2014,8.39,33.9
Sumatera Barat,PADANG PARIAMAN,kabkota,2015,8.86,35.87
Sumatera Barat,PADANG PARIAMAN,kabkota,2016,8.91,36.34
Sumatera Barat,PADANG PARIAMAN,kabkota,2017,8.46,34.7
Sumatera Barat,PADANG PARIAMAN,kabkota,2018,8.04,33.2
Sumatera Barat,PADANG PARIAMAN,kabkota,2019,7.1,29.48
Sumatera Barat,PADANG PARIAMAN,kabkota,2020,6.95,28.98
Sumatera Barat,PADANG PARIAMAN,kabkota,2021,7.22,30.41
Sumatera Barat,PADANG PARIAMAN,kabkota,2022,6.25,26.44
Sumatera Barat,PADANG PARIAMAN,kabkota,2023,6.34,26.93
Sumatera Barat,PADANG PARIAMAN,kabkota,2024,6.27,26.76
Sumatera Barat,PADANG PARIAMAN,kabkota,2025,5.86,25.08
Sumatera Barat,PASAMAN,kabkota,2004,13.22,73.4
Sumatera Barat,PASAMAN,kabkota,2005,15.63,36.8
Sumatera Barat,PASAMAN,kabkota,2006,18.34,45.6
Sumatera Barat,PASAMAN,kabkota,2007,17.92,42.8
Sumatera Barat,PASAMAN,kabkota,2008,14.44,35.0
Sumatera Barat,PASAMAN,kabkota,2009,12.47,30.5
Sumatera Barat,PASAMAN,kabkota,2010,10.96,27.8
Sumatera Barat,PASAMAN,kabkota,2011,10.42,26.8
Sumatera Barat,PASAMAN,kabkota,2012,9.31,24.3
Sumatera Barat,PASAMAN,kabkota,2013,8.37,22.2
Sumatera Barat,PASAMAN,kabkota,2014,7.6,20.3
Sumatera Barat,PASAMAN,kabkota,2015,8.14,21.88
Sumatera Barat,PASAMAN,kabkota,2016,7.65,20.83
Sumatera Barat,PASAMAN,kabkota,2017,7.41,20.38
Sumatera Barat,PASAMAN,kabkota,2018,7.31,20.31
Sumatera Barat,PASAMAN,kabkota,2019,7.21,20.22
Sumatera Barat,PASAMAN,kabkota,2020,7.16,20.29
Sumatera Barat,PASAMAN,kabkota,2021,7.48,21.57
Sumatera Barat,PASAMAN,kabkota,2022,6.85,19.94
Sumatera Barat,PASAMAN,kabkota,2023,6.8,19.99
Sumatera Barat,PASAMAN,kabkota,2024,6.74,20.01
Sumatera Barat,PASAMAN,kabkota,2025,6.02,18.0
Sumatera Barat,PASAMAN BARAT,kabkota,2004,,
Sumatera Barat,PASAMAN BARAT,kabkota,2005,12.0,36.7
Sumatera Barat,PASAMAN BARAT,kabkota,2006,14.12,45.5
Sumatera Barat,PASAMAN BARAT,kabkota,2007,13.76,42.7
Sumatera Barat,PASAMAN BARAT,kabkota,2008,10.96,34.4
Sumatera Barat,PASAMAN BARAT,kabkota,2009,9.61,30.4
Sumatera Barat,PASAMAN BARAT,kabkota,2010,9.59,35.1
Sumatera Barat,PASAMAN BARAT,kabkota,2011,9.14,33.8
Sumatera Barat,PASAMAN BARAT,kabkota,2012,8.04,31.1
Sumatera Barat,PASAMAN BARAT,kabkota,2013,7.86,31.1
Sumatera Barat,PASAMAN BARAT,kabkota,2014,7.08,28.6
Sumatera Barat,PASAMAN BARAT,kabkota,2015,7.93,32.34
Sumatera Barat,PASAMAN BARAT,kabkota,2016,7.4,30.76
Sumatera Barat,PASAMAN BARAT,kabkota,2017,7.26,30.84
Sumatera Barat,PASAMAN BARAT,kabkota,2018,7.34,31.83
Sumatera Barat,PASAMAN BARAT,kabkota,2019,7.14,31.53
Sumatera Barat,PASAMAN BARAT,kabkota,2020,7.04,31.64
Sumatera Barat,PASAMAN BARAT,kabkota,2021,7.51,34.97
Sumatera Barat,PASAMAN BARAT,kabkota,2022,6.93,32.91
Sumatera Barat,PASAMAN BARAT,kabkota,2023,6.92,33.52
Sumatera Barat,PASAMAN BARAT,kabkota,2024,7.0,34.6
Sumatera Barat,PASAMAN BARAT,kabkota,2025,6.3,31.68
Sumatera Barat,PESISIR SELATAN,kabkota,2004,12.44,52.0
Sumatera Barat,PESISIR SELATAN,kabkota,2005,12.43,51.1
Sumatera Barat,PESISIR SELATAN,kabkota,2006,14.76,63.3
Sumatera Barat,PESISIR SELATAN,kabkota,2007,13.21,54.6
Sumatera Barat,PESISIR SELATAN,kabkota,2008,11.36,47.3
Sumatera Barat,PESISIR SELATAN,kabkota,2009,10.56,44.3
Sumatera Barat,PESISIR SELATAN,kabkota,2010,10.22,44.0
Sumatera Barat,PESISIR SELATAN,kabkota,2011,9.75,42.4
Sumatera Barat,PESISIR SELATAN,kabkota,2012,8.68,38.2
Sumatera Barat,PESISIR SELATAN,kabkota,2013,8.64,38.3
Sumatera Barat,PESISIR SELATAN,kabkota,2014,7.82,35.0
Sumatera Barat,PESISIR SELATAN,kabkota,2015,8.46,38.13
Sumatera Barat,PESISIR SELATAN,kabkota,2016,7.92,35.86
Sumatera Barat,PESISIR SELATAN,kabkota,2017,7.79,35.53
Sumatera Barat,PESISIR SELATAN,kabkota,2018,7.59,34.92
Sumatera Barat,PESISIR SELATAN,kabkota,2019,7.88,36.51
Sumatera Barat,PESISIR SELATAN,kabkota,2020,7.61,35.46
Sumatera Barat,PESISIR SELATAN,kabkota,2021,7.92,37.41
Sumatera Barat,PESISIR SELATAN,kabkota,2022,7.11,33.78
Sumatera Barat,PESISIR SELATAN,kabkota,2023,7.34,35.09
Sumatera Barat,PESISIR SELATAN,kabkota,2024,7.49,36.05
Sumatera Barat,PESISIR SELATAN,kabkota,2025,6.52,31.53
Sumatera Barat,SIJUNJUNG,kabkota,2004,13.54,46.5
Sumatera Barat,SIJUNJUNG,kabkota,2005,13.94,24.8
Sumatera Barat,SIJUNJUNG,kabkota,2006,15.96,30.7
Sumatera Barat,SIJUNJUNG,kabkota,2007,15.35,28.8
Sumatera Barat,SIJUNJUNG,kabkota,2008,11.51,21.9
Sumatera Barat,SIJUNJUNG,kabkota,2009,9.8,19.0
Sumatera Barat,SIJUNJUNG,kabkota,2010,10.45,21.1
Sumatera Barat,SIJUNJUNG,kabkota,2011,9.94,20.3
Sumatera Barat,SIJUNJUNG,kabkota,2012,8.79,18.6
Sumatera Barat,SIJUNJUNG,kabkota,2013,8.53,18.4
Sumatera Barat,SIJUNJUNG,kabkota,2014,7.74,17.0
Sumatera Barat,SIJUNJUNG,kabkota,2015,7.87,17.52
Sumatera Barat,SIJUNJUNG,kabkota,2016,7.6,17.12
Sumatera Barat,SIJUNJUNG,kabkota,2017,7.35,16.83
Sumatera Barat,SIJUNJUNG,kabkota,2018,7.11,16.55
Sumatera Barat,SIJUNJUNG,kabkota,2019,7.04,16.65
Sumatera Barat,SIJUNJUNG,kabkota,2020,6.78,16.28
Sumatera Barat,SIJUNJUNG,kabkota,2021,6.8,16.81
Sumatera Barat,SIJUNJUNG,kabkota,2022,6.0,15.07
Sumatera Barat,SIJUNJUNG,kabkota,2023,5.88,15.02
Sumatera Barat,SIJUNJUNG,kabkota,2024,5.78,14.99
Sumatera Barat,SIJUNJUNG,kabkota,2025,5.15,13.55
Sumatera Barat,SOLOK,kabkota,2004,14.4,65.9
Sumatera Barat,SOLOK,kabkota,2005,15.28,50.3
Sumatera Barat,SOLOK,kabkota,2006,17.98,62.3
Sumatera Barat,SOLOK,kabkota,2007,17.59,58.5
Sumatera Barat,SOLOK,kabkota,2008,13.43,45.0
Sumatera Barat,SOLOK,kabkota,2009,12.15,40.8
Sumatera Barat,SOLOK,kabkota,2010,11.74,41.0
Sumatera Barat,SOLOK,kabkota,2011,11.19,39.5
Sumatera Barat,SOLOK,kabkota,2012,10.03,35.7
Sumatera Barat,SOLOK,kabkota,2013,10.26,36.9
Sumatera Barat,SOLOK,kabkota,2014,9.53,34.5
Sumatera Barat,SOLOK,kabkota,2015,10.0,36.42
Sumatera Barat,SOLOK,kabkota,2016,9.32,34.06
Sumatera Barat,SOLOK,kabkota,2017,9.06,33.33
Sumatera Barat,SOLOK,kabkota,2018,8.88,32.89
Sumatera Barat,SOLOK,kabkota,2019,7.98,29.74
Sumatera Barat,SOLOK,kabkota,2020,7.81,29.28
Sumatera Barat,SOLOK,kabkota,2021,8.01,30.36
Sumatera Barat,SOLOK,kabkota,2022,7.12,27.16
Sumatera Barat,SOLOK,kabkota,2023,7.13,27.33
Sumatera Barat,SOLOK,kabkota,2024,7.31,28.18
Sumatera Barat,SOLOK,kabkota,2025,6.52,25.23
Sumatera Barat,SOLOK SELATAN,kabkota,2004,,
Sumatera Barat,SOLOK SELATAN,kabkota,2005,15.42,18.3
Sumatera Barat,SOLOK SELATAN,kabkota,2006,17.65,22.7
Sumatera Barat,SOLOK SELATAN,kabkota,2007,17.43,21.3
Sumatera Barat,SOLOK SELATAN,kabkota,2008,13.41,16.7
Sumatera Barat,SOLOK SELATAN,kabkota,2009,11.66,14.6
Sumatera Barat,SOLOK SELATAN,kabkota,2010,11.11,16.1
Sumatera Barat,SOLOK SELATAN,kabkota,2011,10.61,15.5
Sumatera Barat,SOLOK SELATAN,kabkota,2012,9.37,14.2
Sumatera Barat,SOLOK SELATAN,kabkota,2013,8.12,12.6
Sumatera Barat,SOLOK SELATAN,kabkota,2014,7.33,11.6
Sumatera Barat,SOLOK SELATAN,kabkota,2015,7.52,11.95
Sumatera Barat,SOLOK SELATAN,kabkota,2016,7.35,11.91
Sumatera Barat,SOLOK SELATAN,kabkota,2017,7.21,11.89
Sumatera Barat,SOLOK SELATAN,kabkota,2018,7.07,11.85
Sumatera Barat,SOLOK SELATAN,kabkota,2019,7.33,12.5
Sumatera Barat,SOLOK SELATAN,kabkota,2020,7.15,12.39
Sumatera Barat,SOLOK SELATAN,kabkota,2021,7.52,13.41
Sumatera Barat,SOLOK SELATAN,kabkota,2022,6.51,11.81
Sumatera Barat,SOLOK SELATAN,kabkota,2023,6.45,11.91
Sumatera Barat,SOLOK SELATAN,kabkota,2024,6.56,12.33
Sumatera Barat,SOLOK SELATAN,kabkota,2025,6.0,11.44
Sumatera Barat,Sumatera Barat,provinsi,2004,10.46,472.4
Sumatera Barat,Sumatera Barat,provinsi,2005,10.89,482.8
Sumatera Barat,Sumatera Barat,provinsi,2006,12.51,578.7
Sumatera Barat,Sumatera Barat,provinsi,2007,11.9,529.2
Sumatera Barat,Sumatera Barat,provinsi,2008,10.57,473.7
Sumatera Barat,Sumatera Barat,provinsi,2009,9.45,426.1
Sumatera Barat,Sumatera Barat,provinsi,2010,9.44,458.2
Sumatera Barat,Sumatera Barat,provinsi,2011,8.99,441.8
Sumatera Barat,Sumatera Barat,provinsi,2012,8.0,401.5
Sumatera Barat,Sumatera Barat,provinsi,2013,7.56,384.1
Sumatera Barat,Sumatera Barat,provinsi,2014,6.89,354.7
Sumatera Barat,Sumatera Barat,provinsi,2015,7.31,379.61
Sumatera Barat,Sumatera Barat,provinsi,2016,7.09,371.55
Sumatera Barat,Sumatera Barat,provinsi,2017,6.87,364.51
Sumatera Barat,Sumatera Barat,provinsi,2018,6.65,357.13
Sumatera Barat,Sumatera Barat,provinsi,2019,6.42,348.22
Sumatera Barat,Sumatera Barat,provinsi,2020,6.28,344.23
Sumatera Barat,Sumatera Barat,provinsi,2021,6.63,370.67
Sumatera Barat,Sumatera Barat,provinsi,2022,5.92,335.21
Sumatera Barat,Sumatera Barat,provinsi,2023,5.95,340.37
Sumatera Barat,Sumatera Barat,provinsi,2024,5.97,345.73
Sumatera Barat,Sumatera Barat,provinsi,2025,5.35,312.35
Sumatera Barat,TANAH DATAR,kabkota,2004,7.04,23.9
Sumatera Barat,TANAH DATAR,kabkota,2005,6.19,20.5
Sumatera Barat,TANAH DATAR,kabkota,2006,7.61,25.4
Sumatera Barat,TANAH DATAR,kabkota,2007,7.72,24.6
Sumatera Barat,TANAH DATAR,kabkota,2008,7.52,23.8
Sumatera Barat,TANAH DATAR,kabkota,2009,6.93,21.8
Sumatera Barat,TANAH DATAR,kabkota,2010,6.9,23.4
Sumatera Barat,TANAH DATAR,kabkota,2011,6.57,22.6
Sumatera Barat,TANAH DATAR,kabkota,2012,5.95,20.4
Sumatera Barat,TANAH DATAR,kabkota,2013,5.77,19.8
Sumatera Barat,TANAH DATAR,kabkota,2014,5.29,18.2
Sumatera Barat,TANAH DATAR,kabkota,2015,5.82,20.05
Sumatera Barat,TANAH DATAR,kabkota,2016,5.68,19.63
Sumatera Barat,TANAH DATAR,kabkota,2017,5.56,19.27
Sumatera Barat,TANAH DATAR,kabkota,2018,5.32,18.48
Sumatera Barat,TANAH DATAR,kabkota,2019,4.66,16.2
Sumatera Barat,TANAH DATAR,kabkota,2020,4.4,15.34
Sumatera Barat,TANAH DATAR,kabkota,2021,4.54,15.89
Sumatera Barat,TANAH DATAR,kabkota,2022,4.26,14.91
Sumatera Barat,TANAH DATAR,kabkota,2023,4.16,14.57
Sumatera Barat,TANAH DATAR,kabkota,2024,4.28,15.0
Sumatera Barat,TANAH DATAR,kabkota,2025,3.59,12.57
Sumatera Selatan,BANYU ASIN,kabkota,2004,20.86,147.3
Sumatera Selatan,BANYU ASIN,kabkota,2005,20.22,149.5
Sumatera Selatan,BANYU ASIN,kabkota,2006,19.81,149.9
Sumatera Selatan,BANYU ASIN,kabkota,2007,17.72,136.8
Sumatera Selatan,BANYU ASIN,kabkota,2008,15.38,122.4
Sumatera Selatan,BANYU ASIN,kabkota,2009,13.72,112.1
Sumatera Selatan,BANYU ASIN,kabkota,2010,12.39,93.0
Sumatera Selatan,BANYU ASIN,kabkota,2011,11.66,89.3
Sumatera Selatan,BANYU ASIN,kabkota,2012,11.27,87.9
Sumatera Selatan,BANYU ASIN,kabkota,2013,12.28,97.1
Sumatera Selatan,BANYU ASIN,kabkota,2014,11.88,95.4
Sumatera Selatan,BANYU ASIN,kabkota,2015,12.45,100.64
Sumatera Selatan,BANYU ASIN,kabkota,2016,11.72,95.99
Sumatera Selatan,BANYU ASIN,kabkota,2017,11.47,95.28
Sumatera Selatan,BANYU ASIN,kabkota,2018,11.32,95.29
Sumatera Selatan,BANYU ASIN,kabkota,2019,11.33,96.55
Sumatera Selatan,BANYU ASIN,kabkota,2020,11.17,96.27
Sumatera Selatan,BANYU ASIN,kabkota,2021,10.75,94.08
Sumatera Selatan,BANYU ASIN,kabkota,2022,10.0,88.55
Sumatera Selatan,BANYU ASIN,kabkota,2023,9.58,85.88
Sumatera Selatan,BANYU ASIN,kabkota,2024,9.31,84.36
Sumatera Selatan,BANYU ASIN,kabkota,2025,8.48,77.63
Sumatera Selatan,EMPAT LAWANG,kabkota,2004,,
Sumatera Selatan,EMPAT LAWANG,kabkota,2005,,
Sumatera Selatan,EMPAT LAWANG,kabkota,2006,,
Sumatera Selatan,EMPAT LAWANG,kabkota,2007,23.5,49.7
Sumatera Selatan,EMPAT LAWANG,kabkota,2008,18.37,39.1
Sumatera Selatan,EMPAT LAWANG,kabkota,2009,15.8,33.7
Sumatera Selatan,EMPAT LAWANG,kabkota,2010,14.73,32.6
Sumatera Selatan,EMPAT LAWANG,kabkota,2011,13.82,31.3
Sumatera Selatan,EMPAT LAWANG,kabkota,2012,13.37,30.6
Sumatera Selatan,EMPAT LAWANG,kabkota,2013,13.1,30.5
Sumatera Selatan,EMPAT LAWANG,kabkota,2014,12.89,30.4
Sumatera Selatan,EMPAT LAWANG,kabkota,2015,13.33,31.62
Sumatera Selatan,EMPAT LAWANG,kabkota,2016,12.54,30.17
Sumatera Selatan,EMPAT LAWANG,kabkota,2017,12.44,30.29
Sumatera Selatan,EMPAT LAWANG,kabkota,2018,12.25,30.2
Sumatera Selatan,EMPAT LAWANG,kabkota,2019,12.3,30.68
Sumatera Selatan,EMPAT LAWANG,kabkota,2020,12.63,31.89
Sumatera Selatan,EMPAT LAWANG,kabkota,2021,13.35,34.11
Sumatera Selatan,EMPAT LAWANG,kabkota,2022,12.03,31.06
Sumatera Selatan,EMPAT LAWANG,kabkota,2023,11.8,30.78
Sumatera Selatan,EMPAT LAWANG,kabkota,2024,10.78,28.42
Sumatera Selatan,EMPAT LAWANG,kabkota,2025,10.48,27.88
Sumatera Selatan,KOTA LUBUKLINGGAU,kabkota,2004,16.42,28.0
Sumatera Selatan,KOTA LUBUKLINGGAU,kabkota,2005,16.11,28.4
Sumatera Selatan,KOTA LUBUKLINGGAU,kabkota,2006,16.01,28.5
Sumatera Selatan,KOTA LUBUKLINGGAU,kabkota,2007,14.25,25.6
Sumatera Selatan,KOTA LUBUKLINGGAU,kabkota,2008,17.36,31.8
Sumatera Selatan,KOTA LUBUKLINGGAU,kabkota,2009,15.12,28.1
Sumatera Selatan,KOTA LUBUKLINGGAU,kabkota,2010,15.3,30.9
Sumatera Selatan,KOTA LUBUKLINGGAU,kabkota,2011,14.43,29.7
Sumatera Selatan,KOTA LUBUKLINGGAU,kabkota,2012,13.89,29.2
Sumatera Selatan,KOTA LUBUKLINGGAU,kabkota,2013,14.37,30.7
Sumatera Selatan,KOTA LUBUKLINGGAU,kabkota,2014,13.9,30.2
Sumatera Selatan,KOTA LUBUKLINGGAU,kabkota,2015,15.16,33.21
Sumatera Selatan,KOTA LUBUKLINGGAU,kabkota,2016,13.99,31.05
Sumatera Selatan,KOTA LUBUKLINGGAU,kabkota,2017,13.12,29.54
Sumatera Selatan,KOTA LUBUKLINGGAU,kabkota,2018,13.02,29.74
Sumatera Selatan,KOTA LUBUKLINGGAU,kabkota,2019,12.95,29.98
Sumatera Selatan,KOTA LUBUKLINGGAU,kabkota,2020,12.71,29.8
Sumatera Selatan,KOTA LUBUKLINGGAU,kabkota,2021,13.23,31.61
Sumatera Selatan,KOTA LUBUKLINGGAU,kabkota,2022,12.68,30.68
Sumatera Selatan,KOTA LUBUKLINGGAU,kabkota,2023,12.65,31.02
Sumatera Selatan,KOTA LUBUKLINGGAU,kabkota,2024,11.14,27.65
Sumatera Selatan,KOTA LUBUKLINGGAU,kabkota,2025,10.49,26.35
Sumatera Selatan,KOTA PAGAR ALAM,kabkota,2004,14.91,16.9
Sumatera Selatan,KOTA PAGAR ALAM,kabkota,2005,13.2,15.2
Sumatera Selatan,KOTA PAGAR ALAM,kabkota,2006,11.88,13.7
Sumatera Selatan,KOTA PAGAR ALAM,kabkota,2007,9.75,11.2
Sumatera Selatan,KOTA PAGAR ALAM,kabkota,2008,10.23,11.8
Sumatera Selatan,KOTA PAGAR ALAM,kabkota,2009,9.66,11.2
Sumatera Selatan,KOTA PAGAR ALAM,kabkota,2010,9.81,12.4
Sumatera Selatan,KOTA PAGAR ALAM,kabkota,2011,9.24,11.9
Sumatera Selatan,KOTA PAGAR ALAM,kabkota,2012,9.0,11.7
Sumatera Selatan,KOTA PAGAR ALAM,kabkota,2013,9.0,11.8
Sumatera Selatan,KOTA PAGAR ALAM,kabkota,2014,8.9,11.8
Sumatera Selatan,KOTA PAGAR ALAM,kabkota,2015,9.64,12.87
Sumatera Selatan,KOTA PAGAR ALAM,kabkota,2016,9.19,12.4
Sumatera Selatan,KOTA PAGAR ALAM,kabkota,2017,8.89,12.12
Sumatera Selatan,KOTA PAGAR ALAM,kabkota,2018,8.77,12.07
Sumatera Selatan,KOTA PAGAR ALAM,kabkota,2019,8.9,12.37
Sumatera Selatan,KOTA PAGAR ALAM,kabkota,2020,9.07,12.71
Sumatera Selatan,KOTA PAGAR ALAM,kabkota,2021,9.4,13.27
Sumatera Selatan,KOTA PAGAR ALAM,kabkota,2022,8.47,12.05
Sumatera Selatan,KOTA PAGAR ALAM,kabkota,2023,8.88,12.73
Sumatera Selatan,KOTA PAGAR ALAM,kabkota,2024,8.18,11.82
Sumatera Selatan,KOTA PAGAR ALAM,kabkota,2025,7.7,11.2
Sumatera Selatan,KOTA PALEMBANG,kabkota,2004,9.57,124.1
Sumatera Selatan,KOTA PALEMBANG,kabkota,2005,9.35,125.9
Sumatera Selatan,KOTA PALEMBANG,kabkota,2006,9.23,126.3
Sumatera Selatan,KOTA PALEMBANG,kabkota,2007,8.98,124.4
Sumatera Selatan,KOTA PALEMBANG,kabkota,2008,16.66,235.3
Sumatera Selatan,KOTA PALEMBANG,kabkota,2009,14.75,211.8
Sumatera Selatan,KOTA PALEMBANG,kabkota,2010,15.0,218.6
Sumatera Selatan,KOTA PALEMBANG,kabkota,2011,14.13,210.0
Sumatera Selatan,KOTA PALEMBANG,kabkota,2012,13.59,206.5
Sumatera Selatan,KOTA PALEMBANG,kabkota,2013,13.36,206.0
Sumatera Selatan,KOTA PALEMBANG,kabkota,2014,12.93,202.3
Sumatera Selatan,KOTA PALEMBANG,kabkota,2015,12.85,203.12
Sumatera Selatan,KOTA PALEMBANG,kabkota,2016,12.04,191.95
Sumatera Selatan,KOTA PALEMBANG,kabkota,2017,11.4,184.41
Sumatera Selatan,KOTA PALEMBANG,kabkota,2018,10.95,179.32
Sumatera Selatan,KOTA PALEMBANG,kabkota,2019,10.9,180.67
Sumatera Selatan,KOTA PALEMBANG,kabkota,2020,10.89,182.61
Sumatera Selatan,KOTA PALEMBANG,kabkota,2021,11.34,194.12
Sumatera Selatan,KOTA PALEMBANG,kabkota,2022,10.48,181.65
Sumatera Selatan,KOTA PALEMBANG,kabkota,2023,10.22,179.45
Sumatera Selatan,KOTA PALEMBANG,kabkota,2024,9.77,173.59
Sumatera Selatan,KOTA PALEMBANG,kabkota,2025,9.04,162.31
Sumatera Selatan,KOTA PRABUMULIH,kabkota,2004,12.41,15.8
Sumatera Selatan,KOTA PRABUMULIH,kabkota,2005,11.83,15.5
Sumatera Selatan,KOTA PRABUMULIH,kabkota,2006,9.33,12.3
Sumatera Selatan,KOTA PRABUMULIH,kabkota,2007,7.57,10.0
Sumatera Selatan,KOTA PRABUMULIH,kabkota,2008,15.39,20.9
Sumatera Selatan,KOTA PRABUMULIH,kabkota,2009,13.93,19.1
Sumatera Selatan,KOTA PRABUMULIH,kabkota,2010,12.93,21.0
Sumatera Selatan,KOTA PRABUMULIH,kabkota,2011,12.19,20.2
Sumatera Selatan,KOTA PRABUMULIH,kabkota,2012,11.71,19.9
Sumatera Selatan,KOTA PRABUMULIH,kabkota,2013,11.23,19.4
Sumatera Selatan,KOTA PRABUMULIH,kabkota,2014,10.86,19.0
Sumatera Selatan,KOTA PRABUMULIH,kabkota,2015,12.12,21.37
Sumatera Selatan,KOTA PRABUMULIH,kabkota,2016,11.44,20.47
Sumatera Selatan,KOTA PRABUMULIH,kabkota,2017,11.42,20.72
Sumatera Selatan,KOTA PRABUMULIH,kabkota,2018,11.39,20.95
Sumatera Selatan,KOTA PRABUMULIH,kabkota,2019,11.61,21.62
Sumatera Selatan,KOTA PRABUMULIH,kabkota,2020,11.59,21.83
Sumatera Selatan,KOTA PRABUMULIH,kabkota,2021,12.2,23.6
Sumatera Selatan,KOTA PRABUMULIH,kabkota,2022,11.28,22.12
Sumatera Selatan,KOTA PRABUMULIH,kabkota,2023,11.23,22.33
Sumatera Selatan,KOTA PRABUMULIH,kabkota,2024,10.13,20.41
Sumatera Selatan,KOTA PRABUMULIH,kabkota,2025,9.75,19.89
Sumatera Selatan,LAHAT,kabkota,2004,29.61,160.2
Sumatera Selatan,LAHAT,kabkota,2005,29.57,162.6
Sumatera Selatan,LAHAT,kabkota,2006,29.67,163.1
Sumatera Selatan,LAHAT,kabkota,2007,28.09,94.9
Sumatera Selatan,LAHAT,kabkota,2008,23.21,78.7
Sumatera Selatan,LAHAT,kabkota,2009,20.98,71.3
Sumatera Selatan,LAHAT,kabkota,2010,19.02,70.5
Sumatera Selatan,LAHAT,kabkota,2011,17.92,67.7
Sumatera Selatan,LAHAT,kabkota,2012,17.46,66.6
Sumatera Selatan,LAHAT,kabkota,2013,18.61,71.8
Sumatera Selatan,LAHAT,kabkota,2014,18.02,70.3
Sumatera Selatan,LAHAT,kabkota,2015,18.02,70.67
Sumatera Selatan,LAHAT,kabkota,2016,17.11,67.83
Sumatera Selatan,LAHAT,kabkota,2017,16.81,67.33
Sumatera Selatan,LAHAT,kabkota,2018,16.15,65.31
Sumatera Selatan,LAHAT,kabkota,2019,15.92,65.03
Sumatera Selatan,LAHAT,kabkota,2020,15.95,65.75
Sumatera Selatan,LAHAT,kabkota,2021,16.46,68.4
Sumatera Selatan,LAHAT,kabkota,2022,15.61,65.39
Sumatera Selatan,LAHAT,kabkota,2023,15.0,63.36
Sumatera Selatan,LAHAT,kabkota,2024,14.14,60.19
Sumatera Selatan,LAHAT,kabkota,2025,13.69,58.66
Sumatera Selatan,MUARA ENIM,kabkota,2004,22.34,138.3
Sumatera Selatan,MUARA ENIM,kabkota,2005,22.03,140.3
Sumatera Selatan,MUARA ENIM,kabkota,2006,21.88,140.7
Sumatera Selatan,MUARA ENIM,kabkota,2007,19.87,128.5
Sumatera Selatan,MUARA ENIM,kabkota,2008,17.98,118.4
Sumatera Selatan,MUARA ENIM,kabkota,2009,15.96,106.4
Sumatera Selatan,MUARA ENIM,kabkota,2010,14.51,104.5
Sumatera Selatan,MUARA ENIM,kabkota,2011,13.71,100.4
Sumatera Selatan,MUARA ENIM,kabkota,2012,13.21,98.6
Sumatera Selatan,MUARA ENIM,kabkota,2013,14.26,108.2
Sumatera Selatan,MUARA ENIM,kabkota,2014,13.76,106.1
Sumatera Selatan,MUARA ENIM,kabkota,2015,14.54,86.95
Sumatera Selatan,MUARA ENIM,kabkota,2016,13.56,82.35
Sumatera Selatan,MUARA ENIM,kabkota,2017,13.19,81.3
Sumatera Selatan,MUARA ENIM,kabkota,2018,12.56,78.58
Sumatera Selatan,MUARA ENIM,kabkota,2019,12.41,78.75
Sumatera Selatan,MUARA ENIM,kabkota,2020,12.32,79.27
Sumatera Selatan,MUARA ENIM,kabkota,2021,12.32,80.4
Sumatera Selatan,MUARA ENIM,kabkota,2022,11.12,73.53
Sumatera Selatan,MUARA ENIM,kabkota,2023,10.93,73.24
Sumatera Selatan,MUARA ENIM,kabkota,2024,9.79,66.42
Sumatera Selatan,MUARA ENIM,kabkota,2025,9.45,64.82
Sumatera Selatan,MUSI BANYUASIN,kabkota,2004,36.39,164.4
Sumatera Selatan,MUSI BANYUASIN,kabkota,2005,36.28,171.3
Sumatera Selatan,MUSI BANYUASIN,kabkota,2006,35.52,171.8
Sumatera Selatan,MUSI BANYUASIN,kabkota,2007,33.6,165.6
Sumatera Selatan,MUSI BANYUASIN,kabkota,2008,25.45,129.5
Sumatera Selatan,MUSI BANYUASIN,kabkota,2009,22.76,118.9
Sumatera Selatan,MUSI BANYUASIN,kabkota,2010,20.06,113.4
Sumatera Selatan,MUSI BANYUASIN,kabkota,2011,18.99,108.9
Sumatera Selatan,MUSI BANYUASIN,kabkota,2012,18.29,107.0
Sumatera Selatan,MUSI BANYUASIN,kabkota,2013,18.02,107.2
Sumatera Selatan,MUSI BANYUASIN,kabkota,2014,17.38,105.1
Sumatera Selatan,MUSI BANYUASIN,kabkota,2015,18.35,111.9
Sumatera Selatan,MUSI BANYUASIN,kabkota,2016,17.27,106.78
Sumatera Selatan,MUSI BANYUASIN,kabkota,2017,16.75,105.08
Sumatera Selatan,MUSI BANYUASIN,kabkota,2018,16.52,105.15
Sumatera Selatan,MUSI BANYUASIN,kabkota,2019,16.41,105.83
Sumatera Selatan,MUSI BANYUASIN,kabkota,2020,16.13,105.38
Sumatera Selatan,MUSI BANYUASIN,kabkota,2021,15.84,105.23
Sumatera Selatan,MUSI BANYUASIN,kabkota,2022,15.19,102.24
Sumatera Selatan,MUSI BANYUASIN,kabkota,2023,14.9,101.63
Sumatera Selatan,MUSI BANYUASIN,kabkota,2024,12.88,88.94
Sumatera Selatan,MUSI BANYUASIN,kabkota,2025,9.97,69.61
Sumatera Selatan,MUSI RAWAS,kabkota,2004,35.4,164.0
Sumatera Selatan,MUSI RAWAS,kabkota,2005,34.82,166.4
Sumatera Selatan,MUSI RAWAS,kabkota,2006,34.49,166.9
Sumatera Selatan,MUSI RAWAS,kabkota,2007,32.93,160.3
Sumatera Selatan,MUSI RAWAS,kabkota,2008,24.27,120.7
Sumatera Selatan,MUSI RAWAS,kabkota,2009,21.4,108.0
Sumatera Selatan,MUSI RAWAS,kabkota,2010,19.38,102.0
Sumatera Selatan,MUSI RAWAS,kabkota,2011,18.25,98.0
Sumatera Selatan,MUSI RAWAS,kabkota,2012,17.67,96.4
Sumatera Selatan,MUSI RAWAS,kabkota,2013,17.85,98.8
Sumatera Selatan,MUSI RAWAS,kabkota,2014,17.28,97.0
Sumatera Selatan,MUSI RAWAS,kabkota,2015,15.13,58.01
Sumatera Selatan,MUSI RAWAS,kabkota,2016,14.3,55.5
Sumatera Selatan,MUSI RAWAS,kabkota,2017,14.24,55.96
Sumatera Selatan,MUSI RAWAS,kabkota,2018,13.76,54.75
Sumatera Selatan,MUSI RAWAS,kabkota,2019,13.37,53.82
Sumatera Selatan,MUSI RAWAS,kabkota,2020,13.5,54.95
Sumatera Selatan,MUSI RAWAS,kabkota,2021,13.89,57.46
Sumatera Selatan,MUSI RAWAS,kabkota,2022,13.34,55.8
Sumatera Selatan,MUSI RAWAS,kabkota,2023,14.13,59.75
Sumatera Selatan,MUSI RAWAS,kabkota,2024,13.44,57.44
Sumatera Selatan,MUSI RAWAS,kabkota,2025,12.67,54.7
Sumatera Selatan,MUSI RAWAS UTARA,kabkota,2004,,
Sumatera Selatan,MUSI RAWAS UTARA,kabkota,2005,,
Sumatera Selatan,MUSI RAWAS UTARA,kabkota,2006,,
Sumatera Selatan,MUSI RAWAS UTARA,kabkota,2007,,
Sumatera Selatan,MUSI RAWAS UTARA,kabkota,2008,,
Sumatera Selatan,MUSI RAWAS UTARA,kabkota,2009,,
Sumatera Selatan,MUSI RAWAS UTARA,kabkota,2010,,
Sumatera Selatan,MUSI RAWAS UTARA,kabkota,2011,,
Sumatera Selatan,MUSI RAWAS UTARA,kabkota,2012,,
Sumatera Selatan,MUSI RAWAS UTARA,kabkota,2013,,
Sumatera Selatan,MUSI RAWAS UTARA,kabkota,2014,,
Sumatera Selatan,MUSI RAWAS UTARA,kabkota,2015,19.73,35.92
Sumatera Selatan,MUSI RAWAS UTARA,kabkota,2016,20.0,36.95
Sumatera Selatan,MUSI RAWAS UTARA,kabkota,2017,19.49,36.45
Sumatera Selatan,MUSI RAWAS UTARA,kabkota,2018,19.12,36.19
Sumatera Selatan,MUSI RAWAS UTARA,kabkota,2019,19.12,36.63
Sumatera Selatan,MUSI RAWAS UTARA,kabkota,2020,19.47,37.75
Sumatera Selatan,MUSI RAWAS UTARA,kabkota,2021,20.11,39.5
Sumatera Selatan,MUSI RAWAS UTARA,kabkota,2022,18.45,36.65
Sumatera Selatan,MUSI RAWAS UTARA,kabkota,2023,18.26,36.68
Sumatera Selatan,MUSI RAWAS UTARA,kabkota,2024,17.38,35.29
Sumatera Selatan,MUSI RAWAS UTARA,kabkota,2025,15.25,31.25
Sumatera Selatan,OGAN ILIR,kabkota,2004,,
Sumatera Selatan,OGAN ILIR,kabkota,2005,23.75,85.5
Sumatera Selatan,OGAN ILIR,kabkota,2006,22.67,82.7
Sumatera Selatan,OGAN ILIR,kabkota,2007,21.57,79.6
Sumatera Selatan,OGAN ILIR,kabkota,2008,17.78,67.1
Sumatera Selatan,OGAN ILIR,kabkota,2009,15.65,60.1
Sumatera Selatan,OGAN ILIR,kabkota,2010,13.97,53.4
Sumatera Selatan,OGAN ILIR,kabkota,2011,13.18,51.3
Sumatera Selatan,OGAN ILIR,kabkota,2012,12.79,50.4
Sumatera Selatan,OGAN ILIR,kabkota,2013,13.86,55.4
Sumatera Selatan,OGAN ILIR,kabkota,2014,13.38,54.2
Sumatera Selatan,OGAN ILIR,kabkota,2015,14.43,58.96
Sumatera Selatan,OGAN ILIR,kabkota,2016,13.8,57.01
Sumatera Selatan,OGAN ILIR,kabkota,2017,13.58,56.84
Sumatera Selatan,OGAN ILIR,kabkota,2018,13.19,55.87
Sumatera Selatan,OGAN ILIR,kabkota,2019,13.31,57.06
Sumatera Selatan,OGAN ILIR,kabkota,2020,13.36,57.97
Sumatera Selatan,OGAN ILIR,kabkota,2021,13.82,60.5
Sumatera Selatan,OGAN ILIR,kabkota,2022,12.33,54.55
Sumatera Selatan,OGAN ILIR,kabkota,2023,13.28,59.33
Sumatera Selatan,OGAN ILIR,kabkota,2024,12.3,55.49
Sumatera Selatan,OGAN ILIR,kabkota,2025,11.69,53.21
Sumatera Selatan,OGAN KOMERING ILIR,kabkota,2004,22.02,218.9
Sumatera Selatan,OGAN KOMERING ILIR,kabkota,2005,24.47,161.6
Sumatera Selatan,OGAN KOMERING ILIR,kabkota,2006,25.93,174.1
Sumatera Selatan,OGAN KOMERING ILIR,kabkota,2007,22.5,152.7
Sumatera Selatan,OGAN KOMERING ILIR,kabkota,2008,17.67,122.7
Sumatera Selatan,OGAN KOMERING ILIR,kabkota,2009,16.17,114.2
Sumatera Selatan,OGAN KOMERING ILIR,kabkota,2010,15.98,116.5
Sumatera Selatan,OGAN KOMERING ILIR,kabkota,2011,15.06,111.9
Sumatera Selatan,OGAN KOMERING ILIR,kabkota,2012,14.54,109.9
Sumatera Selatan,OGAN KOMERING ILIR,kabkota,2013,15.82,121.4
Sumatera Selatan,OGAN KOMERING ILIR,kabkota,2014,15.3,119.2
Sumatera Selatan,OGAN KOMERING ILIR,kabkota,2015,17.08,134.07
Sumatera Selatan,OGAN KOMERING ILIR,kabkota,2016,16.03,127.54
Sumatera Selatan,OGAN KOMERING ILIR,kabkota,2017,15.75,127.06
Sumatera Selatan,OGAN KOMERING ILIR,kabkota,2018,15.28,124.86
Sumatera Selatan,OGAN KOMERING ILIR,kabkota,2019,15.01,124.14
Sumatera Selatan,OGAN KOMERING ILIR,kabkota,2020,14.73,123.34
Sumatera Selatan,OGAN KOMERING ILIR,kabkota,2021,14.68,124.78
Sumatera Selatan,OGAN KOMERING ILIR,kabkota,2022,13.23,113.79
Sumatera Selatan,OGAN KOMERING ILIR,kabkota,2023,13.15,114.48
Sumatera Selatan,OGAN KOMERING ILIR,kabkota,2024,12.08,106.37
Sumatera Selatan,OGAN KOMERING ILIR,kabkota,2025,11.84,105.26
Sumatera Selatan,OGAN KOMERING ULU,kabkota,2004,18.16,201.4
Sumatera Selatan,OGAN KOMERING ULU,kabkota,2005,17.59,45.2
Sumatera Selatan,OGAN KOMERING ULU,kabkota,2006,17.8,46.1
Sumatera Selatan,OGAN KOMERING ULU,kabkota,2007,15.69,40.6
Sumatera Selatan,OGAN KOMERING ULU,kabkota,2008,14.64,38.6
Sumatera Selatan,OGAN KOMERING ULU,kabkota,2009,13.17,35.1
Sumatera Selatan,OGAN KOMERING ULU,kabkota,2010,12.28,39.9
Sumatera Selatan,OGAN KOMERING ULU,kabkota,2011,11.58,38.3
Sumatera Selatan,OGAN KOMERING ULU,kabkota,2012,11.19,37.6
Sumatera Selatan,OGAN KOMERING ULU,kabkota,2013,12.31,42.0
Sumatera Selatan,OGAN KOMERING ULU,kabkota,2014,11.96,41.4
Sumatera Selatan,OGAN KOMERING ULU,kabkota,2015,13.22,46.04
Sumatera Selatan,OGAN KOMERING ULU,kabkota,2016,13.29,46.97
Sumatera Selatan,OGAN KOMERING ULU,kabkota,2017,12.95,46.34
Sumatera Selatan,OGAN KOMERING ULU,kabkota,2018,12.61,45.71
Sumatera Selatan,OGAN KOMERING ULU,kabkota,2019,12.77,46.84
Sumatera Selatan,OGAN KOMERING ULU,kabkota,2020,12.75,47.3
Sumatera Selatan,OGAN KOMERING ULU,kabkota,2021,12.62,47.5
Sumatera Selatan,OGAN KOMERING ULU,kabkota,2022,11.61,44.2
Sumatera Selatan,OGAN KOMERING ULU,kabkota,2023,11.46,44.11
Sumatera Selatan,OGAN KOMERING ULU,kabkota,2024,10.68,41.54
Sumatera Selatan,OGAN KOMERING ULU,kabkota,2025,10.08,39.58
Sumatera Selatan,OGAN KOMERING ULU SELATAN,kabkota,2004,,
Sumatera Selatan,OGAN KOMERING ULU SELATAN,kabkota,2005,18.42,58.8
Sumatera Selatan,OGAN KOMERING ULU SELATAN,kabkota,2006,21.06,67.8
Sumatera Selatan,OGAN KOMERING ULU SELATAN,kabkota,2007,18.96,61.2
Sumatera Selatan,OGAN KOMERING ULU SELATAN,kabkota,2008,14.56,47.7
Sumatera Selatan,OGAN KOMERING ULU SELATAN,kabkota,2009,12.73,42.1
Sumatera Selatan,OGAN KOMERING ULU SELATAN,kabkota,2010,11.53,36.7
Sumatera Selatan,OGAN KOMERING ULU SELATAN,kabkota,2011,10.84,35.3
Sumatera Selatan,OGAN KOMERING ULU SELATAN,kabkota,2012,10.49,34.7
Sumatera Selatan,OGAN KOMERING ULU SELATAN,kabkota,2013,11.57,38.9
Sumatera Selatan,OGAN KOMERING ULU SELATAN,kabkota,2014,11.21,38.2
Sumatera Selatan,OGAN KOMERING ULU SELATAN,kabkota,2015,11.58,40.63
Sumatera Selatan,OGAN KOMERING ULU SELATAN,kabkota,2016,10.95,38.42
Sumatera Selatan,OGAN KOMERING ULU SELATAN,kabkota,2017,10.98,38.63
Sumatera Selatan,OGAN KOMERING ULU SELATAN,kabkota,2018,10.64,37.87
Sumatera Selatan,OGAN KOMERING ULU SELATAN,kabkota,2019,10.53,37.92
Sumatera Selatan,OGAN KOMERING ULU SELATAN,kabkota,2020,10.85,39.5
Sumatera Selatan,OGAN KOMERING ULU SELATAN,kabkota,2021,11.12,41.23
Sumatera Selatan,OGAN KOMERING ULU SELATAN,kabkota,2022,10.56,39.61
Sumatera Selatan,OGAN KOMERING ULU SELATAN,kabkota,2023,10.36,39.3
Sumatera Selatan,OGAN KOMERING ULU SELATAN,kabkota,2024,9.86,37.81
Sumatera Selatan,OGAN KOMERING ULU SELATAN,kabkota,2025,9.17,35.49
Sumatera Selatan,OGAN KOMERING ULU TIMUR,kabkota,2004,,
Sumatera Selatan,OGAN KOMERING ULU TIMUR,kabkota,2005,18.38,102.8
Sumatera Selatan,OGAN KOMERING ULU TIMUR,kabkota,2006,18.26,103.1
Sumatera Selatan,OGAN KOMERING ULU TIMUR,kabkota,2007,16.03,90.7
Sumatera Selatan,OGAN KOMERING ULU TIMUR,kabkota,2008,12.12,69.6
Sumatera Selatan,OGAN KOMERING ULU TIMUR,kabkota,2009,9.95,57.7
Sumatera Selatan,OGAN KOMERING ULU TIMUR,kabkota,2010,9.81,59.9
Sumatera Selatan,OGAN KOMERING ULU TIMUR,kabkota,2011,9.23,57.5
Sumatera Selatan,OGAN KOMERING ULU TIMUR,kabkota,2012,8.98,56.5
Sumatera Selatan,OGAN KOMERING ULU TIMUR,kabkota,2013,10.28,65.4
Sumatera Selatan,OGAN KOMERING ULU TIMUR,kabkota,2014,10.13,65.3
Sumatera Selatan,OGAN KOMERING ULU TIMUR,kabkota,2015,11.24,72.84
Sumatera Selatan,OGAN KOMERING ULU TIMUR,kabkota,2016,11.29,73.93
Sumatera Selatan,OGAN KOMERING ULU TIMUR,kabkota,2017,11.0,72.81
Sumatera Selatan,OGAN KOMERING ULU TIMUR,kabkota,2018,10.57,70.65
Sumatera Selatan,OGAN KOMERING ULU TIMUR,kabkota,2019,10.43,70.4
Sumatera Selatan,OGAN KOMERING ULU TIMUR,kabkota,2020,10.43,71.1
Sumatera Selatan,OGAN KOMERING ULU TIMUR,kabkota,2021,10.6,72.89
Sumatera Selatan,OGAN KOMERING ULU TIMUR,kabkota,2022,10.05,69.69
Sumatera Selatan,OGAN KOMERING ULU TIMUR,kabkota,2023,9.99,69.91
Sumatera Selatan,OGAN KOMERING ULU TIMUR,kabkota,2024,9.75,68.74
Sumatera Selatan,OGAN KOMERING ULU TIMUR,kabkota,2025,8.86,62.89
Sumatera Selatan,PENUKAL ABAB LEMATANG ILIR,kabkota,2004,,
Sumatera Selatan,PENUKAL ABAB LEMATANG ILIR,kabkota,2005,,
Sumatera Selatan,PENUKAL ABAB LEMATANG ILIR,kabkota,2006,,
Sumatera Selatan,PENUKAL ABAB LEMATANG ILIR,kabkota,2007,,
Sumatera Selatan,PENUKAL ABAB LEMATANG ILIR,kabkota,2008,,
Sumatera Selatan,PENUKAL ABAB LEMATANG ILIR,kabkota,2009,,
Sumatera Selatan,PENUKAL ABAB LEMATANG ILIR,kabkota,2010,,
Sumatera Selatan,PENUKAL ABAB LEMATANG ILIR,kabkota,2011,,
Sumatera Selatan,PENUKAL ABAB LEMATANG ILIR,kabkota,2012,,
Sumatera Selatan,PENUKAL ABAB LEMATANG ILIR,kabkota,2013,,
Sumatera Selatan,PENUKAL ABAB LEMATANG ILIR,kabkota,2014,,
Sumatera Selatan,PENUKAL ABAB LEMATANG ILIR,kabkota,2015,14.88,26.81
Sumatera Selatan,PENUKAL ABAB LEMATANG ILIR,kabkota,2016,14.26,25.89
Sumatera Selatan,PENUKAL ABAB LEMATANG ILIR,kabkota,2017,14.53,26.75
Sumatera Selatan,PENUKAL ABAB LEMATANG ILIR,kabkota,2018,13.81,25.78
Sumatera Selatan,PENUKAL ABAB LEMATANG ILIR,kabkota,2019,13.47,25.47
Sumatera Selatan,PENUKAL ABAB LEMATANG ILIR,kabkota,2020,12.62,24.17
Sumatera Selatan,PENUKAL ABAB LEMATANG ILIR,kabkota,2021,12.91,25.1
Sumatera Selatan,PENUKAL ABAB LEMATANG ILIR,kabkota,2022,11.76,23.14
Sumatera Selatan,PENUKAL ABAB LEMATANG ILIR,kabkota,2023,10.91,21.72
Sumatera Selatan,PENUKAL ABAB LEMATANG ILIR,kabkota,2024,9.82,19.79
Sumatera Selatan,PENUKAL ABAB LEMATANG ILIR,kabkota,2025,9.27,18.87
Sumatera Selatan,Sumatera Selatan,provinsi,2004,20.92,
Sumatera Selatan,Sumatera Selatan,provinsi,2005,21.01,
Sumatera Selatan,Sumatera Selatan,provinsi,2006,20.99,
Sumatera Selatan,Sumatera Selatan,provinsi,2007,19.15,
Sumatera Selatan,Sumatera Selatan,provinsi,2008,17.67,
Sumatera Selatan,Sumatera Selatan,provinsi,2009,15.68,
Sumatera Selatan,Sumatera Selatan,provinsi,2010,14.8,
Sumatera Selatan,Sumatera Selatan,provinsi,2011,13.95,
Sumatera Selatan,Sumatera Selatan,provinsi,2012,13.48,
Sumatera Selatan,Sumatera Selatan,provinsi,2013,14.06,
Sumatera Selatan,Sumatera Selatan,provinsi,2014,13.62,
Sumatera Selatan,Sumatera Selatan,provinsi,2015,14.25,
Sumatera Selatan,Sumatera Selatan,provinsi,2016,13.54,
Sumatera Selatan,Sumatera Selatan,provinsi,2017,13.19,1086.92
Sumatera Selatan,Sumatera Selatan,provinsi,2018,12.8,1068.27
Sumatera Selatan,Sumatera Selatan,provinsi,2019,12.71,1073.74
Sumatera Selatan,Sumatera Selatan,provinsi,2020,12.66,1081.59
Sumatera Selatan,Sumatera Selatan,provinsi,2021,12.84,1113.76
Sumatera Selatan,Sumatera Selatan,provinsi,2022,11.9,1044.69
Sumatera Selatan,Sumatera Selatan,provinsi,2023,11.78,1045.68
Sumatera Selatan,Sumatera Selatan,provinsi,2024,10.97,984.24
Sumatera Selatan,Sumatera Selatan,provinsi,2025,10.15,919.6
Sumatera Utara,ASAHAN,kabkota,2004,12.91,129.6
Sumatera Utara,ASAHAN,kabkota,2005,13.29,138.6
Sumatera Utara,ASAHAN,kabkota,2006,13.45,139.6
Sumatera Utara,ASAHAN,kabkota,2007,13.77,91.8
Sumatera Utara,ASAHAN,kabkota,2008,12.89,88.0
Sumatera Utara,ASAHAN,kabkota,2009,12.09,83.7
Sumatera Utara,ASAHAN,kabkota,2010,11.42,76.3
Sumatera Utara,ASAHAN,kabkota,2011,10.85,73.4
Sumatera Utara,ASAHAN,kabkota,2012,10.52,72.3
Sumatera Utara,ASAHAN,kabkota,2013,11.6,80.5
Sumatera Utara,ASAHAN,kabkota,2014,10.98,77.0
Sumatera Utara,ASAHAN,kabkota,2015,12.09,85.16
Sumatera Utara,ASAHAN,kabkota,2016,11.86,84.35
Sumatera Utara,ASAHAN,kabkota,2017,11.67,83.67
Sumatera Utara,ASAHAN,kabkota,2018,10.25,74.14
Sumatera Utara,ASAHAN,kabkota,2019,9.68,70.53
Sumatera Utara,ASAHAN,kabkota,2020,9.04,66.32
Sumatera Utara,ASAHAN,kabkota,2021,9.35,69.29
Sumatera Utara,ASAHAN,kabkota,2022,8.64,64.49
Sumatera Utara,ASAHAN,kabkota,2023,8.21,61.69
Sumatera Utara,ASAHAN,kabkota,2024,8.12,61.34
Sumatera Utara,ASAHAN,kabkota,2025,7.18,54.57
Sumatera Utara,BATU BARA,kabkota,2004,,
Sumatera Utara,BATU BARA,kabkota,2005,,
Sumatera Utara,BATU BARA,kabkota,2006,,
Sumatera Utara,BATU BARA,kabkota,2007,17.89,67.7
Sumatera Utara,BATU BARA,kabkota,2008,13.64,51.7
Sumatera Utara,BATU BARA,kabkota,2009,12.87,49.5
Sumatera Utara,BATU BARA,kabkota,2010,12.28,46.1
Sumatera Utara,BATU BARA,kabkota,2011,11.67,44.3
Sumatera Utara,BATU BARA,kabkota,2012,11.24,43.7
Sumatera Utara,BATU BARA,kabkota,2013,11.92,46.9
Sumatera Utara,BATU BARA,kabkota,2014,11.25,44.7
Sumatera Utara,BATU BARA,kabkota,2015,12.61,50.37
Sumatera Utara,BATU BARA,kabkota,2016,12.24,49.42
Sumatera Utara,BATU BARA,kabkota,2017,12.48,50.91
Sumatera Utara,BATU BARA,kabkota,2018,12.57,51.78
Sumatera Utara,BATU BARA,kabkota,2019,12.14,50.46
Sumatera Utara,BATU BARA,kabkota,2020,11.88,49.78
Sumatera Utara,BATU BARA,kabkota,2021,12.38,52.59
Sumatera Utara,BATU BARA,kabkota,2022,11.53,49.39
Sumatera Utara,BATU BARA,kabkota,2023,11.38,49.18
Sumatera Utara,BATU BARA,kabkota,2024,10.94,47.66
Sumatera Utara,BATU BARA,kabkota,2025,10.1,44.28
Sumatera Utara,DAIRI,kabkota,2004,21.16,54.6
Sumatera Utara,DAIRI,kabkota,2005,19.54,52.0
Sumatera Utara,DAIRI,kabkota,2006,17.91,48.0
Sumatera Utara,DAIRI,kabkota,2007,15.82,42.2
Sumatera Utara,DAIRI,kabkota,2008,11.07,29.8
Sumatera Utara,DAIRI,kabkota,2009,10.03,27.1
Sumatera Utara,DAIRI,kabkota,2010,9.97,26.9
Sumatera Utara,DAIRI,kabkota,2011,9.48,25.9
Sumatera Utara,DAIRI,kabkota,2012,9.28,25.5
Sumatera Utara,DAIRI,kabkota,2013,8.68,24.0
Sumatera Utara,DAIRI,kabkota,2014,8.4,23.4
Sumatera Utara,DAIRI,kabkota,2015,9.09,25.33
Sumatera Utara,DAIRI,kabkota,2016,8.9,24.94
Sumatera Utara,DAIRI,kabkota,2017,8.87,24.98
Sumatera Utara,DAIRI,kabkota,2018,8.2,23.19
Sumatera Utara,DAIRI,kabkota,2019,7.7,21.86
Sumatera Utara,DAIRI,kabkota,2020,8.04,22.93
Sumatera Utara,DAIRI,kabkota,2021,8.31,23.72
Sumatera Utara,DAIRI,kabkota,2022,7.88,22.53
Sumatera Utara,DAIRI,kabkota,2023,7.47,21.42
Sumatera Utara,DAIRI,kabkota,2024,7.1,20.4
Sumatera Utara,DAIRI,kabkota,2025,6.98,20.05
Sumatera Utara,DELI SERDANG,kabkota,2004,7.91,165.5
Sumatera Utara,DELI SERDANG,kabkota,2005,6.3,100.7
Sumatera Utara,DELI SERDANG,kabkota,2006,6.7,109.5
Sumatera Utara,DELI SERDANG,kabkota,2007,5.67,94.8
Sumatera Utara,DELI SERDANG,kabkota,2008,5.16,89.0
Sumatera Utara,DELI SERDANG,kabkota,2009,5.17,91.4
Sumatera Utara,DELI SERDANG,kabkota,2010,5.34,96.0
Sumatera Utara,DELI SERDANG,kabkota,2011,5.1,92.3
Sumatera Utara,DELI SERDANG,kabkota,2012,4.78,91.2
Sumatera Utara,DELI SERDANG,kabkota,2013,4.71,92.0
Sumatera Utara,DELI SERDANG,kabkota,2014,4.56,90.9
Sumatera Utara,DELI SERDANG,kabkota,2015,4.74,95.65
Sumatera Utara,DELI SERDANG,kabkota,2016,4.86,100.09
Sumatera Utara,DELI SERDANG,kabkota,2017,4.62,97.09
Sumatera Utara,DELI SERDANG,kabkota,2018,4.13,88.52
Sumatera Utara,DELI SERDANG,kabkota,2019,3.89,84.94
Sumatera Utara,DELI SERDANG,kabkota,2020,3.88,86.26
Sumatera Utara,DELI SERDANG,kabkota,2021,4.01,92.52
Sumatera Utara,DELI SERDANG,kabkota,2022,3.62,85.28
Sumatera Utara,DELI SERDANG,kabkota,2023,3.44,82.75
Sumatera Utara,DELI SERDANG,kabkota,2024,3.44,84.24
Sumatera Utara,DELI SERDANG,kabkota,2025,3.11,77.7
Sumatera Utara,HUMBANG HASUNDUTAN,kabkota,2004,20.11,30.7
Sumatera Utara,HUMBANG HASUNDUTAN,kabkota,2005,20.42,31.9
Sumatera Utara,HUMBANG HASUNDUTAN,kabkota,2006,18.36,28.1
Sumatera Utara,HUMBANG HASUNDUTAN,kabkota,2007,18.84,28.4
Sumatera Utara,HUMBANG HASUNDUTAN,kabkota,2008,12.99,20.0
Sumatera Utara,HUMBANG HASUNDUTAN,kabkota,2009,11.31,17.6
Sumatera Utara,HUMBANG HASUNDUTAN,kabkota,2010,10.6,18.2
Sumatera Utara,HUMBANG HASUNDUTAN,kabkota,2011,10.09,17.5
Sumatera Utara,HUMBANG HASUNDUTAN,kabkota,2012,9.73,17.2
Sumatera Utara,HUMBANG HASUNDUTAN,kabkota,2013,10.0,17.9
Sumatera Utara,HUMBANG HASUNDUTAN,kabkota,2014,9.44,17.1
Sumatera Utara,HUMBANG HASUNDUTAN,kabkota,2015,9.85,18.04
Sumatera Utara,HUMBANG HASUNDUTAN,kabkota,2016,9.78,18.04
Sumatera Utara,HUMBANG HASUNDUTAN,kabkota,2017,9.85,18.35
Sumatera Utara,HUMBANG HASUNDUTAN,kabkota,2018,9.0,16.93
Sumatera Utara,HUMBANG HASUNDUTAN,kabkota,2019,8.75,16.6
Sumatera Utara,HUMBANG HASUNDUTAN,kabkota,2020,9.36,17.92
Sumatera Utara,HUMBANG HASUNDUTAN,kabkota,2021,9.65,18.71
Sumatera Utara,HUMBANG HASUNDUTAN,kabkota,2022,8.86,17.33
Sumatera Utara,HUMBANG HASUNDUTAN,kabkota,2023,8.69,17.14
Sumatera Utara,HUMBANG HASUNDUTAN,kabkota,2024,8.44,16.78
Sumatera Utara,HUMBANG HASUNDUTAN,kabkota,2025,7.8,15.62
Sumatera Utara,KARO,kabkota,2004,20.0,62.1
Sumatera Utara,KARO,kabkota,2005,17.68,56.9
Sumatera Utara,KARO,kabkota,2006,16.71,57.3
Sumatera Utara,KARO,kabkota,2007,14.47,50.5
Sumatera Utara,KARO,kabkota,2008,12.86,46.1
Sumatera Utara,KARO,kabkota,2009,11.42,41.8
Sumatera Utara,KARO,kabkota,2010,11.02,38.7
Sumatera Utara,KARO,kabkota,2011,10.49,37.2
Sumatera Utara,KARO,kabkota,2012,9.93,36.7
Sumatera Utara,KARO,kabkota,2013,9.79,36.9
Sumatera Utara,KARO,kabkota,2014,9.2,35.4
Sumatera Utara,KARO,kabkota,2015,9.68,37.52
Sumatera Utara,KARO,kabkota,2016,9.81,38.74
Sumatera Utara,KARO,kabkota,2017,9.97,40.02
Sumatera Utara,KARO,kabkota,2018,8.67,35.36
Sumatera Utara,KARO,kabkota,2019,8.23,34.08
Sumatera Utara,KARO,kabkota,2020,8.7,36.57
Sumatera Utara,KARO,kabkota,2021,8.79,38.01
Sumatera Utara,KARO,kabkota,2022,8.17,35.93
Sumatera Utara,KARO,kabkota,2023,7.98,35.65
Sumatera Utara,KARO,kabkota,2024,7.37,33.44
Sumatera Utara,KARO,kabkota,2025,6.66,30.67
Sumatera Utara,KOTA BINJAI,kabkota,2004,6.4,14.7
Sumatera Utara,KOTA BINJAI,kabkota,2005,6.93,16.7
Sumatera Utara,KOTA BINJAI,kabkota,2006,6.89,16.8
Sumatera Utara,KOTA BINJAI,kabkota,2007,5.72,14.0
Sumatera Utara,KOTA BINJAI,kabkota,2008,8.12,20.3
Sumatera Utara,KOTA BINJAI,kabkota,2009,7.04,17.9
Sumatera Utara,KOTA BINJAI,kabkota,2010,7.33,18.1
Sumatera Utara,KOTA BINJAI,kabkota,2011,7.0,17.4
Sumatera Utara,KOTA BINJAI,kabkota,2012,6.72,17.2
Sumatera Utara,KOTA BINJAI,kabkota,2013,6.75,17.5
Sumatera Utara,KOTA BINJAI,kabkota,2014,6.38,16.7
Sumatera Utara,KOTA BINJAI,kabkota,2015,7.03,18.6
Sumatera Utara,KOTA BINJAI,kabkota,2016,6.67,17.8
Sumatera Utara,KOTA BINJAI,kabkota,2017,6.75,18.23
Sumatera Utara,KOTA BINJAI,kabkota,2018,5.88,16.07
Sumatera Utara,KOTA BINJAI,kabkota,2019,5.66,15.61
Sumatera Utara,KOTA BINJAI,kabkota,2020,5.71,15.91
Sumatera Utara,KOTA BINJAI,kabkota,2021,5.81,16.46
Sumatera Utara,KOTA BINJAI,kabkota,2022,5.1,14.61
Sumatera Utara,KOTA BINJAI,kabkota,2023,4.79,13.85
Sumatera Utara,KOTA BINJAI,kabkota,2024,4.75,13.86
Sumatera Utara,KOTA BINJAI,kabkota,2025,4.71,13.87
Sumatera Utara,KOTA GUNUNGSITOLI,kabkota,2004,,
Sumatera Utara,KOTA GUNUNGSITOLI,kabkota,2005,,
Sumatera Utara,KOTA GUNUNGSITOLI,kabkota,2006,,
Sumatera Utara,KOTA GUNUNGSITOLI,kabkota,2007,,
Sumatera Utara,KOTA GUNUNGSITOLI,kabkota,2008,,
Sumatera Utara,KOTA GUNUNGSITOLI,kabkota,2009,,
Sumatera Utara,KOTA GUNUNGSITOLI,kabkota,2010,33.86,42.6
Sumatera Utara,KOTA GUNUNGSITOLI,kabkota,2011,32.12,41.0
Sumatera Utara,KOTA GUNUNGSITOLI,kabkota,2012,30.85,40.4
Sumatera Utara,KOTA GUNUNGSITOLI,kabkota,2013,30.94,41.1
Sumatera Utara,KOTA GUNUNGSITOLI,kabkota,2014,27.63,37.2
Sumatera Utara,KOTA GUNUNGSITOLI,kabkota,2015,25.42,34.47
Sumatera Utara,KOTA GUNUNGSITOLI,kabkota,2016,23.43,32.17
Sumatera Utara,KOTA GUNUNGSITOLI,kabkota,2017,21.66,30.08
Sumatera Utara,KOTA GUNUNGSITOLI,kabkota,2018,18.44,25.91
Sumatera Utara,KOTA GUNUNGSITOLI,kabkota,2019,16.23,23.06
Sumatera Utara,KOTA GUNUNGSITOLI,kabkota,2020,16.41,23.54
Sumatera Utara,KOTA GUNUNGSITOLI,kabkota,2021,16.45,24.02
Sumatera Utara,KOTA GUNUNGSITOLI,kabkota,2022,14.81,21.85
Sumatera Utara,KOTA GUNUNGSITOLI,kabkota,2023,14.78,22.03
Sumatera Utara,KOTA GUNUNGSITOLI,kabkota,2024,14.72,22.16
Sumatera Utara,KOTA GUNUNGSITOLI,kabkota,2025,13.85,21.05
Sumatera Utara,KOTA MEDAN,kabkota,2004,7.13,142.6
Sumatera Utara,KOTA MEDAN,kabkota,2005,7.06,146.4
Sumatera Utara,KOTA MEDAN,kabkota,2006,7.8,161.1
Sumatera Utara,KOTA MEDAN,kabkota,2007,7.17,148.1
Sumatera Utara,KOTA MEDAN,kabkota,2008,10.43,217.3
Sumatera Utara,KOTA MEDAN,kabkota,2009,9.58,200.4
Sumatera Utara,KOTA MEDAN,kabkota,2010,10.05,212.3
Sumatera Utara,KOTA MEDAN,kabkota,2011,9.63,204.2
Sumatera Utara,KOTA MEDAN,kabkota,2012,9.33,201.1
Sumatera Utara,KOTA MEDAN,kabkota,2013,9.64,209.7
Sumatera Utara,KOTA MEDAN,kabkota,2014,9.12,200.3
Sumatera Utara,KOTA MEDAN,kabkota,2015,9.41,207.5
Sumatera Utara,KOTA MEDAN,kabkota,2016,9.3,206.87
Sumatera Utara,KOTA MEDAN,kabkota,2017,9.11,204.22
Sumatera Utara,KOTA MEDAN,kabkota,2018,8.25,186.45
Sumatera Utara,KOTA MEDAN,kabkota,2019,8.08,183.79
Sumatera Utara,KOTA MEDAN,kabkota,2020,8.01,183.54
Sumatera Utara,KOTA MEDAN,kabkota,2021,8.34,193.03
Sumatera Utara,KOTA MEDAN,kabkota,2022,8.07,187.74
Sumatera Utara,KOTA MEDAN,kabkota,2023,8.0,187.28
Sumatera Utara,KOTA MEDAN,kabkota,2024,7.94,187.04
Sumatera Utara,KOTA MEDAN,kabkota,2025,7.25,171.6
Sumatera Utara,KOTA PADANGSIDIMPUAN,kabkota,2004,13.65,20.6
Sumatera Utara,KOTA PADANGSIDIMPUAN,kabkota,2005,11.35,20.5
Sumatera Utara,KOTA PADANGSIDIMPUAN,kabkota,2006,13.18,23.9
Sumatera Utara,KOTA PADANGSIDIMPUAN,kabkota,2007,10.92,20.0
Sumatera Utara,KOTA PADANGSIDIMPUAN,kabkota,2008,11.61,21.7
Sumatera Utara,KOTA PADANGSIDIMPUAN,kabkota,2009,9.77,18.5
Sumatera Utara,KOTA PADANGSIDIMPUAN,kabkota,2010,10.53,20.3
Sumatera Utara,KOTA PADANGSIDIMPUAN,kabkota,2011,10.08,19.5
Sumatera Utara,KOTA PADANGSIDIMPUAN,kabkota,2012,9.6,19.2
Sumatera Utara,KOTA PADANGSIDIMPUAN,kabkota,2013,9.04,18.4
Sumatera Utara,KOTA PADANGSIDIMPUAN,kabkota,2014,8.52,17.7
Sumatera Utara,KOTA PADANGSIDIMPUAN,kabkota,2015,8.77,18.36
Sumatera Utara,KOTA PADANGSIDIMPUAN,kabkota,2016,8.32,17.65
Sumatera Utara,KOTA PADANGSIDIMPUAN,kabkota,2017,8.25,17.76
Sumatera Utara,KOTA PADANGSIDIMPUAN,kabkota,2018,7.69,16.79
Sumatera Utara,KOTA PADANGSIDIMPUAN,kabkota,2019,7.26,16.06
Sumatera Utara,KOTA PADANGSIDIMPUAN,kabkota,2020,7.4,16.56
Sumatera Utara,KOTA PADANGSIDIMPUAN,kabkota,2021,7.53,17.28
Sumatera Utara,KOTA PADANGSIDIMPUAN,kabkota,2022,6.89,16.03
Sumatera Utara,KOTA PADANGSIDIMPUAN,kabkota,2023,6.85,16.15
Sumatera Utara,KOTA PADANGSIDIMPUAN,kabkota,2024,6.23,14.88
Sumatera Utara,KOTA PADANGSIDIMPUAN,kabkota,2025,5.61,13.57
Sumatera Utara,KOTA PEMATANG SIANTAR,kabkota,2004,11.55,26.2
Sumatera Utara,KOTA PEMATANG SIANTAR,kabkota,2005,10.96,25.6
Sumatera Utara,KOTA PEMATANG SIANTAR,kabkota,2006,10.93,25.6
Sumatera Utara,KOTA PEMATANG SIANTAR,kabkota,2007,9.46,22.0
Sumatera Utara,KOTA PEMATANG SIANTAR,kabkota,2008,13.36,31.6
Sumatera Utara,KOTA PEMATANG SIANTAR,kabkota,2009,12.25,29.1
Sumatera Utara,KOTA PEMATANG SIANTAR,kabkota,2010,11.72,27.5
Sumatera Utara,KOTA PEMATANG SIANTAR,kabkota,2011,11.15,26.4
Sumatera Utara,KOTA PEMATANG SIANTAR,kabkota,2012,10.79,26.0
Sumatera Utara,KOTA PEMATANG SIANTAR,kabkota,2013,10.93,26.6
Sumatera Utara,KOTA PEMATANG SIANTAR,kabkota,2014,10.35,25.4
Sumatera Utara,KOTA PEMATANG SIANTAR,kabkota,2015,10.47,25.83
Sumatera Utara,KOTA PEMATANG SIANTAR,kabkota,2016,9.99,24.88
Sumatera Utara,KOTA PEMATANG SIANTAR,kabkota,2017,10.1,25.34
Sumatera Utara,KOTA PEMATANG SIANTAR,kabkota,2018,8.7,22.01
Sumatera Utara,KOTA PEMATANG SIANTAR,kabkota,2019,8.63,21.99
Sumatera Utara,KOTA PEMATANG SIANTAR,kabkota,2020,8.27,21.23
Sumatera Utara,KOTA PEMATANG SIANTAR,kabkota,2021,8.52,22.06
Sumatera Utara,KOTA PEMATANG SIANTAR,kabkota,2022,7.88,20.53
Sumatera Utara,KOTA PEMATANG SIANTAR,kabkota,2023,7.24,18.96
Sumatera Utara,KOTA PEMATANG SIANTAR,kabkota,2024,7.2,18.97
Sumatera Utara,KOTA PEMATANG SIANTAR,kabkota,2025,6.24,16.53
Sumatera Utara,KOTA SIBOLGA,kabkota,2004,9.01,7.8
Sumatera Utara,KOTA SIBOLGA,kabkota,2005,11.0,10.0
Sumatera Utara,KOTA SIBOLGA,kabkota,2006,12.44,11.3
Sumatera Utara,KOTA SIBOLGA,kabkota,2007,9.73,9.0
Sumatera Utara,KOTA SIBOLGA,kabkota,2008,17.67,16.6
Sumatera Utara,KOTA SIBOLGA,kabkota,2009,15.82,15.0
Sumatera Utara,KOTA SIBOLGA,kabkota,2010,13.9,11.7
Sumatera Utara,KOTA SIBOLGA,kabkota,2011,13.18,11.3
Sumatera Utara,KOTA SIBOLGA,kabkota,2012,13.0,11.1
Sumatera Utara,KOTA SIBOLGA,kabkota,2013,12.9,11.1
Sumatera Utara,KOTA SIBOLGA,kabkota,2014,12.26,10.6
Sumatera Utara,KOTA SIBOLGA,kabkota,2015,13.48,11.64
Sumatera Utara,KOTA SIBOLGA,kabkota,2016,13.3,11.54
Sumatera Utara,KOTA SIBOLGA,kabkota,2017,13.69,11.91
Sumatera Utara,KOTA SIBOLGA,kabkota,2018,12.38,10.81
Sumatera Utara,KOTA SIBOLGA,kabkota,2019,12.36,10.82
Sumatera Utara,KOTA SIBOLGA,kabkota,2020,11.95,10.49
Sumatera Utara,KOTA SIBOLGA,kabkota,2021,12.33,10.8
Sumatera Utara,KOTA SIBOLGA,kabkota,2022,11.47,10.05
Sumatera Utara,KOTA SIBOLGA,kabkota,2023,11.42,10.02
Sumatera Utara,KOTA SIBOLGA,kabkota,2024,11.39,9.99
Sumatera Utara,KOTA SIBOLGA,kabkota,2025,10.28,9.02
Sumatera Utara,KOTA TANJUNG BALAI,kabkota,2004,12.53,18.6
Sumatera Utara,KOTA TANJUNG BALAI,kabkota,2005,13.92,21.6
Sumatera Utara,KOTA TANJUNG BALAI,kabkota,2006,13.92,21.8
Sumatera Utara,KOTA TANJUNG BALAI,kabkota,2007,11.52,18.2
Sumatera Utara,KOTA TANJUNG BALAI,kabkota,2008,18.35,29.8
Sumatera Utara,KOTA TANJUNG BALAI,kabkota,2009,17.1,28.3
Sumatera Utara,KOTA TANJUNG BALAI,kabkota,2010,16.31,25.2
Sumatera Utara,KOTA TANJUNG BALAI,kabkota,2011,15.52,24.2
Sumatera Utara,KOTA TANJUNG BALAI,kabkota,2012,14.86,23.9
Sumatera Utara,KOTA TANJUNG BALAI,kabkota,2013,14.85,24.2
Sumatera Utara,KOTA TANJUNG BALAI,kabkota,2014,14.02,23.2
Sumatera Utara,KOTA TANJUNG BALAI,kabkota,2015,15.08,25.09
Sumatera Utara,KOTA TANJUNG BALAI,kabkota,2016,14.49,24.42
Sumatera Utara,KOTA TANJUNG BALAI,kabkota,2017,14.46,24.68
Sumatera Utara,KOTA TANJUNG BALAI,kabkota,2018,14.64,25.3
Sumatera Utara,KOTA TANJUNG BALAI,kabkota,2019,14.04,24.54
Sumatera Utara,KOTA TANJUNG BALAI,kabkota,2020,13.33,23.54
Sumatera Utara,KOTA TANJUNG BALAI,kabkota,2021,13.4,24.1
Sumatera Utara,KOTA TANJUNG BALAI,kabkota,2022,12.45,22.65
Sumatera Utara,KOTA TANJUNG BALAI,kabkota,2023,12.21,22.45
Sumatera Utara,KOTA TANJUNG BALAI,kabkota,2024,11.97,22.25
Sumatera Utara,KOTA TANJUNG BALAI,kabkota,2025,10.67,20.02
Sumatera Utara,KOTA TEBING TINGGI,kabkota,2004,10.1,13.5
Sumatera Utara,KOTA TEBING TINGGI,kabkota,2005,10.85,14.9
Sumatera Utara,KOTA TEBING TINGGI,kabkota,2006,11.17,15.3
Sumatera Utara,KOTA TEBING TINGGI,kabkota,2007,9.67,13.4
Sumatera Utara,KOTA TEBING TINGGI,kabkota,2008,16.5,23.1
Sumatera Utara,KOTA TEBING TINGGI,kabkota,2009,14.58,20.5
Sumatera Utara,KOTA TEBING TINGGI,kabkota,2010,13.04,19.0
Sumatera Utara,KOTA TEBING TINGGI,kabkota,2011,12.44,18.3
Sumatera Utara,KOTA TEBING TINGGI,kabkota,2012,11.93,18.0
Sumatera Utara,KOTA TEBING TINGGI,kabkota,2013,11.74,18.0
Sumatera Utara,KOTA TEBING TINGGI,kabkota,2014,11.08,17.2
Sumatera Utara,KOTA TEBING TINGGI,kabkota,2015,12.03,18.8
Sumatera Utara,KOTA TEBING TINGGI,kabkota,2016,11.7,18.52
Sumatera Utara,KOTA TEBING TINGGI,kabkota,2017,11.9,19.06
Sumatera Utara,KOTA TEBING TINGGI,kabkota,2018,10.27,16.64
Sumatera Utara,KOTA TEBING TINGGI,kabkota,2019,9.94,16.3
Sumatera Utara,KOTA TEBING TINGGI,kabkota,2020,9.85,16.32
Sumatera Utara,KOTA TEBING TINGGI,kabkota,2021,10.3,17.37
Sumatera Utara,KOTA TEBING TINGGI,kabkota,2022,9.59,16.34
Sumatera Utara,KOTA TEBING TINGGI,kabkota,2023,9.49,16.36
Sumatera Utara,KOTA TEBING TINGGI,kabkota,2024,8.79,15.31
Sumatera Utara,KOTA TEBING TINGGI,kabkota,2025,8.74,15.36
Sumatera Utara,LABUHAN BATU,kabkota,2004,14.16,131.3
Sumatera Utara,LABUHAN BATU,kabkota,2005,12.98,125.7
Sumatera Utara,LABUHAN BATU,kabkota,2006,14.65,144.7
Sumatera Utara,LABUHAN BATU,kabkota,2007,12.33,123.4
Sumatera Utara,LABUHAN BATU,kabkota,2008,10.76,109.7
Sumatera Utara,LABUHAN BATU,kabkota,2009,9.85,102.1
Sumatera Utara,LABUHAN BATU,kabkota,2010,10.67,44.3
Sumatera Utara,LABUHAN BATU,kabkota,2011,10.15,42.6
Sumatera Utara,LABUHAN BATU,kabkota,2012,9.61,42.1
Sumatera Utara,LABUHAN BATU,kabkota,2013,8.53,38.1
Sumatera Utara,LABUHAN BATU,kabkota,2014,8.2,37.4
Sumatera Utara,LABUHAN BATU,kabkota,2015,8.99,41.63
Sumatera Utara,LABUHAN BATU,kabkota,2016,8.95,41.94
Sumatera Utara,LABUHAN BATU,kabkota,2017,8.89,42.35
Sumatera Utara,LABUHAN BATU,kabkota,2018,8.61,41.7
Sumatera Utara,LABUHAN BATU,kabkota,2019,8.44,41.52
Sumatera Utara,LABUHAN BATU,kabkota,2020,8.44,42.17
Sumatera Utara,LABUHAN BATU,kabkota,2021,8.74,45.03
Sumatera Utara,LABUHAN BATU,kabkota,2022,8.26,43.27
Sumatera Utara,LABUHAN BATU,kabkota,2023,7.99,42.58
Sumatera Utara,LABUHAN BATU,kabkota,2024,7.84,42.45
Sumatera Utara,LABUHAN BATU,kabkota,2025,7.37,40.49
Sumatera Utara,LABUHAN BATU SELATAN,kabkota,2004,,
Sumatera Utara,LABUHAN BATU SELATAN,kabkota,2005,,
Sumatera Utara,LABUHAN BATU SELATAN,kabkota,2006,,
Sumatera Utara,LABUHAN BATU SELATAN,kabkota,2007,,
Sumatera Utara,LABUHAN BATU SELATAN,kabkota,2008,,
Sumatera Utara,LABUHAN BATU SELATAN,kabkota,2009,,
Sumatera Utara,LABUHAN BATU SELATAN,kabkota,2010,15.58,43.4
Sumatera Utara,LABUHAN BATU SELATAN,kabkota,2011,14.86,41.7
Sumatera Utara,LABUHAN BATU SELATAN,kabkota,2012,13.96,41.2
Sumatera Utara,LABUHAN BATU SELATAN,kabkota,2013,12.36,37.3
Sumatera Utara,LABUHAN BATU SELATAN,kabkota,2014,11.54,35.7
Sumatera Utara,LABUHAN BATU SELATAN,kabkota,2015,11.65,36.37
Sumatera Utara,LABUHAN BATU SELATAN,kabkota,2016,11.49,36.62
Sumatera Utara,LABUHAN BATU SELATAN,kabkota,2017,11.63,37.82
Sumatera Utara,LABUHAN BATU SELATAN,kabkota,2018,10.0,33.14
Sumatera Utara,LABUHAN BATU SELATAN,kabkota,2019,8.94,30.17
Sumatera Utara,LABUHAN BATU SELATAN,kabkota,2020,8.34,28.63
Sumatera Utara,LABUHAN BATU SELATAN,kabkota,2021,8.53,30.36
Sumatera Utara,LABUHAN BATU SELATAN,kabkota,2022,8.09,29.38
Sumatera Utara,LABUHAN BATU SELATAN,kabkota,2023,8.06,29.83
Sumatera Utara,LABUHAN BATU SELATAN,kabkota,2024,7.73,29.19
Sumatera Utara,LABUHAN BATU SELATAN,kabkota,2025,6.8,26.12
Sumatera Utara,LABUHAN BATU UTARA,kabkota,2004,,
Sumatera Utara,LABUHAN BATU UTARA,kabkota,2005,,
Sumatera Utara,LABUHAN BATU UTARA,kabkota,2006,,
Sumatera Utara,LABUHAN BATU UTARA,kabkota,2007,,
Sumatera Utara,LABUHAN BATU UTARA,kabkota,2008,,
Sumatera Utara,LABUHAN BATU UTARA,kabkota,2009,,
Sumatera Utara,LABUHAN BATU UTARA,kabkota,2010,12.32,40.9
Sumatera Utara,LABUHAN BATU UTARA,kabkota,2011,11.77,39.3
Sumatera Utara,LABUHAN BATU UTARA,kabkota,2012,11.34,38.7
Sumatera Utara,LABUHAN BATU UTARA,kabkota,2013,11.34,39.1
Sumatera Utara,LABUHAN BATU UTARA,kabkota,2014,10.71,37.3
Sumatera Utara,LABUHAN BATU UTARA,kabkota,2015,11.31,39.59
Sumatera Utara,LABUHAN BATU UTARA,kabkota,2016,10.97,38.81
Sumatera Utara,LABUHAN BATU UTARA,kabkota,2017,11.28,40.24
Sumatera Utara,LABUHAN BATU UTARA,kabkota,2018,10.12,36.45
Sumatera Utara,LABUHAN BATU UTARA,kabkota,2019,9.57,34.76
Sumatera Utara,LABUHAN BATU UTARA,kabkota,2020,9.53,34.86
Sumatera Utara,LABUHAN BATU UTARA,kabkota,2021,10.02,37.13
Sumatera Utara,LABUHAN BATU UTARA,kabkota,2022,9.09,33.91
Sumatera Utara,LABUHAN BATU UTARA,kabkota,2023,9.08,34.13
Sumatera Utara,LABUHAN BATU UTARA,kabkota,2024,8.98,34.0
Sumatera Utara,LABUHAN BATU UTARA,kabkota,2025,8.42,32.09
Sumatera Utara,LANGKAT,kabkota,2004,19.89,189.2
Sumatera Utara,LANGKAT,kabkota,2005,20.98,207.1
Sumatera Utara,LANGKAT,kabkota,2006,20.57,208.6
Sumatera Utara,LANGKAT,kabkota,2007,18.23,185.8
Sumatera Utara,LANGKAT,kabkota,2008,14.81,153.0
Sumatera Utara,LANGKAT,kabkota,2009,12.75,133.1
Sumatera Utara,LANGKAT,kabkota,2010,10.84,104.8
Sumatera Utara,LANGKAT,kabkota,2011,10.31,100.8
Sumatera Utara,LANGKAT,kabkota,2012,10.02,99.3
Sumatera Utara,LANGKAT,kabkota,2013,10.44,104.3
Sumatera Utara,LANGKAT,kabkota,2014,9.99,100.6
Sumatera Utara,LANGKAT,kabkota,2015,11.3,114.19
Sumatera Utara,LANGKAT,kabkota,2016,11.36,115.79
Sumatera Utara,LANGKAT,kabkota,2017,11.15,114.41
Sumatera Utara,LANGKAT,kabkota,2018,10.2,105.46
Sumatera Utara,LANGKAT,kabkota,2019,9.91,103.08
Sumatera Utara,LANGKAT,kabkota,2020,9.73,101.87
Sumatera Utara,LANGKAT,kabkota,2021,10.12,106.59
Sumatera Utara,LANGKAT,kabkota,2022,9.49,100.45
Sumatera Utara,LANGKAT,kabkota,2023,9.23,98.16
Sumatera Utara,LANGKAT,kabkota,2024,9.04,96.54
Sumatera Utara,LANGKAT,kabkota,2025,8.42,90.28
Sumatera Utara,MANDAILING NATAL,kabkota,2004,21.31,80.2
Sumatera Utara,MANDAILING NATAL,kabkota,2005,21.5,84.5
Sumatera Utara,MANDAILING NATAL,kabkota,2006,20.58,85.1
Sumatera Utara,MANDAILING NATAL,kabkota,2007,18.74,77.4
Sumatera Utara,MANDAILING NATAL,kabkota,2008,14.46,60.7
Sumatera Utara,MANDAILING NATAL,kabkota,2009,13.02,55.2
Sumatera Utara,MANDAILING NATAL,kabkota,2010,12.6,51.0
Sumatera Utara,MANDAILING NATAL,kabkota,2011,11.98,49.1
Sumatera Utara,MANDAILING NATAL,kabkota,2012,11.58,48.4
Sumatera Utara,MANDAILING NATAL,kabkota,2013,9.62,40.7
Sumatera Utara,MANDAILING NATAL,kabkota,2014,9.28,39.7
Sumatera Utara,MANDAILING NATAL,kabkota,2015,11.13,47.79
Sumatera Utara,MANDAILING NATAL,kabkota,2016,10.98,47.67
Sumatera Utara,MANDAILING NATAL,kabkota,2017,11.02,48.3
Sumatera Utara,MANDAILING NATAL,kabkota,2018,9.58,42.39
Sumatera Utara,MANDAILING NATAL,kabkota,2019,9.11,40.64
Sumatera Utara,MANDAILING NATAL,kabkota,2020,9.18,41.31
Sumatera Utara,MANDAILING NATAL,kabkota,2021,9.49,43.24
Sumatera Utara,MANDAILING NATAL,kabkota,2022,8.92,40.98
Sumatera Utara,MANDAILING NATAL,kabkota,2023,8.86,41.04
Sumatera Utara,MANDAILING NATAL,kabkota,2024,8.69,40.56
Sumatera Utara,MANDAILING NATAL,kabkota,2025,7.91,37.16
Sumatera Utara,NIAS,kabkota,2004,31.58,135.8
Sumatera Utara,NIAS,kabkota,2005,30.8,138.4
Sumatera Utara,NIAS,kabkota,2006,31.53,139.4
Sumatera Utara,NIAS,kabkota,2007,31.75,139.3
Sumatera Utara,NIAS,kabkota,2008,25.19,110.6
Sumatera Utara,NIAS,kabkota,2009,22.57,98.9
Sumatera Utara,NIAS,kabkota,2010,19.97,26.4
Sumatera Utara,NIAS,kabkota,2011,19.11,25.4
Sumatera Utara,NIAS,kabkota,2012,18.67,25.0
Sumatera Utara,NIAS,kabkota,2013,17.28,23.3
Sumatera Utara,NIAS,kabkota,2014,16.39,22.2
Sumatera Utara,NIAS,kabkota,2015,18.05,24.53
Sumatera Utara,NIAS,kabkota,2016,17.64,24.11
Sumatera Utara,NIAS,kabkota,2017,18.11,24.88
Sumatera Utara,NIAS,kabkota,2018,16.37,22.61
Sumatera Utara,NIAS,kabkota,2019,15.94,22.1
Sumatera Utara,NIAS,kabkota,2020,16.6,23.12
Sumatera Utara,NIAS,kabkota,2021,16.82,24.33
Sumatera Utara,NIAS,kabkota,2022,16.0,23.23
Sumatera Utara,NIAS,kabkota,2023,15.1,21.99
Sumatera Utara,NIAS,kabkota,2024,14.89,21.74
Sumatera Utara,NIAS,kabkota,2025,14.51,21.23
Sumatera Utara,NIAS BARAT,kabkota,2004,,
Sumatera Utara,NIAS BARAT,kabkota,2005,,
Sumatera Utara,NIAS BARAT,kabkota,2006,,
Sumatera Utara,NIAS BARAT,kabkota,2007,,
Sumatera Utara,NIAS BARAT,kabkota,2008,,
Sumatera Utara,NIAS BARAT,kabkota,2009,,
Sumatera Utara,NIAS BARAT,kabkota,2010,30.89,25.2
Sumatera Utara,NIAS BARAT,kabkota,2011,29.32,24.2
Sumatera Utara,NIAS BARAT,kabkota,2012,28.57,23.8
Sumatera Utara,NIAS BARAT,kabkota,2013,29.65,24.9
Sumatera Utara,NIAS BARAT,kabkota,2014,28.1,23.8
Sumatera Utara,NIAS BARAT,kabkota,2015,29.96,25.41
Sumatera Utara,NIAS BARAT,kabkota,2016,28.36,24.16
Sumatera Utara,NIAS BARAT,kabkota,2017,27.23,23.33
Sumatera Utara,NIAS BARAT,kabkota,2018,26.72,23.0
Sumatera Utara,NIAS BARAT,kabkota,2019,25.51,22.08
Sumatera Utara,NIAS BARAT,kabkota,2020,25.69,22.33
Sumatera Utara,NIAS BARAT,kabkota,2021,26.42,21.75
Sumatera Utara,NIAS BARAT,kabkota,2022,24.75,20.42
Sumatera Utara,NIAS BARAT,kabkota,2023,22.81,18.86
Sumatera Utara,NIAS BARAT,kabkota,2024,22.68,18.78
Sumatera Utara,NIAS BARAT,kabkota,2025,22.47,18.64
Sumatera Utara,NIAS SELATAN,kabkota,2004,32.15,90.2
Sumatera Utara,NIAS SELATAN,kabkota,2005,34.84,95.7
Sumatera Utara,NIAS SELATAN,kabkota,2006,35.89,97.2
Sumatera Utara,NIAS SELATAN,kabkota,2007,33.84,91.1
Sumatera Utara,NIAS SELATAN,kabkota,2008,24.36,65.8
Sumatera Utara,NIAS SELATAN,kabkota,2009,22.19,59.9
Sumatera Utara,NIAS SELATAN,kabkota,2010,20.72,60.1
Sumatera Utara,NIAS SELATAN,kabkota,2011,19.71,57.8
Sumatera Utara,NIAS SELATAN,kabkota,2012,19.05,56.9
Sumatera Utara,NIAS SELATAN,kabkota,2013,18.83,57.0
Sumatera Utara,NIAS SELATAN,kabkota,2014,17.81,54.5
Sumatera Utara,NIAS SELATAN,kabkota,2015,19.05,58.97
Sumatera Utara,NIAS SELATAN,kabkota,2016,18.6,57.75
Sumatera Utara,NIAS SELATAN,kabkota,2017,18.48,57.95
Sumatera Utara,NIAS SELATAN,kabkota,2018,16.65,52.7
Sumatera Utara,NIAS SELATAN,kabkota,2019,16.45,52.51
Sumatera Utara,NIAS SELATAN,kabkota,2020,16.74,53.88
Sumatera Utara,NIAS SELATAN,kabkota,2021,16.92,55.16
Sumatera Utara,NIAS SELATAN,kabkota,2022,16.48,54.16
Sumatera Utara,NIAS SELATAN,kabkota,2023,16.39,54.29
Sumatera Utara,NIAS SELATAN,kabkota,2024,16.32,54.48
Sumatera Utara,NIAS SELATAN,kabkota,2025,16.16,54.29
Sumatera Utara,NIAS UTARA,kabkota,2004,,
Sumatera Utara,NIAS UTARA,kabkota,2005,,
Sumatera Utara,NIAS UTARA,kabkota,2006,,
Sumatera Utara,NIAS UTARA,kabkota,2007,,
Sumatera Utara,NIAS UTARA,kabkota,2008,,
Sumatera Utara,NIAS UTARA,kabkota,2009,,
Sumatera Utara,NIAS UTARA,kabkota,2010,31.9,40.7
Sumatera Utara,NIAS UTARA,kabkota,2011,30.44,39.1
Sumatera Utara,NIAS UTARA,kabkota,2012,29.5,38.5
Sumatera Utara,NIAS UTARA,kabkota,2013,30.94,40.8
Sumatera Utara,NIAS UTARA,kabkota,2014,29.28,38.9
Sumatera Utara,NIAS UTARA,kabkota,2015,32.62,43.74
Sumatera Utara,NIAS UTARA,kabkota,2016,30.92,41.66
Sumatera Utara,NIAS UTARA,kabkota,2017,29.06,39.47
Sumatera Utara,NIAS UTARA,kabkota,2018,26.56,36.33
Sumatera Utara,NIAS UTARA,kabkota,2019,24.99,34.42
Sumatera Utara,NIAS UTARA,kabkota,2020,25.07,34.75
Sumatera Utara,NIAS UTARA,kabkota,2021,25.66,35.84
Sumatera Utara,NIAS UTARA,kabkota,2022,23.4,32.87
Sumatera Utara,NIAS UTARA,kabkota,2023,21.79,30.78
Sumatera Utara,NIAS UTARA,kabkota,2024,21.5,30.53
Sumatera Utara,NIAS UTARA,kabkota,2025,20.79,29.65
Sumatera Utara,PADANG LAWAS,kabkota,2004,,
Sumatera Utara,PADANG LAWAS,kabkota,2005,,
Sumatera Utara,PADANG LAWAS,kabkota,2006,,
Sumatera Utara,PADANG LAWAS,kabkota,2007,,
Sumatera Utara,PADANG LAWAS,kabkota,2008,,
Sumatera Utara,PADANG LAWAS,kabkota,2009,11.9,21.9
Sumatera Utara,PADANG LAWAS,kabkota,2010,11.13,25.0
Sumatera Utara,PADANG LAWAS,kabkota,2011,10.56,24.0
Sumatera Utara,PADANG LAWAS,kabkota,2012,9.8,23.6
Sumatera Utara,PADANG LAWAS,kabkota,2013,8.59,21.2
Sumatera Utara,PADANG LAWAS,kabkota,2014,8.03,20.3
Sumatera Utara,PADANG LAWAS,kabkota,2015,8.73,22.38
Sumatera Utara,PADANG LAWAS,kabkota,2016,8.69,22.8
Sumatera Utara,PADANG LAWAS,kabkota,2017,9.1,24.42
Sumatera Utara,PADANG LAWAS,kabkota,2018,8.41,23.05
Sumatera Utara,PADANG LAWAS,kabkota,2019,8.28,23.17
Sumatera Utara,PADANG LAWAS,kabkota,2020,8.37,23.87
Sumatera Utara,PADANG LAWAS,kabkota,2021,8.69,25.78
Sumatera Utara,PADANG LAWAS,kabkota,2022,8.05,24.45
Sumatera Utara,PADANG LAWAS,kabkota,2023,7.89,24.51
Sumatera Utara,PADANG LAWAS,kabkota,2024,7.87,24.96
Sumatera Utara,PADANG LAWAS,kabkota,2025,7.32,23.69
Sumatera Utara,PADANG LAWAS UTARA,kabkota,2004,,
Sumatera Utara,PADANG LAWAS UTARA,kabkota,2005,,
Sumatera Utara,PADANG LAWAS UTARA,kabkota,2006,,
Sumatera Utara,PADANG LAWAS UTARA,kabkota,2007,,
Sumatera Utara,PADANG LAWAS UTARA,kabkota,2008,,
Sumatera Utara,PADANG LAWAS UTARA,kabkota,2009,11.83,22.7
Sumatera Utara,PADANG LAWAS UTARA,kabkota,2010,11.19,25.0
Sumatera Utara,PADANG LAWAS UTARA,kabkota,2011,10.64,24.0
Sumatera Utara,PADANG LAWAS UTARA,kabkota,2012,9.98,23.7
Sumatera Utara,PADANG LAWAS UTARA,kabkota,2013,10.28,25.0
Sumatera Utara,PADANG LAWAS UTARA,kabkota,2014,9.6,23.9
Sumatera Utara,PADANG LAWAS UTARA,kabkota,2015,10.97,27.67
Sumatera Utara,PADANG LAWAS UTARA,kabkota,2016,10.87,27.88
Sumatera Utara,PADANG LAWAS UTARA,kabkota,2017,10.7,27.98
Sumatera Utara,PADANG LAWAS UTARA,kabkota,2018,10.06,26.82
Sumatera Utara,PADANG LAWAS UTARA,kabkota,2019,9.6,26.06
Sumatera Utara,PADANG LAWAS UTARA,kabkota,2020,9.7,26.79
Sumatera Utara,PADANG LAWAS UTARA,kabkota,2021,9.92,28.37
Sumatera Utara,PADANG LAWAS UTARA,kabkota,2022,8.94,26.09
Sumatera Utara,PADANG LAWAS UTARA,kabkota,2023,8.79,26.17
Sumatera Utara,PADANG LAWAS UTARA,kabkota,2024,8.97,27.21
Sumatera Utara,PADANG LAWAS UTARA,kabkota,2025,8.04,24.8
Sumatera Utara,PAKPAK BHARAT,kabkota,2004,22.62,7.7
Sumatera Utara,PAKPAK BHARAT,kabkota,2005,25.18,9.1
Sumatera Utara,PAKPAK BHARAT,kabkota,2006,26.97,9.2
Sumatera Utara,PAKPAK BHARAT,kabkota,2007,22.42,8.6
Sumatera Utara,PAKPAK BHARAT,kabkota,2008,15.02,6.1
Sumatera Utara,PAKPAK BHARAT,kabkota,2009,13.99,5.9
Sumatera Utara,PAKPAK BHARAT,kabkota,2010,13.78,5.6
Sumatera Utara,PAKPAK BHARAT,kabkota,2011,13.16,5.4
Sumatera Utara,PAKPAK BHARAT,kabkota,2012,12.4,5.3
Sumatera Utara,PAKPAK BHARAT,kabkota,2013,11.28,4.9
Sumatera Utara,PAKPAK BHARAT,kabkota,2014,10.55,4.7
Sumatera Utara,PAKPAK BHARAT,kabkota,2015,11.26,5.12
Sumatera Utara,PAKPAK BHARAT,kabkota,2016,10.72,4.95
Sumatera Utara,PAKPAK BHARAT,kabkota,2017,10.53,4.95
Sumatera Utara,PAKPAK BHARAT,kabkota,2018,9.74,4.66
Sumatera Utara,PAKPAK BHARAT,kabkota,2019,9.27,4.52
Sumatera Utara,PAKPAK BHARAT,kabkota,2020,9.28,4.59
Sumatera Utara,PAKPAK BHARAT,kabkota,2021,9.35,4.79
Sumatera Utara,PAKPAK BHARAT,kabkota,2022,8.66,4.52
Sumatera Utara,PAKPAK BHARAT,kabkota,2023,7.54,4.01
Sumatera Utara,PAKPAK BHARAT,kabkota,2024,6.87,3.73
Sumatera Utara,PAKPAK BHARAT,kabkota,2025,6.4,3.53
Sumatera Utara,SAMOSIR,kabkota,2004,,
Sumatera Utara,SAMOSIR,kabkota,2005,23.13,30.9
Sumatera Utara,SAMOSIR,kabkota,2006,23.87,31.2
Sumatera Utara,SAMOSIR,kabkota,2007,27.76,36.1
Sumatera Utara,SAMOSIR,kabkota,2008,18.76,24.4
Sumatera Utara,SAMOSIR,kabkota,2009,17.55,22.8
Sumatera Utara,SAMOSIR,kabkota,2010,16.5,19.7
Sumatera Utara,SAMOSIR,kabkota,2011,15.67,18.9
Sumatera Utara,SAMOSIR,kabkota,2012,15.17,18.5
Sumatera Utara,SAMOSIR,kabkota,2013,14.01,17.2
Sumatera Utara,SAMOSIR,kabkota,2014,13.2,16.3
Sumatera Utara,SAMOSIR,kabkota,2015,14.11,17.64
Sumatera Utara,SAMOSIR,kabkota,2016,14.4,18.01
Sumatera Utara,SAMOSIR,kabkota,2017,14.72,18.43
Sumatera Utara,SAMOSIR,kabkota,2018,13.38,16.81
Sumatera Utara,SAMOSIR,kabkota,2019,12.52,15.79
Sumatera Utara,SAMOSIR,kabkota,2020,12.48,15.8
Sumatera Utara,SAMOSIR,kabkota,2021,12.68,16.08
Sumatera Utara,SAMOSIR,kabkota,2022,11.77,14.97
Sumatera Utara,SAMOSIR,kabkota,2023,11.66,14.86
Sumatera Utara,SAMOSIR,kabkota,2024,11.63,14.85
Sumatera Utara,SAMOSIR,kabkota,2025,10.79,13.8
Sumatera Utara,SERDANG BEDAGAI,kabkota,2004,,
Sumatera Utara,SERDANG BEDAGAI,kabkota,2005,10.53,63.0
Sumatera Utara,SERDANG BEDAGAI,kabkota,2006,12.05,72.8
Sumatera Utara,SERDANG BEDAGAI,kabkota,2007,11.84,72.6
Sumatera Utara,SERDANG BEDAGAI,kabkota,2008,10.61,66.3
Sumatera Utara,SERDANG BEDAGAI,kabkota,2009,9.51,60.4
Sumatera Utara,SERDANG BEDAGAI,kabkota,2010,10.59,62.9
Sumatera Utara,SERDANG BEDAGAI,kabkota,2011,10.07,60.5
Sumatera Utara,SERDANG BEDAGAI,kabkota,2012,9.89,59.5
Sumatera Utara,SERDANG BEDAGAI,kabkota,2013,9.35,56.6
Sumatera Utara,SERDANG BEDAGAI,kabkota,2014,8.98,54.5
Sumatera Utara,SERDANG BEDAGAI,kabkota,2015,9.59,58.3
Sumatera Utara,SERDANG BEDAGAI,kabkota,2016,9.53,58.17
Sumatera Utara,SERDANG BEDAGAI,kabkota,2017,9.3,56.93
Sumatera Utara,SERDANG BEDAGAI,kabkota,2018,8.22,50.49
Sumatera Utara,SERDANG BEDAGAI,kabkota,2019,7.9,48.69
Sumatera Utara,SERDANG BEDAGAI,kabkota,2020,7.97,49.18
Sumatera Utara,SERDANG BEDAGAI,kabkota,2021,8.3,51.16
Sumatera Utara,SERDANG BEDAGAI,kabkota,2022,7.82,48.22
Sumatera Utara,SERDANG BEDAGAI,kabkota,2023,7.44,45.88
Sumatera Utara,SERDANG BEDAGAI,kabkota,2024,6.97,43.0
Sumatera Utara,SERDANG BEDAGAI,kabkota,2025,6.18,38.14
Sumatera Utara,SIMALUNGUN,kabkota,2004,17.94,146.3
Sumatera Utara,SIMALUNGUN,kabkota,2005,17.09,143.6
Sumatera Utara,SIMALUNGUN,kabkota,2006,17.2,144.7
Sumatera Utara,SIMALUNGUN,kabkota,2007,14.84,124.4
Sumatera Utara,SIMALUNGUN,kabkota,2008,14.75,124.6
Sumatera Utara,SIMALUNGUN,kabkota,2009,12.67,107.5
Sumatera Utara,SIMALUNGUN,kabkota,2010,10.73,87.7
Sumatera Utara,SIMALUNGUN,kabkota,2011,10.21,84.4
Sumatera Utara,SIMALUNGUN,kabkota,2012,9.97,83.1
Sumatera Utara,SIMALUNGUN,kabkota,2013,10.45,87.7
Sumatera Utara,SIMALUNGUN,kabkota,2014,10.2,86.2
Sumatera Utara,SIMALUNGUN,kabkota,2015,10.96,92.89
Sumatera Utara,SIMALUNGUN,kabkota,2016,10.81,92.19
Sumatera Utara,SIMALUNGUN,kabkota,2017,10.65,91.35
Sumatera Utara,SIMALUNGUN,kabkota,2018,9.31,80.3
Sumatera Utara,SIMALUNGUN,kabkota,2019,8.81,76.33
Sumatera Utara,SIMALUNGUN,kabkota,2020,8.46,73.64
Sumatera Utara,SIMALUNGUN,kabkota,2021,8.81,76.99
Sumatera Utara,SIMALUNGUN,kabkota,2022,8.26,72.47
Sumatera Utara,SIMALUNGUN,kabkota,2023,7.87,69.21
Sumatera Utara,SIMALUNGUN,kabkota,2024,7.72,68.05
Sumatera Utara,SIMALUNGUN,kabkota,2025,6.91,61.12
Sumatera Utara,Sumatera Utara,provinsi,2004,14.93,
Sumatera Utara,Sumatera Utara,provinsi,2005,14.68,
Sumatera Utara,Sumatera Utara,provinsi,2006,15.01,
Sumatera Utara,Sumatera Utara,provinsi,2007,13.9,
Sumatera Utara,Sumatera Utara,provinsi,2008,12.47,
Sumatera Utara,Sumatera Utara,provinsi,2009,11.27,
Sumatera Utara,Sumatera Utara,provinsi,2010,11.36,
Sumatera Utara,Sumatera Utara,provinsi,2011,10.83,
Sumatera Utara,Sumatera Utara,provinsi,2012,10.41,
Sumatera Utara,Sumatera Utara,provinsi,2013,10.39,
Sumatera Utara,Sumatera Utara,provinsi,2014,9.85,
Sumatera Utara,Sumatera Utara,provinsi,2015,10.53,
Sumatera Utara,Sumatera Utara,provinsi,2016,10.35,
Sumatera Utara,Sumatera Utara,provinsi,2017,10.22,1453.87
Sumatera Utara,Sumatera Utara,provinsi,2018,9.22,1324.98
Sumatera Utara,Sumatera Utara,provinsi,2019,8.83,1282.04
Sumatera Utara,Sumatera Utara,provinsi,2020,8.75,1283.29
Sumatera Utara,Sumatera Utara,provinsi,2021,9.01,1343.86
Sumatera Utara,Sumatera Utara,provinsi,2022,8.42,1268.19
Sumatera Utara,Sumatera Utara,provinsi,2023,8.15,1239.71
Sumatera Utara,Sumatera Utara,provinsi,2024,7.99,1228.01
Sumatera Utara,Sumatera Utara,provinsi,2025,7.36,1140.25
Sumatera Utara,TAPANULI SELATAN,kabkota,2004,22.08,138.3
Sumatera Utara,TAPANULI SELATAN,kabkota,2005,20.41,131.5
Sumatera Utara,TAPANULI SELATAN,kabkota,2006,21.05,132.4
Sumatera Utara,TAPANULI SELATAN,kabkota,2007,20.33,128.4
Sumatera Utara,TAPANULI SELATAN,kabkota,2008,13.77,87.6
Sumatera Utara,TAPANULI SELATAN,kabkota,2009,12.67,33.2
Sumatera Utara,TAPANULI SELATAN,kabkota,2010,11.96,31.6
Sumatera Utara,TAPANULI SELATAN,kabkota,2011,11.4,30.4
Sumatera Utara,TAPANULI SELATAN,kabkota,2012,11.1,29.9
Sumatera Utara,TAPANULI SELATAN,kabkota,2013,11.33,30.8
Sumatera Utara,TAPANULI SELATAN,kabkota,2014,10.74,29.4
Sumatera Utara,TAPANULI SELATAN,kabkota,2015,11.37,31.2
Sumatera Utara,TAPANULI SELATAN,kabkota,2016,11.15,30.84
Sumatera Utara,TAPANULI SELATAN,kabkota,2017,10.6,29.48
Sumatera Utara,TAPANULI SELATAN,kabkota,2018,9.16,25.63
Sumatera Utara,TAPANULI SELATAN,kabkota,2019,8.6,24.22
Sumatera Utara,TAPANULI SELATAN,kabkota,2020,8.47,23.96
Sumatera Utara,TAPANULI SELATAN,kabkota,2021,8.8,25.01
Sumatera Utara,TAPANULI SELATAN,kabkota,2022,8.07,23.05
Sumatera Utara,TAPANULI SELATAN,kabkota,2023,7.01,20.09
Sumatera Utara,TAPANULI SELATAN,kabkota,2024,6.92,19.9
Sumatera Utara,TAPANULI SELATAN,kabkota,2025,6.16,17.77
Sumatera Utara,TAPANULI TENGAH,kabkota,2004,31.47,87.1
Sumatera Utara,TAPANULI TENGAH,kabkota,2005,30.16,87.1
Sumatera Utara,TAPANULI TENGAH,kabkota,2006,29.44,87.7
Sumatera Utara,TAPANULI TENGAH,kabkota,2007,27.47,83.1
Sumatera Utara,TAPANULI TENGAH,kabkota,2008,19.35,60.4
Sumatera Utara,TAPANULI TENGAH,kabkota,2009,17.83,57.0
Sumatera Utara,TAPANULI TENGAH,kabkota,2010,16.73,52.2
Sumatera Utara,TAPANULI TENGAH,kabkota,2011,15.96,50.2
Sumatera Utara,TAPANULI TENGAH,kabkota,2012,15.03,49.6
Sumatera Utara,TAPANULI TENGAH,kabkota,2013,15.41,52.0
Sumatera Utara,TAPANULI TENGAH,kabkota,2014,14.47,49.9
Sumatera Utara,TAPANULI TENGAH,kabkota,2015,15.0,52.2
Sumatera Utara,TAPANULI TENGAH,kabkota,2016,14.58,51.77
Sumatera Utara,TAPANULI TENGAH,kabkota,2017,14.66,53.05
Sumatera Utara,TAPANULI TENGAH,kabkota,2018,13.17,48.53
Sumatera Utara,TAPANULI TENGAH,kabkota,2019,12.53,46.99
Sumatera Utara,TAPANULI TENGAH,kabkota,2020,12.38,47.19
Sumatera Utara,TAPANULI TENGAH,kabkota,2021,12.67,49.95
Sumatera Utara,TAPANULI TENGAH,kabkota,2022,11.71,47.07
Sumatera Utara,TAPANULI TENGAH,kabkota,2023,11.5,47.09
Sumatera Utara,TAPANULI TENGAH,kabkota,2024,11.8,49.21
Sumatera Utara,TAPANULI TENGAH,kabkota,2025,11.03,46.79
Sumatera Utara,TAPANULI UTARA,kabkota,2004,19.16,48.9
Sumatera Utara,TAPANULI UTARA,kabkota,2005,21.8,56.9
Sumatera Utara,TAPANULI UTARA,kabkota,2006,22.36,57.4
Sumatera Utara,TAPANULI UTARA,kabkota,2007,20.06,52.4
Sumatera Utara,TAPANULI UTARA,kabkota,2008,14.15,37.5
Sumatera Utara,TAPANULI UTARA,kabkota,2009,13.1,35.1
Sumatera Utara,TAPANULI UTARA,kabkota,2010,12.49,34.9
Sumatera Utara,TAPANULI UTARA,kabkota,2011,11.89,33.6
Sumatera Utara,TAPANULI UTARA,kabkota,2012,11.55,33.1
Sumatera Utara,TAPANULI UTARA,kabkota,2013,11.68,33.8
Sumatera Utara,TAPANULI UTARA,kabkota,2014,11.06,32.2
Sumatera Utara,TAPANULI UTARA,kabkota,2015,11.41,33.37
Sumatera Utara,TAPANULI UTARA,kabkota,2016,11.25,33.2
Sumatera Utara,TAPANULI UTARA,kabkota,2017,11.35,33.75
Sumatera Utara,TAPANULI UTARA,kabkota,2018,9.75,29.2
Sumatera Utara,TAPANULI UTARA,kabkota,2019,9.48,28.57
Sumatera Utara,TAPANULI UTARA,kabkota,2020,9.37,28.41
Sumatera Utara,TAPANULI UTARA,kabkota,2021,9.72,29.72
Sumatera Utara,TAPANULI UTARA,kabkota,2022,8.93,27.47
Sumatera Utara,TAPANULI UTARA,kabkota,2023,8.54,26.39
Sumatera Utara,TAPANULI UTARA,kabkota,2024,8.21,25.51
Sumatera Utara,TAPANULI UTARA,kabkota,2025,7.47,23.29
Sumatera Utara,TOBA SAMOSIR,kabkota,2004,20.37,58.4
Sumatera Utara,TOBA SAMOSIR,kabkota,2005,18.99,30.8
Sumatera Utara,TOBA SAMOSIR,kabkota,2006,16.87,28.5
Sumatera Utara,TOBA SAMOSIR,kabkota,2007,15.28,25.6
Sumatera Utara,TOBA SAMOSIR,kabkota,2008,11.62,19.8
Sumatera Utara,TOBA SAMOSIR,kabkota,2009,10.07,17.3
Sumatera Utara,TOBA SAMOSIR,kabkota,2010,10.15,17.6
Sumatera Utara,TOBA SAMOSIR,kabkota,2011,9.67,16.9
Sumatera Utara,TOBA SAMOSIR,kabkota,2012,9.43,16.6
Sumatera Utara,TOBA SAMOSIR,kabkota,2013,9.54,17.0
Sumatera Utara,TOBA SAMOSIR,kabkota,2014,9.23,16.5
Sumatera Utara,TOBA SAMOSIR,kabkota,2015,10.21,18.31
Sumatera Utara,TOBA SAMOSIR,kabkota,2016,10.08,18.2
Sumatera Utara,TOBA SAMOSIR,kabkota,2017,10.19,18.49
Sumatera Utara,TOBA SAMOSIR,kabkota,2018,8.67,15.82
Sumatera Utara,TOBA SAMOSIR,kabkota,2019,8.6,15.78
Sumatera Utara,TOBA SAMOSIR,kabkota,2020,8.71,16.05
Sumatera Utara,TOBA SAMOSIR,kabkota,2021,8.99,16.61
Sumatera Utara,TOBA SAMOSIR,kabkota,2022,8.89,16.48
Sumatera Utara,TOBA SAMOSIR,kabkota,2023,8.04,14.94
Sumatera Utara,TOBA SAMOSIR,kabkota,2024,8.07,15.03
Sumatera Utara,TOBA SAMOSIR,kabkota,2025,7.21,13.46
